seed,sampling_method,board_size,k,num_steps,skill_level,dirichlet_alpha,model_A,model_B,return_A,return_B
6,epsilon,9,32,256,0.6,1.0,az_good.ckpt,az_good.ckpt,194,15
9,epsilon,9,32,256,0.95,1.0,az_good.ckpt,az_good.ckpt,25,13
22,epsilon,9,32,256,0.75,1.0,az_good.ckpt,az_good.ckpt,101,16
6,epsilon,9,32,256,0.7,1.0,az_good.ckpt,az_good.ckpt,163,13
15,epsilon,9,32,256,1.0,1.0,az_good.ckpt,az_good.ckpt,11,5
18,epsilon,9,32,256,0.65,1.0,az_good.ckpt,az_good.ckpt,150,6
14,epsilon,9,32,256,0.6,1.0,az_good.ckpt,az_good.ckpt,150,21
25,epsilon,9,32,256,0.05,1.0,az_good.ckpt,az_good.ckpt,230,3
18,epsilon,9,32,256,0.15,1.0,az_good.ckpt,az_good.ckpt,242,5
9,epsilon,9,32,256,0.35,1.0,az_good.ckpt,az_good.ckpt,215,11
22,epsilon,9,32,256,0.4,1.0,az_good.ckpt,az_good.ckpt,214,9
23,epsilon,9,32,256,0.0,1.0,az_good.ckpt,az_good.ckpt,230,0
28,epsilon,9,32,256,0.5,1.0,az_good.ckpt,az_good.ckpt,221,10
20,epsilon,9,32,256,0.85,1.0,az_good.ckpt,az_good.ckpt,114,17
2,epsilon,9,32,256,0.65,1.0,az_good.ckpt,az_good.ckpt,155,5
14,epsilon,9,32,256,0.7,1.0,az_good.ckpt,az_good.ckpt,46,13
20,epsilon,9,32,256,0.3,1.0,az_good.ckpt,az_good.ckpt,244,7
8,epsilon,9,32,256,0.0,1.0,az_good.ckpt,az_good.ckpt,244,0
25,epsilon,9,32,256,0.6,1.0,az_good.ckpt,az_good.ckpt,187,16
23,epsilon,9,32,256,0.75,1.0,az_good.ckpt,az_good.ckpt,124,21
28,epsilon,9,32,256,0.35,1.0,az_good.ckpt,az_good.ckpt,177,9
11,epsilon,9,32,256,0.45,1.0,az_good.ckpt,az_good.ckpt,154,6
17,epsilon,9,32,256,0.6,1.0,az_good.ckpt,az_good.ckpt,200,14
20,epsilon,9,32,256,0.6,1.0,az_good.ckpt,az_good.ckpt,209,9
8,epsilon,9,32,256,0.85,1.0,az_good.ckpt,az_good.ckpt,24,3
9,epsilon,9,32,256,0.7,1.0,az_good.ckpt,az_good.ckpt,153,17
29,epsilon,9,32,256,1.0,1.0,az_good.ckpt,az_good.ckpt,2,3
13,epsilon,9,32,256,0.3,1.0,az_good.ckpt,az_good.ckpt,169,4
15,epsilon,9,32,256,0.4,1.0,az_good.ckpt,az_good.ckpt,215,7
21,epsilon,9,32,256,0.55,1.0,az_good.ckpt,az_good.ckpt,128,3
22,epsilon,9,32,256,0.25,1.0,az_good.ckpt,az_good.ckpt,219,0
5,epsilon,9,32,256,0.75,1.0,az_good.ckpt,az_good.ckpt,86,28
9,epsilon,9,32,256,0.4,1.0,az_good.ckpt,az_good.ckpt,158,5
3,epsilon,9,32,256,0.7,1.0,az_good.ckpt,az_good.ckpt,182,15
15,epsilon,9,32,256,0.65,1.0,az_good.ckpt,az_good.ckpt,130,19
3,epsilon,9,32,256,0.55,1.0,az_good.ckpt,az_good.ckpt,190,7
30,epsilon,9,32,256,0.6,1.0,az_good.ckpt,az_good.ckpt,191,12
16,epsilon,9,32,256,0.05,1.0,az_good.ckpt,az_good.ckpt,244,3
24,epsilon,9,32,256,0.4,1.0,az_good.ckpt,az_good.ckpt,185,10
7,epsilon,9,32,256,0.0,1.0,az_good.ckpt,az_good.ckpt,235,2
8,epsilon,9,32,256,0.6,1.0,az_good.ckpt,az_good.ckpt,204,12
17,epsilon,9,32,256,0.3,1.0,az_good.ckpt,az_good.ckpt,233,7
16,epsilon,9,32,256,1.0,1.0,az_good.ckpt,az_good.ckpt,7,6
3,epsilon,9,32,256,0.6,1.0,az_good.ckpt,az_good.ckpt,175,17
20,epsilon,9,32,256,0.0,1.0,az_good.ckpt,az_good.ckpt,219,2
6,epsilon,9,32,256,0.05,1.0,az_good.ckpt,az_good.ckpt,242,1
16,epsilon,9,32,256,0.6,1.0,az_good.ckpt,az_good.ckpt,153,6
4,epsilon,9,32,256,0.45,1.0,az_good.ckpt,az_good.ckpt,193,11
8,epsilon,9,32,256,0.25,1.0,az_good.ckpt,az_good.ckpt,235,4
9,epsilon,9,32,256,0.0,1.0,az_good.ckpt,az_good.ckpt,227,1
22,epsilon,9,32,256,0.1,1.0,az_good.ckpt,az_good.ckpt,233,7
5,epsilon,9,32,256,0.25,1.0,az_good.ckpt,az_good.ckpt,237,10
28,epsilon,9,32,256,0.9,1.0,az_good.ckpt,az_good.ckpt,113,13
11,epsilon,9,32,256,1.0,1.0,az_good.ckpt,az_good.ckpt,4,2
21,epsilon,9,32,256,0.45,1.0,az_good.ckpt,az_good.ckpt,163,15
3,epsilon,9,32,256,0.4,1.0,az_good.ckpt,az_good.ckpt,193,9
27,epsilon,9,32,256,0.75,1.0,az_good.ckpt,az_good.ckpt,79,11
21,epsilon,9,32,256,0.75,1.0,az_good.ckpt,az_good.ckpt,36,11
6,epsilon,9,32,256,0.45,1.0,az_good.ckpt,az_good.ckpt,193,3
20,epsilon,9,32,256,1.0,1.0,az_good.ckpt,az_good.ckpt,0,4
27,epsilon,9,32,256,0.1,1.0,az_good.ckpt,az_good.ckpt,246,3
26,epsilon,9,32,256,0.4,1.0,az_good.ckpt,az_good.ckpt,221,11
14,epsilon,9,32,256,0.0,1.0,az_good.ckpt,az_good.ckpt,248,0
20,epsilon,9,32,256,0.8,1.0,az_good.ckpt,az_good.ckpt,140,11
2,epsilon,9,32,256,0.75,1.0,az_good.ckpt,az_good.ckpt,161,24
17,epsilon,9,32,256,0.15,1.0,az_good.ckpt,az_good.ckpt,228,7
29,epsilon,9,32,256,0.65,1.0,az_good.ckpt,az_good.ckpt,169,10
18,epsilon,9,32,256,0.1,1.0,az_good.ckpt,az_good.ckpt,243,7
27,epsilon,9,32,256,0.05,1.0,az_good.ckpt,az_good.ckpt,242,2
15,epsilon,9,32,256,0.75,1.0,az_good.ckpt,az_good.ckpt,49,11
12,epsilon,9,32,256,1.0,1.0,az_good.ckpt,az_good.ckpt,87,6
28,epsilon,9,32,256,0.8,1.0,az_good.ckpt,az_good.ckpt,77,14
25,epsilon,9,32,256,0.9,1.0,az_good.ckpt,az_good.ckpt,39,15
19,epsilon,9,32,256,0.85,1.0,az_good.ckpt,az_good.ckpt,81,21
21,epsilon,9,32,256,0.85,1.0,az_good.ckpt,az_good.ckpt,78,19
19,epsilon,9,32,256,0.5,1.0,az_good.ckpt,az_good.ckpt,151,11
18,epsilon,9,32,256,0.7,1.0,az_good.ckpt,az_good.ckpt,120,15
7,epsilon,9,32,256,0.4,1.0,az_good.ckpt,az_good.ckpt,196,2
5,epsilon,9,32,256,0.85,1.0,az_good.ckpt,az_good.ckpt,72,7
9,epsilon,9,32,256,0.6,1.0,az_good.ckpt,az_good.ckpt,181,13
3,epsilon,9,32,256,0.95,1.0,az_good.ckpt,az_good.ckpt,51,19
23,epsilon,9,32,256,0.4,1.0,az_good.ckpt,az_good.ckpt,211,8
2,epsilon,9,32,256,0.95,1.0,az_good.ckpt,az_good.ckpt,15,10
10,epsilon,9,32,256,0.95,1.0,az_good.ckpt,az_good.ckpt,34,10
6,epsilon,9,32,256,0.65,1.0,az_good.ckpt,az_good.ckpt,167,17
11,epsilon,9,32,256,0.2,1.0,az_good.ckpt,az_good.ckpt,228,5
12,epsilon,9,32,256,0.15,1.0,az_good.ckpt,az_good.ckpt,232,3
25,epsilon,9,32,256,0.95,1.0,az_good.ckpt,az_good.ckpt,21,7
21,epsilon,9,32,256,0.2,1.0,az_good.ckpt,az_good.ckpt,217,1
10,epsilon,9,32,256,0.25,1.0,az_good.ckpt,az_good.ckpt,212,3
20,epsilon,9,32,256,0.45,1.0,az_good.ckpt,az_good.ckpt,184,12
24,epsilon,9,32,256,0.5,1.0,az_good.ckpt,az_good.ckpt,142,7
29,epsilon,9,32,256,0.7,1.0,az_good.ckpt,az_good.ckpt,143,10
28,epsilon,9,32,256,0.0,1.0,az_good.ckpt,az_good.ckpt,227,2
6,epsilon,9,32,256,1.0,1.0,az_good.ckpt,az_good.ckpt,17,12
12,epsilon,9,32,256,0.85,1.0,az_good.ckpt,az_good.ckpt,84,11
28,epsilon,9,32,256,0.55,1.0,az_good.ckpt,az_good.ckpt,163,20
7,epsilon,9,32,256,0.65,1.0,az_good.ckpt,az_good.ckpt,157,17
12,epsilon,9,32,256,0.95,1.0,az_good.ckpt,az_good.ckpt,45,20
22,epsilon,9,32,256,0.95,1.0,az_good.ckpt,az_good.ckpt,4,3
27,epsilon,9,32,256,0.25,1.0,az_good.ckpt,az_good.ckpt,240,1
16,epsilon,9,32,256,0.75,1.0,az_good.ckpt,az_good.ckpt,133,8
24,epsilon,9,32,256,0.95,1.0,az_good.ckpt,az_good.ckpt,11,21
22,epsilon,9,32,256,0.45,1.0,az_good.ckpt,az_good.ckpt,167,9
3,epsilon,9,32,256,0.65,1.0,az_good.ckpt,az_good.ckpt,173,5
9,epsilon,9,32,256,0.65,1.0,az_good.ckpt,az_good.ckpt,160,21
10,epsilon,9,32,256,0.6,1.0,az_good.ckpt,az_good.ckpt,216,16
18,epsilon,9,32,256,0.55,1.0,az_good.ckpt,az_good.ckpt,160,10
13,epsilon,9,32,256,0.15,1.0,az_good.ckpt,az_good.ckpt,235,1
10,epsilon,9,32,256,0.3,1.0,az_good.ckpt,az_good.ckpt,205,2
29,epsilon,9,32,256,0.3,1.0,az_good.ckpt,az_good.ckpt,213,3
23,epsilon,9,32,256,0.65,1.0,az_good.ckpt,az_good.ckpt,120,3
8,epsilon,9,32,256,0.9,1.0,az_good.ckpt,az_good.ckpt,75,10
11,epsilon,9,32,256,0.4,1.0,az_good.ckpt,az_good.ckpt,204,9
20,epsilon,9,32,256,0.95,1.0,az_good.ckpt,az_good.ckpt,34,13
25,epsilon,9,32,256,0.25,1.0,az_good.ckpt,az_good.ckpt,231,6
24,epsilon,9,32,256,0.05,1.0,az_good.ckpt,az_good.ckpt,217,0
5,epsilon,9,32,256,1.0,1.0,az_good.ckpt,az_good.ckpt,18,5
25,epsilon,9,32,256,0.15,1.0,az_good.ckpt,az_good.ckpt,217,8
24,epsilon,9,32,256,0.1,1.0,az_good.ckpt,az_good.ckpt,219,1
12,epsilon,9,32,256,0.9,1.0,az_good.ckpt,az_good.ckpt,68,11
3,epsilon,9,32,256,0.2,1.0,az_good.ckpt,az_good.ckpt,238,2
27,epsilon,9,32,256,0.7,1.0,az_good.ckpt,az_good.ckpt,175,15
26,epsilon,9,32,256,0.2,1.0,az_good.ckpt,az_good.ckpt,231,4
4,epsilon,9,32,256,0.25,1.0,az_good.ckpt,az_good.ckpt,245,4
14,epsilon,9,32,256,1.0,1.0,az_good.ckpt,az_good.ckpt,5,65
1,epsilon,9,32,256,0.55,1.0,az_good.ckpt,az_good.ckpt,215,11
6,epsilon,9,32,256,0.3,1.0,az_good.ckpt,az_good.ckpt,239,7
23,epsilon,9,32,256,0.85,1.0,az_good.ckpt,az_good.ckpt,19,4
24,epsilon,9,32,256,0.25,1.0,az_good.ckpt,az_good.ckpt,219,4
27,epsilon,9,32,256,0.3,1.0,az_good.ckpt,az_good.ckpt,238,8
12,epsilon,9,32,256,0.35,1.0,az_good.ckpt,az_good.ckpt,189,7
7,epsilon,9,32,256,0.85,1.0,az_good.ckpt,az_good.ckpt,91,7
12,epsilon,9,32,256,0.2,1.0,az_good.ckpt,az_good.ckpt,232,5
29,epsilon,9,32,256,0.85,1.0,az_good.ckpt,az_good.ckpt,107,18
9,epsilon,9,32,256,0.85,1.0,az_good.ckpt,az_good.ckpt,130,18
29,epsilon,9,32,256,0.4,1.0,az_good.ckpt,az_good.ckpt,239,7
4,epsilon,9,32,256,0.8,1.0,az_good.ckpt,az_good.ckpt,131,7
19,epsilon,9,32,256,0.8,1.0,az_good.ckpt,az_good.ckpt,64,10
26,epsilon,9,32,256,0.1,1.0,az_good.ckpt,az_good.ckpt,248,0
20,epsilon,9,32,256,0.05,1.0,az_good.ckpt,az_good.ckpt,235,4
30,epsilon,9,32,256,0.9,1.0,az_good.ckpt,az_good.ckpt,15,2
18,epsilon,9,32,256,0.75,1.0,az_good.ckpt,az_good.ckpt,107,17
13,epsilon,9,32,256,0.8,1.0,az_good.ckpt,az_good.ckpt,127,26
10,epsilon,9,32,256,0.15,1.0,az_good.ckpt,az_good.ckpt,237,2
23,epsilon,9,32,256,0.95,1.0,az_good.ckpt,az_good.ckpt,13,55
25,epsilon,9,32,256,0.7,1.0,az_good.ckpt,az_good.ckpt,130,13
22,epsilon,9,32,256,0.85,1.0,az_good.ckpt,az_good.ckpt,8,3
5,epsilon,9,32,256,0.45,1.0,az_good.ckpt,az_good.ckpt,217,6
25,epsilon,9,32,256,0.75,1.0,az_good.ckpt,az_good.ckpt,133,13
5,epsilon,9,32,256,0.5,1.0,az_good.ckpt,az_good.ckpt,162,13
14,epsilon,9,32,256,0.15,1.0,az_good.ckpt,az_good.ckpt,229,1
28,epsilon,9,32,256,1.0,1.0,az_good.ckpt,az_good.ckpt,4,2
12,epsilon,9,32,256,0.6,1.0,az_good.ckpt,az_good.ckpt,159,9
23,epsilon,9,32,256,0.55,1.0,az_good.ckpt,az_good.ckpt,170,4
30,epsilon,9,32,256,0.1,1.0,az_good.ckpt,az_good.ckpt,224,0
19,epsilon,9,32,256,0.95,1.0,az_good.ckpt,az_good.ckpt,4,4
23,epsilon,9,32,256,0.6,1.0,az_good.ckpt,az_good.ckpt,153,13
25,epsilon,9,32,256,1.0,1.0,az_good.ckpt,az_good.ckpt,7,6
2,epsilon,9,32,256,0.85,1.0,az_good.ckpt,az_good.ckpt,200,13
7,epsilon,9,32,256,0.25,1.0,az_good.ckpt,az_good.ckpt,206,2
5,epsilon,9,32,256,0.0,1.0,az_good.ckpt,az_good.ckpt,244,6
16,epsilon,9,32,256,0.45,1.0,az_good.ckpt,az_good.ckpt,206,6
2,epsilon,9,32,256,0.3,1.0,az_good.ckpt,az_good.ckpt,212,5
28,epsilon,9,32,256,0.7,1.0,az_good.ckpt,az_good.ckpt,157,19
24,epsilon,9,32,256,0.7,1.0,az_good.ckpt,az_good.ckpt,182,14
4,epsilon,9,32,256,0.7,1.0,az_good.ckpt,az_good.ckpt,115,10
2,epsilon,9,32,256,0.8,1.0,az_good.ckpt,az_good.ckpt,119,18
20,epsilon,9,32,256,0.75,1.0,az_good.ckpt,az_good.ckpt,109,11
21,epsilon,9,32,256,0.0,1.0,az_good.ckpt,az_good.ckpt,239,2
28,epsilon,9,32,256,0.95,1.0,az_good.ckpt,az_good.ckpt,7,8
28,epsilon,9,32,256,0.6,1.0,az_good.ckpt,az_good.ckpt,167,6
15,epsilon,9,32,256,0.7,1.0,az_good.ckpt,az_good.ckpt,146,19
19,epsilon,9,32,256,0.7,1.0,az_good.ckpt,az_good.ckpt,131,15
28,epsilon,9,32,256,0.65,1.0,az_good.ckpt,az_good.ckpt,151,11
21,epsilon,9,32,256,0.65,1.0,az_good.ckpt,az_good.ckpt,145,14
21,epsilon,9,32,256,0.95,1.0,az_good.ckpt,az_good.ckpt,23,4
19,epsilon,9,32,256,0.65,1.0,az_good.ckpt,az_good.ckpt,201,9
8,epsilon,9,32,256,0.3,1.0,az_good.ckpt,az_good.ckpt,204,7
28,epsilon,9,32,256,0.15,1.0,az_good.ckpt,az_good.ckpt,219,3
17,epsilon,9,32,256,0.1,1.0,az_good.ckpt,az_good.ckpt,229,3
18,epsilon,9,32,256,0.3,1.0,az_good.ckpt,az_good.ckpt,225,4
10,epsilon,9,32,256,0.65,1.0,az_good.ckpt,az_good.ckpt,185,11
21,epsilon,9,32,256,0.05,1.0,az_good.ckpt,az_good.ckpt,205,6
5,epsilon,9,32,256,0.05,1.0,az_good.ckpt,az_good.ckpt,233,3
19,epsilon,9,32,256,0.75,1.0,az_good.ckpt,az_good.ckpt,119,13
15,epsilon,9,32,256,0.0,1.0,az_good.ckpt,az_good.ckpt,243,0
17,epsilon,9,32,256,0.35,1.0,az_good.ckpt,az_good.ckpt,220,7
6,epsilon,9,32,256,0.85,1.0,az_good.ckpt,az_good.ckpt,28,7
27,epsilon,9,32,256,0.5,1.0,az_good.ckpt,az_good.ckpt,154,8
15,epsilon,9,32,256,0.6,1.0,az_good.ckpt,az_good.ckpt,171,11
14,epsilon,9,32,256,0.8,1.0,az_good.ckpt,az_good.ckpt,32,19
22,epsilon,9,32,256,0.5,1.0,az_good.ckpt,az_good.ckpt,189,18
18,epsilon,9,32,256,0.0,1.0,az_good.ckpt,az_good.ckpt,245,2
9,epsilon,9,32,256,0.75,1.0,az_good.ckpt,az_good.ckpt,122,18
22,epsilon,9,32,256,0.2,1.0,az_good.ckpt,az_good.ckpt,227,4
14,epsilon,9,32,256,0.4,1.0,az_good.ckpt,az_good.ckpt,228,12
2,epsilon,9,32,256,0.5,1.0,az_good.ckpt,az_good.ckpt,193,4
29,epsilon,9,32,256,0.5,1.0,az_good.ckpt,az_good.ckpt,219,10
14,epsilon,9,32,256,0.9,1.0,az_good.ckpt,az_good.ckpt,95,17
26,epsilon,9,32,256,0.0,1.0,az_good.ckpt,az_good.ckpt,244,2
4,epsilon,9,32,256,0.1,1.0,az_good.ckpt,az_good.ckpt,230,1
23,epsilon,9,32,256,0.9,1.0,az_good.ckpt,az_good.ckpt,38,7
23,epsilon,9,32,256,0.1,1.0,az_good.ckpt,az_good.ckpt,216,2
4,epsilon,9,32,256,0.6,1.0,az_good.ckpt,az_good.ckpt,162,13
29,epsilon,9,32,256,0.1,1.0,az_good.ckpt,az_good.ckpt,216,3
22,epsilon,9,32,256,0.05,1.0,az_good.ckpt,az_good.ckpt,242,3
30,epsilon,9,32,256,0.5,1.0,az_good.ckpt,az_good.ckpt,187,10
7,epsilon,9,32,256,0.95,1.0,az_good.ckpt,az_good.ckpt,69,14
13,epsilon,9,32,256,0.1,1.0,az_good.ckpt,az_good.ckpt,242,1
3,epsilon,9,32,256,0.85,1.0,az_good.ckpt,az_good.ckpt,84,16
11,epsilon,9,32,256,0.3,1.0,az_good.ckpt,az_good.ckpt,211,3
9,epsilon,9,32,256,0.2,1.0,az_good.ckpt,az_good.ckpt,233,4
24,epsilon,9,32,256,0.55,1.0,az_good.ckpt,az_good.ckpt,142,8
15,epsilon,9,32,256,0.15,1.0,az_good.ckpt,az_good.ckpt,237,5
25,epsilon,9,32,256,0.1,1.0,az_good.ckpt,az_good.ckpt,210,5
21,epsilon,9,32,256,0.7,1.0,az_good.ckpt,az_good.ckpt,116,8
6,epsilon,9,32,256,0.55,1.0,az_good.ckpt,az_good.ckpt,183,4
15,epsilon,9,32,256,0.95,1.0,az_good.ckpt,az_good.ckpt,49,9
12,epsilon,9,32,256,0.8,1.0,az_good.ckpt,az_good.ckpt,108,26
4,epsilon,9,32,256,0.0,1.0,az_good.ckpt,az_good.ckpt,215,2
6,epsilon,9,32,256,0.15,1.0,az_good.ckpt,az_good.ckpt,236,3
19,epsilon,9,32,256,0.05,1.0,az_good.ckpt,az_good.ckpt,240,0
27,epsilon,9,32,256,0.2,1.0,az_good.ckpt,az_good.ckpt,225,3
23,epsilon,9,32,256,0.25,1.0,az_good.ckpt,az_good.ckpt,239,7
20,epsilon,9,32,256,0.9,1.0,az_good.ckpt,az_good.ckpt,12,7
16,epsilon,9,32,256,0.3,1.0,az_good.ckpt,az_good.ckpt,226,10
16,epsilon,9,32,256,0.1,1.0,az_good.ckpt,az_good.ckpt,230,2
1,epsilon,9,32,256,0.9,1.0,az_good.ckpt,az_good.ckpt,107,18
2,epsilon,9,32,256,1.0,1.0,az_good.ckpt,az_good.ckpt,11,12
24,epsilon,9,32,256,0.75,1.0,az_good.ckpt,az_good.ckpt,134,13
2,epsilon,9,32,256,0.15,1.0,az_good.ckpt,az_good.ckpt,242,1
12,epsilon,9,32,256,0.65,1.0,az_good.ckpt,az_good.ckpt,152,11
25,epsilon,9,32,256,0.5,1.0,az_good.ckpt,az_good.ckpt,218,11
22,epsilon,9,32,256,0.6,1.0,az_good.ckpt,az_good.ckpt,89,7
17,epsilon,9,32,256,1.0,1.0,az_good.ckpt,az_good.ckpt,2,14
1,epsilon,9,32,256,0.3,1.0,az_good.ckpt,az_good.ckpt,243,6
1,epsilon,9,32,256,0.2,1.0,az_good.ckpt,az_good.ckpt,245,3
8,epsilon,9,32,256,0.15,1.0,az_good.ckpt,az_good.ckpt,239,3
1,epsilon,9,32,256,0.05,1.0,az_good.ckpt,az_good.ckpt,243,5
4,epsilon,9,32,256,0.05,1.0,az_good.ckpt,az_good.ckpt,230,0
17,epsilon,9,32,256,0.9,1.0,az_good.ckpt,az_good.ckpt,113,22
2,epsilon,9,32,256,0.55,1.0,az_good.ckpt,az_good.ckpt,161,6
9,epsilon,9,32,256,0.25,1.0,az_good.ckpt,az_good.ckpt,203,5
8,epsilon,9,32,256,0.7,1.0,az_good.ckpt,az_good.ckpt,62,4
16,epsilon,9,32,256,0.5,1.0,az_good.ckpt,az_good.ckpt,172,9
28,epsilon,9,32,256,0.75,1.0,az_good.ckpt,az_good.ckpt,188,5
23,epsilon,9,32,256,0.05,1.0,az_good.ckpt,az_good.ckpt,251,0
29,epsilon,9,32,256,0.35,1.0,az_good.ckpt,az_good.ckpt,187,10
8,epsilon,9,32,256,0.1,1.0,az_good.ckpt,az_good.ckpt,240,5
30,epsilon,9,32,256,0.3,1.0,az_good.ckpt,az_good.ckpt,218,7
22,epsilon,9,32,256,1.0,1.0,az_good.ckpt,az_good.ckpt,8,12
27,epsilon,9,32,256,1.0,1.0,az_good.ckpt,az_good.ckpt,6,7
25,epsilon,9,32,256,0.85,1.0,az_good.ckpt,az_good.ckpt,123,8
24,epsilon,9,32,256,0.8,1.0,az_good.ckpt,az_good.ckpt,128,11
4,epsilon,9,32,256,0.5,1.0,az_good.ckpt,az_good.ckpt,196,6
27,epsilon,9,32,256,0.4,1.0,az_good.ckpt,az_good.ckpt,225,10
20,epsilon,9,32,256,0.4,1.0,az_good.ckpt,az_good.ckpt,228,10
3,epsilon,9,32,256,0.45,1.0,az_good.ckpt,az_good.ckpt,181,11
2,epsilon,9,32,256,0.0,1.0,az_good.ckpt,az_good.ckpt,243,1
9,epsilon,9,32,256,1.0,1.0,az_good.ckpt,az_good.ckpt,16,12
13,epsilon,9,32,256,0.55,1.0,az_good.ckpt,az_good.ckpt,196,10
1,epsilon,9,32,256,0.8,1.0,az_good.ckpt,az_good.ckpt,104,11
5,epsilon,9,32,256,0.7,1.0,az_good.ckpt,az_good.ckpt,159,15
29,epsilon,9,32,256,0.6,1.0,az_good.ckpt,az_good.ckpt,181,14
27,epsilon,9,32,256,0.95,1.0,az_good.ckpt,az_good.ckpt,23,8
11,epsilon,9,32,256,0.5,1.0,az_good.ckpt,az_good.ckpt,231,10
8,epsilon,9,32,256,0.35,1.0,az_good.ckpt,az_good.ckpt,222,8
29,epsilon,9,32,256,0.2,1.0,az_good.ckpt,az_good.ckpt,224,6
21,epsilon,9,32,256,1.0,1.0,az_good.ckpt,az_good.ckpt,6,4
11,epsilon,9,32,256,0.1,1.0,az_good.ckpt,az_good.ckpt,231,1
3,epsilon,9,32,256,0.15,1.0,az_good.ckpt,az_good.ckpt,222,4
13,epsilon,9,32,256,1.0,1.0,az_good.ckpt,az_good.ckpt,5,12
4,epsilon,9,32,256,0.35,1.0,az_good.ckpt,az_good.ckpt,224,7
2,epsilon,9,32,256,0.05,1.0,az_good.ckpt,az_good.ckpt,229,1
16,epsilon,9,32,256,0.65,1.0,az_good.ckpt,az_good.ckpt,143,10
26,epsilon,9,32,256,0.55,1.0,az_good.ckpt,az_good.ckpt,158,12
16,epsilon,9,32,256,0.8,1.0,az_good.ckpt,az_good.ckpt,79,10
21,epsilon,9,32,256,0.3,1.0,az_good.ckpt,az_good.ckpt,232,6
15,epsilon,9,32,256,0.5,1.0,az_good.ckpt,az_good.ckpt,142,5
20,epsilon,9,32,256,0.7,1.0,az_good.ckpt,az_good.ckpt,141,13
26,epsilon,9,32,256,0.8,1.0,az_good.ckpt,az_good.ckpt,97,9
29,epsilon,9,32,256,0.0,1.0,az_good.ckpt,az_good.ckpt,231,4
23,epsilon,9,32,256,0.5,1.0,az_good.ckpt,az_good.ckpt,191,4
15,epsilon,9,32,256,0.3,1.0,az_good.ckpt,az_good.ckpt,221,7
29,epsilon,9,32,256,0.95,1.0,az_good.ckpt,az_good.ckpt,8,4
5,epsilon,9,32,256,0.4,1.0,az_good.ckpt,az_good.ckpt,191,18
5,epsilon,9,32,256,0.6,1.0,az_good.ckpt,az_good.ckpt,145,14
11,epsilon,9,32,256,0.6,1.0,az_good.ckpt,az_good.ckpt,198,22
24,epsilon,9,32,256,1.0,1.0,az_good.ckpt,az_good.ckpt,162,18
29,epsilon,9,32,256,0.75,1.0,az_good.ckpt,az_good.ckpt,86,5
22,epsilon,9,32,256,0.65,1.0,az_good.ckpt,az_good.ckpt,120,15
27,epsilon,9,32,256,0.9,1.0,az_good.ckpt,az_good.ckpt,23,10
11,epsilon,9,32,256,0.05,1.0,az_good.ckpt,az_good.ckpt,241,0
21,epsilon,9,32,256,0.9,1.0,az_good.ckpt,az_good.ckpt,24,4
30,epsilon,9,32,256,0.2,1.0,az_good.ckpt,az_good.ckpt,206,4
11,epsilon,9,32,256,0.15,1.0,az_good.ckpt,az_good.ckpt,245,3
20,epsilon,9,32,256,0.35,1.0,az_good.ckpt,az_good.ckpt,193,8
3,epsilon,9,32,256,0.8,1.0,az_good.ckpt,az_good.ckpt,148,17
21,epsilon,9,32,256,0.8,1.0,az_good.ckpt,az_good.ckpt,29,10
5,epsilon,9,32,256,0.65,1.0,az_good.ckpt,az_good.ckpt,97,15
9,epsilon,9,32,256,0.45,1.0,az_good.ckpt,az_good.ckpt,131,9
1,epsilon,9,32,256,0.6,1.0,az_good.ckpt,az_good.ckpt,162,16
10,epsilon,9,32,256,0.9,1.0,az_good.ckpt,az_good.ckpt,16,8
12,epsilon,9,32,256,0.4,1.0,az_good.ckpt,az_good.ckpt,225,6
21,epsilon,9,32,256,0.35,1.0,az_good.ckpt,az_good.ckpt,227,5
7,epsilon,9,32,256,0.5,1.0,az_good.ckpt,az_good.ckpt,201,17
8,epsilon,9,32,256,0.5,1.0,az_good.ckpt,az_good.ckpt,245,14
30,epsilon,9,32,256,0.4,1.0,az_good.ckpt,az_good.ckpt,186,14
29,epsilon,9,32,256,0.9,1.0,az_good.ckpt,az_good.ckpt,82,9
30,epsilon,9,32,256,0.75,1.0,az_good.ckpt,az_good.ckpt,112,24
10,epsilon,9,32,256,0.35,1.0,az_good.ckpt,az_good.ckpt,227,6
14,epsilon,9,32,256,0.55,1.0,az_good.ckpt,az_good.ckpt,77,3
7,epsilon,9,32,256,0.6,1.0,az_good.ckpt,az_good.ckpt,201,17
2,epsilon,9,32,256,0.35,1.0,az_good.ckpt,az_good.ckpt,223,3
19,epsilon,9,32,256,0.3,1.0,az_good.ckpt,az_good.ckpt,223,8
8,epsilon,9,32,256,0.75,1.0,az_good.ckpt,az_good.ckpt,42,2
14,epsilon,9,32,256,0.95,1.0,az_good.ckpt,az_good.ckpt,11,22
5,epsilon,9,32,256,0.9,1.0,az_good.ckpt,az_good.ckpt,60,5
28,epsilon,9,32,256,0.2,1.0,az_good.ckpt,az_good.ckpt,229,8
19,epsilon,9,32,256,0.55,1.0,az_good.ckpt,az_good.ckpt,164,28
20,epsilon,9,32,256,0.55,1.0,az_good.ckpt,az_good.ckpt,156,8
28,epsilon,9,32,256,0.3,1.0,az_good.ckpt,az_good.ckpt,224,12
24,epsilon,9,32,256,0.35,1.0,az_good.ckpt,az_good.ckpt,175,5
30,epsilon,9,32,256,0.45,1.0,az_good.ckpt,az_good.ckpt,167,11
3,epsilon,9,32,256,1.0,1.0,az_good.ckpt,az_good.ckpt,69,11
30,epsilon,9,32,256,0.35,1.0,az_good.ckpt,az_good.ckpt,203,13
30,epsilon,9,32,256,0.0,1.0,az_good.ckpt,az_good.ckpt,230,3
11,epsilon,9,32,256,0.65,1.0,az_good.ckpt,az_good.ckpt,167,19
4,epsilon,9,32,256,0.3,1.0,az_good.ckpt,az_good.ckpt,227,1
3,epsilon,9,32,256,0.75,1.0,az_good.ckpt,az_good.ckpt,114,25
1,epsilon,9,32,256,0.35,1.0,az_good.ckpt,az_good.ckpt,227,13
25,epsilon,9,32,256,0.0,1.0,az_good.ckpt,az_good.ckpt,238,1
24,epsilon,9,32,256,0.15,1.0,az_good.ckpt,az_good.ckpt,236,5
16,epsilon,9,32,256,0.85,1.0,az_good.ckpt,az_good.ckpt,130,21
29,epsilon,9,32,256,0.05,1.0,az_good.ckpt,az_good.ckpt,235,2
13,epsilon,9,32,256,0.35,1.0,az_good.ckpt,az_good.ckpt,224,9
26,epsilon,9,32,256,0.05,1.0,az_good.ckpt,az_good.ckpt,238,0
9,epsilon,9,32,256,0.05,1.0,az_good.ckpt,az_good.ckpt,233,2
6,epsilon,9,32,256,0.9,1.0,az_good.ckpt,az_good.ckpt,41,24
13,epsilon,9,32,256,0.75,1.0,az_good.ckpt,az_good.ckpt,168,31
9,epsilon,9,32,256,0.15,1.0,az_good.ckpt,az_good.ckpt,237,1
23,epsilon,9,32,256,0.45,1.0,az_good.ckpt,az_good.ckpt,205,15
18,epsilon,9,32,256,0.05,1.0,az_good.ckpt,az_good.ckpt,243,5
26,epsilon,9,32,256,0.75,1.0,az_good.ckpt,az_good.ckpt,45,3
6,epsilon,9,32,256,0.0,1.0,az_good.ckpt,az_good.ckpt,225,3
28,epsilon,9,32,256,0.85,1.0,az_good.ckpt,az_good.ckpt,37,0
1,epsilon,9,32,256,0.95,1.0,az_good.ckpt,az_good.ckpt,62,6
23,epsilon,9,32,256,0.35,1.0,az_good.ckpt,az_good.ckpt,224,3
27,epsilon,9,32,256,0.6,1.0,az_good.ckpt,az_good.ckpt,175,17
16,epsilon,9,32,256,0.95,1.0,az_good.ckpt,az_good.ckpt,11,13
27,epsilon,9,32,256,0.15,1.0,az_good.ckpt,az_good.ckpt,205,0
20,epsilon,9,32,256,0.5,1.0,az_good.ckpt,az_good.ckpt,172,4
11,epsilon,9,32,256,0.55,1.0,az_good.ckpt,az_good.ckpt,154,8
1,epsilon,9,32,256,0.1,1.0,az_good.ckpt,az_good.ckpt,235,2
24,epsilon,9,32,256,0.2,1.0,az_good.ckpt,az_good.ckpt,191,3
10,epsilon,9,32,256,0.85,1.0,az_good.ckpt,az_good.ckpt,24,8
19,epsilon,9,32,256,1.0,1.0,az_good.ckpt,az_good.ckpt,0,0
26,epsilon,9,32,256,0.15,1.0,az_good.ckpt,az_good.ckpt,242,4
1,epsilon,9,32,256,0.25,1.0,az_good.ckpt,az_good.ckpt,228,7
6,epsilon,9,32,256,0.35,1.0,az_good.ckpt,az_good.ckpt,210,6
8,epsilon,9,32,256,0.4,1.0,az_good.ckpt,az_good.ckpt,188,6
22,epsilon,9,32,256,0.0,1.0,az_good.ckpt,az_good.ckpt,245,1
21,epsilon,9,32,256,0.25,1.0,az_good.ckpt,az_good.ckpt,246,6
30,epsilon,9,32,256,1.0,1.0,az_good.ckpt,az_good.ckpt,1,2
10,epsilon,9,32,256,0.75,1.0,az_good.ckpt,az_good.ckpt,137,10
27,epsilon,9,32,256,0.85,1.0,az_good.ckpt,az_good.ckpt,49,10
5,epsilon,9,32,256,0.35,1.0,az_good.ckpt,az_good.ckpt,219,8
15,epsilon,9,32,256,0.45,1.0,az_good.ckpt,az_good.ckpt,205,12
7,epsilon,9,32,256,0.8,1.0,az_good.ckpt,az_good.ckpt,145,11
8,epsilon,9,32,256,0.05,1.0,az_good.ckpt,az_good.ckpt,229,5
8,epsilon,9,32,256,0.55,1.0,az_good.ckpt,az_good.ckpt,168,10
5,epsilon,9,32,256,0.55,1.0,az_good.ckpt,az_good.ckpt,190,12
29,epsilon,9,32,256,0.8,1.0,az_good.ckpt,az_good.ckpt,214,16
11,epsilon,9,32,256,0.25,1.0,az_good.ckpt,az_good.ckpt,208,5
14,epsilon,9,32,256,0.25,1.0,az_good.ckpt,az_good.ckpt,201,16
16,epsilon,9,32,256,0.7,1.0,az_good.ckpt,az_good.ckpt,139,10
1,epsilon,9,32,256,0.7,1.0,az_good.ckpt,az_good.ckpt,145,10
24,epsilon,9,32,256,0.45,1.0,az_good.ckpt,az_good.ckpt,187,3
21,epsilon,9,32,256,0.5,1.0,az_good.ckpt,az_good.ckpt,190,12
17,epsilon,9,32,256,0.5,1.0,az_good.ckpt,az_good.ckpt,204,9
14,epsilon,9,32,256,0.3,1.0,az_good.ckpt,az_good.ckpt,193,6
11,epsilon,9,32,256,0.8,1.0,az_good.ckpt,az_good.ckpt,21,7
4,epsilon,9,32,256,0.75,1.0,az_good.ckpt,az_good.ckpt,89,21
10,epsilon,9,32,256,0.55,1.0,az_good.ckpt,az_good.ckpt,196,15
23,epsilon,9,32,256,0.7,1.0,az_good.ckpt,az_good.ckpt,52,5
3,epsilon,9,32,256,0.5,1.0,az_good.ckpt,az_good.ckpt,156,12
19,epsilon,9,32,256,0.25,1.0,az_good.ckpt,az_good.ckpt,238,6
22,epsilon,9,32,256,0.55,1.0,az_good.ckpt,az_good.ckpt,197,16
10,epsilon,9,32,256,1.0,1.0,az_good.ckpt,az_good.ckpt,0,9
14,epsilon,9,32,256,0.1,1.0,az_good.ckpt,az_good.ckpt,226,0
25,epsilon,9,32,256,0.8,1.0,az_good.ckpt,az_good.ckpt,127,16
1,epsilon,9,32,256,0.15,1.0,az_good.ckpt,az_good.ckpt,226,4
10,epsilon,9,32,256,0.1,1.0,az_good.ckpt,az_good.ckpt,240,6
6,epsilon,9,32,256,0.2,1.0,az_good.ckpt,az_good.ckpt,244,7
26,epsilon,9,32,256,0.6,1.0,az_good.ckpt,az_good.ckpt,152,9
8,epsilon,9,32,256,1.0,1.0,az_good.ckpt,az_good.ckpt,8,2
13,epsilon,9,32,256,0.5,1.0,az_good.ckpt,az_good.ckpt,229,9
30,epsilon,9,32,256,0.55,1.0,az_good.ckpt,az_good.ckpt,196,14
12,epsilon,9,32,256,0.55,1.0,az_good.ckpt,az_good.ckpt,143,17
27,epsilon,9,32,256,0.45,1.0,az_good.ckpt,az_good.ckpt,192,4
23,epsilon,9,32,256,0.15,1.0,az_good.ckpt,az_good.ckpt,230,2
14,epsilon,9,32,256,0.85,1.0,az_good.ckpt,az_good.ckpt,22,10
28,epsilon,9,32,256,0.45,1.0,az_good.ckpt,az_good.ckpt,223,11
12,epsilon,9,32,256,0.7,1.0,az_good.ckpt,az_good.ckpt,99,10
19,epsilon,9,32,256,0.15,1.0,az_good.ckpt,az_good.ckpt,202,5
24,epsilon,9,32,256,0.0,1.0,az_good.ckpt,az_good.ckpt,240,4
15,epsilon,9,32,256,0.35,1.0,az_good.ckpt,az_good.ckpt,180,3
10,epsilon,9,32,256,0.7,1.0,az_good.ckpt,az_good.ckpt,162,7
29,epsilon,9,32,256,0.55,1.0,az_good.ckpt,az_good.ckpt,204,10
14,epsilon,9,32,256,0.75,1.0,az_good.ckpt,az_good.ckpt,59,24
7,epsilon,9,32,256,0.2,1.0,az_good.ckpt,az_good.ckpt,229,6
1,epsilon,9,32,256,0.65,1.0,az_good.ckpt,az_good.ckpt,145,10
11,epsilon,9,32,256,0.35,1.0,az_good.ckpt,az_good.ckpt,143,28
13,epsilon,9,32,256,0.7,1.0,az_good.ckpt,az_good.ckpt,167,22
19,epsilon,9,32,256,0.2,1.0,az_good.ckpt,az_good.ckpt,230,4
4,epsilon,9,32,256,0.4,1.0,az_good.ckpt,az_good.ckpt,218,4
7,epsilon,9,32,256,0.75,1.0,az_good.ckpt,az_good.ckpt,148,23
1,epsilon,9,32,256,0.4,1.0,az_good.ckpt,az_good.ckpt,197,5
20,epsilon,9,32,256,0.65,1.0,az_good.ckpt,az_good.ckpt,158,10
25,epsilon,9,32,256,0.45,1.0,az_good.ckpt,az_good.ckpt,185,7
26,epsilon,9,32,256,0.5,1.0,az_good.ckpt,az_good.ckpt,161,14
28,epsilon,9,32,256,0.05,1.0,az_good.ckpt,az_good.ckpt,239,1
19,epsilon,9,32,256,0.0,1.0,az_good.ckpt,az_good.ckpt,236,0
19,epsilon,9,32,256,0.1,1.0,az_good.ckpt,az_good.ckpt,241,1
26,epsilon,9,32,256,0.95,1.0,az_good.ckpt,az_good.ckpt,16,3
17,epsilon,9,32,256,0.7,1.0,az_good.ckpt,az_good.ckpt,130,9
10,epsilon,9,32,256,0.2,1.0,az_good.ckpt,az_good.ckpt,236,3
17,epsilon,9,32,256,0.45,1.0,az_good.ckpt,az_good.ckpt,207,8
19,epsilon,9,32,256,0.35,1.0,az_good.ckpt,az_good.ckpt,217,5
22,epsilon,9,32,256,0.3,1.0,az_good.ckpt,az_good.ckpt,195,4
3,epsilon,9,32,256,0.3,1.0,az_good.ckpt,az_good.ckpt,210,7
4,epsilon,9,32,256,0.55,1.0,az_good.ckpt,az_good.ckpt,202,12
2,epsilon,9,32,256,0.1,1.0,az_good.ckpt,az_good.ckpt,247,5
13,epsilon,9,32,256,0.4,1.0,az_good.ckpt,az_good.ckpt,204,7
14,epsilon,9,32,256,0.05,1.0,az_good.ckpt,az_good.ckpt,241,2
9,epsilon,9,32,256,0.9,1.0,az_good.ckpt,az_good.ckpt,83,11
11,epsilon,9,32,256,0.85,1.0,az_good.ckpt,az_good.ckpt,44,10
12,epsilon,9,32,256,0.25,1.0,az_good.ckpt,az_good.ckpt,172,7
14,epsilon,9,32,256,0.2,1.0,az_good.ckpt,az_good.ckpt,210,4
5,epsilon,9,32,256,0.1,1.0,az_good.ckpt,az_good.ckpt,226,5
9,epsilon,9,32,256,0.55,1.0,az_good.ckpt,az_good.ckpt,207,15
2,epsilon,9,32,256,0.2,1.0,az_good.ckpt,az_good.ckpt,249,1
1,epsilon,9,32,256,0.75,1.0,az_good.ckpt,az_good.ckpt,142,16
23,epsilon,9,32,256,1.0,1.0,az_good.ckpt,az_good.ckpt,1,4
2,epsilon,9,32,256,0.9,1.0,az_good.ckpt,az_good.ckpt,121,9
7,epsilon,9,32,256,1.0,1.0,az_good.ckpt,az_good.ckpt,6,5
18,epsilon,9,32,256,0.8,1.0,az_good.ckpt,az_good.ckpt,71,17
1,epsilon,9,32,256,0.0,1.0,az_good.ckpt,az_good.ckpt,243,1
7,epsilon,9,32,256,0.45,1.0,az_good.ckpt,az_good.ckpt,158,8
18,epsilon,9,32,256,1.0,1.0,az_good.ckpt,az_good.ckpt,6,13
18,epsilon,9,32,256,0.35,1.0,az_good.ckpt,az_good.ckpt,196,16
5,epsilon,9,32,256,0.8,1.0,az_good.ckpt,az_good.ckpt,98,21
13,epsilon,9,32,256,0.85,1.0,az_good.ckpt,az_good.ckpt,116,10
10,epsilon,9,32,256,0.8,1.0,az_good.ckpt,az_good.ckpt,120,12
9,epsilon,9,32,256,0.8,1.0,az_good.ckpt,az_good.ckpt,75,17
3,epsilon,9,32,256,0.25,1.0,az_good.ckpt,az_good.ckpt,217,9
22,epsilon,9,32,256,0.35,1.0,az_good.ckpt,az_good.ckpt,217,5
10,epsilon,9,32,256,0.0,1.0,az_good.ckpt,az_good.ckpt,242,1
6,epsilon,9,32,256,0.1,1.0,az_good.ckpt,az_good.ckpt,238,1
10,epsilon,9,32,256,0.5,1.0,az_good.ckpt,az_good.ckpt,173,8
23,epsilon,9,32,256,0.3,1.0,az_good.ckpt,az_good.ckpt,197,4
20,epsilon,9,32,256,0.1,1.0,az_good.ckpt,az_good.ckpt,245,4
13,epsilon,9,32,256,0.65,1.0,az_good.ckpt,az_good.ckpt,183,18
21,epsilon,9,32,256,0.4,1.0,az_good.ckpt,az_good.ckpt,214,15
27,epsilon,9,32,256,0.35,1.0,az_good.ckpt,az_good.ckpt,234,11
21,epsilon,9,32,256,0.6,1.0,az_good.ckpt,az_good.ckpt,183,13
2,epsilon,9,32,256,0.4,1.0,az_good.ckpt,az_good.ckpt,165,3
4,epsilon,9,32,256,0.9,1.0,az_good.ckpt,az_good.ckpt,91,10
17,epsilon,9,32,256,0.25,1.0,az_good.ckpt,az_good.ckpt,242,2
5,epsilon,9,32,256,0.3,1.0,az_good.ckpt,az_good.ckpt,229,3
26,epsilon,9,32,256,0.7,1.0,az_good.ckpt,az_good.ckpt,86,4
16,epsilon,9,32,256,0.9,1.0,az_good.ckpt,az_good.ckpt,43,10
29,epsilon,9,32,256,0.15,1.0,az_good.ckpt,az_good.ckpt,241,4
18,epsilon,9,32,256,0.5,1.0,az_good.ckpt,az_good.ckpt,171,7
14,epsilon,9,32,256,0.35,1.0,az_good.ckpt,az_good.ckpt,203,5
15,epsilon,9,32,256,0.8,1.0,az_good.ckpt,az_good.ckpt,29,1
19,epsilon,9,32,256,0.6,1.0,az_good.ckpt,az_good.ckpt,142,13
12,epsilon,9,32,256,0.45,1.0,az_good.ckpt,az_good.ckpt,182,8
8,epsilon,9,32,256,0.8,1.0,az_good.ckpt,az_good.ckpt,28,2
12,epsilon,9,32,256,0.75,1.0,az_good.ckpt,az_good.ckpt,84,7
13,epsilon,9,32,256,0.6,1.0,az_good.ckpt,az_good.ckpt,190,11
25,epsilon,9,32,256,0.2,1.0,az_good.ckpt,az_good.ckpt,217,6
13,epsilon,9,32,256,0.2,1.0,az_good.ckpt,az_good.ckpt,239,3
27,epsilon,9,32,256,0.8,1.0,az_good.ckpt,az_good.ckpt,116,16
9,epsilon,9,32,256,0.1,1.0,az_good.ckpt,az_good.ckpt,235,2
1,epsilon,9,32,256,1.0,1.0,az_good.ckpt,az_good.ckpt,31,9
15,epsilon,9,32,256,0.05,1.0,az_good.ckpt,az_good.ckpt,229,2
16,epsilon,9,32,256,0.55,1.0,az_good.ckpt,az_good.ckpt,183,11
7,epsilon,9,32,256,0.55,1.0,az_good.ckpt,az_good.ckpt,187,5
30,epsilon,9,32,256,0.15,1.0,az_good.ckpt,az_good.ckpt,237,2
4,epsilon,9,32,256,0.15,1.0,az_good.ckpt,az_good.ckpt,234,2
8,epsilon,9,32,256,0.2,1.0,az_good.ckpt,az_good.ckpt,231,2
13,epsilon,9,32,256,0.45,1.0,az_good.ckpt,az_good.ckpt,227,12
25,epsilon,9,32,256,0.65,1.0,az_good.ckpt,az_good.ckpt,157,14
30,epsilon,9,32,256,0.95,1.0,az_good.ckpt,az_good.ckpt,6,2
16,epsilon,9,32,256,0.0,1.0,az_good.ckpt,az_good.ckpt,234,1
26,epsilon,9,32,256,0.45,1.0,az_good.ckpt,az_good.ckpt,183,8
27,epsilon,9,32,256,0.65,1.0,az_good.ckpt,az_good.ckpt,185,15
17,epsilon,9,32,256,0.0,1.0,az_good.ckpt,az_good.ckpt,248,7
17,epsilon,9,32,256,0.8,1.0,az_good.ckpt,az_good.ckpt,137,14
10,epsilon,9,32,256,0.05,1.0,az_good.ckpt,az_good.ckpt,240,2
18,epsilon,9,32,256,0.85,1.0,az_good.ckpt,az_good.ckpt,67,11
6,epsilon,9,32,256,0.25,1.0,az_good.ckpt,az_good.ckpt,221,5
11,epsilon,9,32,256,0.9,1.0,az_good.ckpt,az_good.ckpt,12,1
3,epsilon,9,32,256,0.9,1.0,az_good.ckpt,az_good.ckpt,76,6
13,epsilon,9,32,256,0.9,1.0,az_good.ckpt,az_good.ckpt,29,13
11,epsilon,9,32,256,0.0,1.0,az_good.ckpt,az_good.ckpt,239,0
25,epsilon,9,32,256,0.35,1.0,az_good.ckpt,az_good.ckpt,192,10
2,epsilon,9,32,256,0.25,1.0,az_good.ckpt,az_good.ckpt,237,5
27,epsilon,9,32,256,0.0,1.0,az_good.ckpt,az_good.ckpt,241,2
30,epsilon,9,32,256,0.25,1.0,az_good.ckpt,az_good.ckpt,208,5
17,epsilon,9,32,256,0.2,1.0,az_good.ckpt,az_good.ckpt,236,2
12,epsilon,9,32,256,0.3,1.0,az_good.ckpt,az_good.ckpt,214,2
5,epsilon,9,32,256,0.15,1.0,az_good.ckpt,az_good.ckpt,237,2
20,epsilon,9,32,256,0.25,1.0,az_good.ckpt,az_good.ckpt,240,4
19,epsilon,9,32,256,0.4,1.0,az_good.ckpt,az_good.ckpt,194,2
24,epsilon,9,32,256,0.6,1.0,az_good.ckpt,az_good.ckpt,146,12
1,epsilon,9,32,256,0.45,1.0,az_good.ckpt,az_good.ckpt,230,14
26,epsilon,9,32,256,0.65,1.0,az_good.ckpt,az_good.ckpt,146,17
28,epsilon,9,32,256,0.4,1.0,az_good.ckpt,az_good.ckpt,204,19
27,epsilon,9,32,256,0.55,1.0,az_good.ckpt,az_good.ckpt,166,11
11,epsilon,9,32,256,0.75,1.0,az_good.ckpt,az_good.ckpt,83,7
26,epsilon,9,32,256,1.0,1.0,az_good.ckpt,az_good.ckpt,5,4
22,epsilon,9,32,256,0.9,1.0,az_good.ckpt,az_good.ckpt,83,7
11,epsilon,9,32,256,0.95,1.0,az_good.ckpt,az_good.ckpt,33,7
16,epsilon,9,32,256,0.2,1.0,az_good.ckpt,az_good.ckpt,233,8
14,epsilon,9,32,256,0.65,1.0,az_good.ckpt,az_good.ckpt,69,22
19,epsilon,9,32,256,0.45,1.0,az_good.ckpt,az_good.ckpt,219,14
2,epsilon,9,32,256,0.45,1.0,az_good.ckpt,az_good.ckpt,207,9
14,epsilon,9,32,256,0.5,1.0,az_good.ckpt,az_good.ckpt,151,10
30,epsilon,9,32,256,0.85,1.0,az_good.ckpt,az_good.ckpt,29,13
11,epsilon,9,32,256,0.7,1.0,az_good.ckpt,az_good.ckpt,104,5
16,epsilon,9,32,256,0.4,1.0,az_good.ckpt,az_good.ckpt,169,11
28,epsilon,9,32,256,0.25,1.0,az_good.ckpt,az_good.ckpt,200,8
15,epsilon,9,32,256,0.2,1.0,az_good.ckpt,az_good.ckpt,243,4
5,epsilon,9,32,256,0.2,1.0,az_good.ckpt,az_good.ckpt,208,9
7,epsilon,9,32,256,0.35,1.0,az_good.ckpt,az_good.ckpt,156,4
7,epsilon,9,32,256,0.3,1.0,az_good.ckpt,az_good.ckpt,189,5
26,epsilon,9,32,256,0.25,1.0,az_good.ckpt,az_good.ckpt,236,2
12,epsilon,9,32,256,0.0,1.0,az_good.ckpt,az_good.ckpt,239,2
29,epsilon,9,32,256,0.25,1.0,az_good.ckpt,az_good.ckpt,222,4
18,epsilon,9,32,256,0.6,1.0,az_good.ckpt,az_good.ckpt,122,3
18,epsilon,9,32,256,0.45,1.0,az_good.ckpt,az_good.ckpt,198,18
13,epsilon,9,32,256,0.95,1.0,az_good.ckpt,az_good.ckpt,129,10
15,epsilon,9,32,256,0.55,1.0,az_good.ckpt,az_good.ckpt,206,12
26,epsilon,9,32,256,0.85,1.0,az_good.ckpt,az_good.ckpt,22,1
19,epsilon,9,32,256,0.9,1.0,az_good.ckpt,az_good.ckpt,19,11
5,epsilon,9,32,256,0.95,1.0,az_good.ckpt,az_good.ckpt,92,8
18,epsilon,9,32,256,0.2,1.0,az_good.ckpt,az_good.ckpt,189,6
25,epsilon,9,32,256,0.4,1.0,az_good.ckpt,az_good.ckpt,203,4
30,epsilon,9,32,256,0.05,1.0,az_good.ckpt,az_good.ckpt,225,5
9,epsilon,9,32,256,0.5,1.0,az_good.ckpt,az_good.ckpt,165,11
4,epsilon,9,32,256,0.95,1.0,az_good.ckpt,az_good.ckpt,8,9
7,epsilon,9,32,256,0.05,1.0,az_good.ckpt,az_good.ckpt,244,2
3,epsilon,9,32,256,0.1,1.0,az_good.ckpt,az_good.ckpt,249,4
4,epsilon,9,32,256,0.85,1.0,az_good.ckpt,az_good.ckpt,35,5
16,epsilon,9,32,256,0.25,1.0,az_good.ckpt,az_good.ckpt,227,7
18,epsilon,9,32,256,0.4,1.0,az_good.ckpt,az_good.ckpt,234,7
7,epsilon,9,32,256,0.9,1.0,az_good.ckpt,az_good.ckpt,140,12
4,epsilon,9,32,256,0.2,1.0,az_good.ckpt,az_good.ckpt,231,2
7,epsilon,9,32,256,0.1,1.0,az_good.ckpt,az_good.ckpt,240,4
8,epsilon,9,32,256,0.45,1.0,az_good.ckpt,az_good.ckpt,198,5
6,epsilon,9,32,256,0.8,1.0,az_good.ckpt,az_good.ckpt,63,14
17,epsilon,9,32,256,0.95,1.0,az_good.ckpt,az_good.ckpt,30,8
21,epsilon,9,32,256,0.1,1.0,az_good.ckpt,az_good.ckpt,239,4
13,epsilon,9,32,256,0.05,1.0,az_good.ckpt,az_good.ckpt,242,0
24,epsilon,9,32,256,0.65,1.0,az_good.ckpt,az_good.ckpt,158,12
30,epsilon,9,32,256,0.65,1.0,az_good.ckpt,az_good.ckpt,164,8
3,epsilon,9,32,256,0.0,1.0,az_good.ckpt,az_good.ckpt,239,3
15,epsilon,9,32,256,0.25,1.0,az_good.ckpt,az_good.ckpt,209,3
3,epsilon,9,32,256,0.35,1.0,az_good.ckpt,az_good.ckpt,206,9
2,epsilon,9,32,256,0.6,1.0,az_good.ckpt,az_good.ckpt,168,10
18,epsilon,9,32,256,0.9,1.0,az_good.ckpt,az_good.ckpt,14,9
26,epsilon,9,32,256,0.3,1.0,az_good.ckpt,az_good.ckpt,198,5
18,epsilon,9,32,256,0.95,1.0,az_good.ckpt,az_good.ckpt,13,8
17,epsilon,9,32,256,0.75,1.0,az_good.ckpt,az_good.ckpt,116,13
6,epsilon,9,32,256,0.5,1.0,az_good.ckpt,az_good.ckpt,211,13
3,epsilon,9,32,256,0.05,1.0,az_good.ckpt,az_good.ckpt,232,0
7,epsilon,9,32,256,0.15,1.0,az_good.ckpt,az_good.ckpt,224,2
17,epsilon,9,32,256,0.85,1.0,az_good.ckpt,az_good.ckpt,44,13
18,epsilon,9,32,256,0.25,1.0,az_good.ckpt,az_good.ckpt,207,8
23,epsilon,9,32,256,0.2,1.0,az_good.ckpt,az_good.ckpt,247,4
17,epsilon,9,32,256,0.55,1.0,az_good.ckpt,az_good.ckpt,236,8
2,epsilon,9,32,256,0.7,1.0,az_good.ckpt,az_good.ckpt,160,20
17,epsilon,9,32,256,0.05,1.0,az_good.ckpt,az_good.ckpt,242,2
12,epsilon,9,32,256,0.05,1.0,az_good.ckpt,az_good.ckpt,233,3
13,epsilon,9,32,256,0.0,1.0,az_good.ckpt,az_good.ckpt,238,1
24,epsilon,9,32,256,0.3,1.0,az_good.ckpt,az_good.ckpt,235,7
22,epsilon,9,32,256,0.8,1.0,az_good.ckpt,az_good.ckpt,29,2
17,epsilon,9,32,256,0.4,1.0,az_good.ckpt,az_good.ckpt,209,5
8,epsilon,9,32,256,0.65,1.0,az_good.ckpt,az_good.ckpt,134,8
10,epsilon,9,32,256,0.45,1.0,az_good.ckpt,az_good.ckpt,186,10
25,epsilon,9,32,256,0.55,1.0,az_good.ckpt,az_good.ckpt,186,12
23,epsilon,9,32,256,0.8,1.0,az_good.ckpt,az_good.ckpt,30,7
7,epsilon,9,32,256,0.7,1.0,az_good.ckpt,az_good.ckpt,142,17
16,epsilon,9,32,256,0.15,1.0,az_good.ckpt,az_good.ckpt,222,5
6,epsilon,9,32,256,0.75,1.0,az_good.ckpt,az_good.ckpt,164,10
22,epsilon,9,32,256,0.7,1.0,az_good.ckpt,az_good.ckpt,168,23
20,epsilon,9,32,256,0.2,1.0,az_good.ckpt,az_good.ckpt,237,2
28,epsilon,9,32,256,0.1,1.0,az_good.ckpt,az_good.ckpt,228,3
24,epsilon,9,32,256,0.9,1.0,az_good.ckpt,az_good.ckpt,48,46
16,epsilon,9,32,256,0.35,1.0,az_good.ckpt,az_good.ckpt,182,12
6,epsilon,9,32,256,0.4,1.0,az_good.ckpt,az_good.ckpt,215,6
30,epsilon,9,32,256,0.8,1.0,az_good.ckpt,az_good.ckpt,29,5
26,epsilon,9,32,256,0.35,1.0,az_good.ckpt,az_good.ckpt,211,7
4,epsilon,9,32,256,1.0,1.0,az_good.ckpt,az_good.ckpt,62,7
13,epsilon,9,32,256,0.25,1.0,az_good.ckpt,az_good.ckpt,228,5
22,epsilon,9,32,256,0.15,1.0,az_good.ckpt,az_good.ckpt,240,4
1,epsilon,9,32,256,0.85,1.0,az_good.ckpt,az_good.ckpt,69,7
30,epsilon,9,32,256,0.7,1.0,az_good.ckpt,az_good.ckpt,103,12
4,epsilon,9,32,256,0.65,1.0,az_good.ckpt,az_good.ckpt,174,7
25,epsilon,9,32,256,0.3,1.0,az_good.ckpt,az_good.ckpt,231,8
1,epsilon,9,32,256,0.5,1.0,az_good.ckpt,az_good.ckpt,199,7
12,epsilon,9,32,256,0.1,1.0,az_good.ckpt,az_good.ckpt,219,1
6,epsilon,9,32,256,0.95,1.0,az_good.ckpt,az_good.ckpt,80,19
20,epsilon,9,32,256,0.15,1.0,az_good.ckpt,az_good.ckpt,221,0
8,epsilon,9,32,256,0.95,1.0,az_good.ckpt,az_good.ckpt,30,13
14,epsilon,9,32,256,0.45,1.0,az_good.ckpt,az_good.ckpt,220,9
26,epsilon,9,32,256,0.9,1.0,az_good.ckpt,az_good.ckpt,23,1
21,epsilon,9,32,256,0.15,1.0,az_good.ckpt,az_good.ckpt,235,4
15,epsilon,9,32,256,0.1,1.0,az_good.ckpt,az_good.ckpt,239,3
9,epsilon,9,32,256,0.3,1.0,az_good.ckpt,az_good.ckpt,218,9
15,epsilon,9,32,256,0.9,1.0,az_good.ckpt,az_good.ckpt,119,7
24,epsilon,9,32,256,0.85,1.0,az_good.ckpt,az_good.ckpt,54,7
29,epsilon,9,32,256,0.45,1.0,az_good.ckpt,az_good.ckpt,232,11
10,epsilon,9,32,256,0.4,1.0,az_good.ckpt,az_good.ckpt,213,5
17,epsilon,9,32,256,0.65,1.0,az_good.ckpt,az_good.ckpt,97,10
12,epsilon,9,32,256,0.5,1.0,az_good.ckpt,az_good.ckpt,172,8
15,epsilon,9,32,256,0.85,1.0,az_good.ckpt,az_good.ckpt,54,12
9,ranking,9,32,256,0.7,1.0,az_good.ckpt,az_good.ckpt,142,18
1,ranking,9,32,256,2.4,1.0,az_good.ckpt,az_good.ckpt,16,19
13,ranking,9,32,256,0.8,1.0,az_good.ckpt,az_good.ckpt,188,10
2,ranking,9,32,256,2.6,1.0,az_good.ckpt,az_good.ckpt,73,1
13,ranking,9,32,256,2.4,1.0,az_good.ckpt,az_good.ckpt,79,18
20,ranking,9,32,256,0.3,1.0,az_good.ckpt,az_good.ckpt,173,10
18,ranking,9,32,256,0.2,1.0,az_good.ckpt,az_good.ckpt,199,4
9,ranking,9,32,256,0.9,1.0,az_good.ckpt,az_good.ckpt,116,17
19,ranking,9,32,256,1.0,1.0,az_good.ckpt,az_good.ckpt,130,10
13,ranking,9,32,256,0.1,1.0,az_good.ckpt,az_good.ckpt,217,4
16,ranking,9,32,256,1.9,1.0,az_good.ckpt,az_good.ckpt,51,26
14,ranking,9,32,256,2.7,1.0,az_good.ckpt,az_good.ckpt,13,16
17,ranking,9,32,256,2.8,1.0,az_good.ckpt,az_good.ckpt,52,32
7,ranking,9,32,256,2.6,1.0,az_good.ckpt,az_good.ckpt,32,17
11,ranking,9,32,256,2.6,1.0,az_good.ckpt,az_good.ckpt,135,11
10,ranking,9,32,256,2.0,1.0,az_good.ckpt,az_good.ckpt,7,1
12,ranking,9,32,256,1.3,1.0,az_good.ckpt,az_good.ckpt,102,20
5,ranking,9,32,256,2.9,1.0,az_good.ckpt,az_good.ckpt,28,9
15,ranking,9,32,256,1.2,1.0,az_good.ckpt,az_good.ckpt,118,8
5,ranking,9,32,256,1.0,1.0,az_good.ckpt,az_good.ckpt,151,13
18,ranking,9,32,256,1.5,1.0,az_good.ckpt,az_good.ckpt,39,9
7,ranking,9,32,256,1.4,1.0,az_good.ckpt,az_good.ckpt,119,19
13,ranking,9,32,256,0.6,1.0,az_good.ckpt,az_good.ckpt,162,16
4,ranking,9,32,256,2.0,1.0,az_good.ckpt,az_good.ckpt,13,28
15,ranking,9,32,256,1.9,1.0,az_good.ckpt,az_good.ckpt,79,18
17,ranking,9,32,256,2.4,1.0,az_good.ckpt,az_good.ckpt,22,8
5,ranking,9,32,256,1.4,1.0,az_good.ckpt,az_good.ckpt,22,9
14,ranking,9,32,256,2.3,1.0,az_good.ckpt,az_good.ckpt,56,32
11,ranking,9,32,256,1.0,1.0,az_good.ckpt,az_good.ckpt,164,11
8,ranking,9,32,256,1.7,1.0,az_good.ckpt,az_good.ckpt,44,20
12,ranking,9,32,256,0.0,1.0,az_good.ckpt,az_good.ckpt,230,1
10,ranking,9,32,256,2.3,1.0,az_good.ckpt,az_good.ckpt,23,13
13,ranking,9,32,256,1.6,1.0,az_good.ckpt,az_good.ckpt,20,19
20,ranking,9,32,256,2.4,1.0,az_good.ckpt,az_good.ckpt,14,6
12,ranking,9,32,256,1.5,1.0,az_good.ckpt,az_good.ckpt,91,7
5,ranking,9,32,256,2.0,1.0,az_good.ckpt,az_good.ckpt,34,12
8,ranking,9,32,256,0.8,1.0,az_good.ckpt,az_good.ckpt,199,14
5,ranking,9,32,256,0.2,1.0,az_good.ckpt,az_good.ckpt,223,5
16,ranking,9,32,256,2.2,1.0,az_good.ckpt,az_good.ckpt,112,13
17,ranking,9,32,256,3.0,1.0,az_good.ckpt,az_good.ckpt,50,32
1,ranking,9,32,256,0.7,1.0,az_good.ckpt,az_good.ckpt,171,10
6,ranking,9,32,256,2.2,1.0,az_good.ckpt,az_good.ckpt,71,19
13,ranking,9,32,256,2.9,1.0,az_good.ckpt,az_good.ckpt,5,19
1,ranking,9,32,256,1.5,1.0,az_good.ckpt,az_good.ckpt,107,22
8,ranking,9,32,256,2.0,1.0,az_good.ckpt,az_good.ckpt,41,7
19,ranking,9,32,256,1.6,1.0,az_good.ckpt,az_good.ckpt,13,6
10,ranking,9,32,256,2.1,1.0,az_good.ckpt,az_good.ckpt,6,0
7,ranking,9,32,256,0.8,1.0,az_good.ckpt,az_good.ckpt,116,7
2,ranking,9,32,256,2.5,1.0,az_good.ckpt,az_good.ckpt,35,2
12,ranking,9,32,256,2.7,1.0,az_good.ckpt,az_good.ckpt,11,30
7,ranking,9,32,256,0.1,1.0,az_good.ckpt,az_good.ckpt,241,3
19,ranking,9,32,256,2.4,1.0,az_good.ckpt,az_good.ckpt,90,20
12,ranking,9,32,256,2.2,1.0,az_good.ckpt,az_good.ckpt,118,21
12,ranking,9,32,256,1.6,1.0,az_good.ckpt,az_good.ckpt,65,10
19,ranking,9,32,256,0.6,1.0,az_good.ckpt,az_good.ckpt,188,12
12,ranking,9,32,256,1.4,1.0,az_good.ckpt,az_good.ckpt,88,8
20,ranking,9,32,256,0.5,1.0,az_good.ckpt,az_good.ckpt,171,5
11,ranking,9,32,256,1.5,1.0,az_good.ckpt,az_good.ckpt,103,31
20,ranking,9,32,256,0.8,1.0,az_good.ckpt,az_good.ckpt,161,17
3,ranking,9,32,256,1.7,1.0,az_good.ckpt,az_good.ckpt,86,3
5,ranking,9,32,256,1.5,1.0,az_good.ckpt,az_good.ckpt,37,9
16,ranking,9,32,256,0.8,1.0,az_good.ckpt,az_good.ckpt,150,12
2,ranking,9,32,256,2.2,1.0,az_good.ckpt,az_good.ckpt,124,17
10,ranking,9,32,256,1.4,1.0,az_good.ckpt,az_good.ckpt,48,18
2,ranking,9,32,256,0.8,1.0,az_good.ckpt,az_good.ckpt,164,9
16,ranking,9,32,256,2.8,1.0,az_good.ckpt,az_good.ckpt,27,14
9,ranking,9,32,256,2.1,1.0,az_good.ckpt,az_good.ckpt,58,4
14,ranking,9,32,256,1.1,1.0,az_good.ckpt,az_good.ckpt,134,12
20,ranking,9,32,256,1.7,1.0,az_good.ckpt,az_good.ckpt,42,37
14,ranking,9,32,256,1.8,1.0,az_good.ckpt,az_good.ckpt,57,16
1,ranking,9,32,256,1.9,1.0,az_good.ckpt,az_good.ckpt,17,13
8,ranking,9,32,256,0.5,1.0,az_good.ckpt,az_good.ckpt,172,20
17,ranking,9,32,256,0.8,1.0,az_good.ckpt,az_good.ckpt,105,18
9,ranking,9,32,256,0.2,1.0,az_good.ckpt,az_good.ckpt,176,9
12,ranking,9,32,256,2.4,1.0,az_good.ckpt,az_good.ckpt,12,2
17,ranking,9,32,256,1.0,1.0,az_good.ckpt,az_good.ckpt,132,7
4,ranking,9,32,256,0.4,1.0,az_good.ckpt,az_good.ckpt,198,13
10,ranking,9,32,256,1.9,1.0,az_good.ckpt,az_good.ckpt,18,2
7,ranking,9,32,256,2.1,1.0,az_good.ckpt,az_good.ckpt,138,17
9,ranking,9,32,256,2.8,1.0,az_good.ckpt,az_good.ckpt,18,19
5,ranking,9,32,256,0.1,1.0,az_good.ckpt,az_good.ckpt,235,1
3,ranking,9,32,256,2.9,1.0,az_good.ckpt,az_good.ckpt,46,16
13,ranking,9,32,256,1.2,1.0,az_good.ckpt,az_good.ckpt,81,24
1,ranking,9,32,256,1.2,1.0,az_good.ckpt,az_good.ckpt,82,9
1,ranking,9,32,256,1.1,1.0,az_good.ckpt,az_good.ckpt,80,16
5,ranking,9,32,256,0.5,1.0,az_good.ckpt,az_good.ckpt,169,6
8,ranking,9,32,256,1.4,1.0,az_good.ckpt,az_good.ckpt,58,7
4,ranking,9,32,256,1.3,1.0,az_good.ckpt,az_good.ckpt,18,4
7,ranking,9,32,256,0.6,1.0,az_good.ckpt,az_good.ckpt,181,19
4,ranking,9,32,256,2.3,1.0,az_good.ckpt,az_good.ckpt,22,11
2,ranking,9,32,256,1.7,1.0,az_good.ckpt,az_good.ckpt,102,15
15,ranking,9,32,256,0.1,1.0,az_good.ckpt,az_good.ckpt,241,3
13,ranking,9,32,256,1.8,1.0,az_good.ckpt,az_good.ckpt,34,23
19,ranking,9,32,256,2.0,1.0,az_good.ckpt,az_good.ckpt,21,10
14,ranking,9,32,256,1.9,1.0,az_good.ckpt,az_good.ckpt,9,9
16,ranking,9,32,256,1.8,1.0,az_good.ckpt,az_good.ckpt,127,21
16,ranking,9,32,256,2.9,1.0,az_good.ckpt,az_good.ckpt,34,5
3,ranking,9,32,256,3.0,1.0,az_good.ckpt,az_good.ckpt,87,14
19,ranking,9,32,256,1.1,1.0,az_good.ckpt,az_good.ckpt,115,16
2,ranking,9,32,256,2.8,1.0,az_good.ckpt,az_good.ckpt,79,8
6,ranking,9,32,256,2.7,1.0,az_good.ckpt,az_good.ckpt,27,22
7,ranking,9,32,256,3.0,1.0,az_good.ckpt,az_good.ckpt,67,33
8,ranking,9,32,256,0.0,1.0,az_good.ckpt,az_good.ckpt,239,0
3,ranking,9,32,256,1.4,1.0,az_good.ckpt,az_good.ckpt,128,18
20,ranking,9,32,256,1.8,1.0,az_good.ckpt,az_good.ckpt,12,6
5,ranking,9,32,256,0.7,1.0,az_good.ckpt,az_good.ckpt,151,10
3,ranking,9,32,256,0.0,1.0,az_good.ckpt,az_good.ckpt,240,2
6,ranking,9,32,256,1.3,1.0,az_good.ckpt,az_good.ckpt,91,8
4,ranking,9,32,256,1.4,1.0,az_good.ckpt,az_good.ckpt,86,33
2,ranking,9,32,256,0.2,1.0,az_good.ckpt,az_good.ckpt,204,7
5,ranking,9,32,256,2.4,1.0,az_good.ckpt,az_good.ckpt,48,3
7,ranking,9,32,256,2.7,1.0,az_good.ckpt,az_good.ckpt,32,17
6,ranking,9,32,256,2.0,1.0,az_good.ckpt,az_good.ckpt,83,27
9,ranking,9,32,256,1.6,1.0,az_good.ckpt,az_good.ckpt,150,10
11,ranking,9,32,256,0.5,1.0,az_good.ckpt,az_good.ckpt,173,11
7,ranking,9,32,256,1.2,1.0,az_good.ckpt,az_good.ckpt,65,5
4,ranking,9,32,256,0.6,1.0,az_good.ckpt,az_good.ckpt,179,17
1,ranking,9,32,256,0.8,1.0,az_good.ckpt,az_good.ckpt,119,10
15,ranking,9,32,256,2.0,1.0,az_good.ckpt,az_good.ckpt,18,21
14,ranking,9,32,256,2.6,1.0,az_good.ckpt,az_good.ckpt,6,1
15,ranking,9,32,256,2.9,1.0,az_good.ckpt,az_good.ckpt,106,25
13,ranking,9,32,256,1.4,1.0,az_good.ckpt,az_good.ckpt,63,26
4,ranking,9,32,256,1.1,1.0,az_good.ckpt,az_good.ckpt,149,9
15,ranking,9,32,256,2.3,1.0,az_good.ckpt,az_good.ckpt,46,11
6,ranking,9,32,256,2.4,1.0,az_good.ckpt,az_good.ckpt,4,12
3,ranking,9,32,256,2.2,1.0,az_good.ckpt,az_good.ckpt,44,18
6,ranking,9,32,256,2.9,1.0,az_good.ckpt,az_good.ckpt,12,10
1,ranking,9,32,256,2.9,1.0,az_good.ckpt,az_good.ckpt,10,1
10,ranking,9,32,256,2.6,1.0,az_good.ckpt,az_good.ckpt,32,9
15,ranking,9,32,256,1.6,1.0,az_good.ckpt,az_good.ckpt,81,19
19,ranking,9,32,256,1.7,1.0,az_good.ckpt,az_good.ckpt,12,6
11,ranking,9,32,256,0.8,1.0,az_good.ckpt,az_good.ckpt,131,18
8,ranking,9,32,256,0.9,1.0,az_good.ckpt,az_good.ckpt,130,15
17,ranking,9,32,256,0.0,1.0,az_good.ckpt,az_good.ckpt,241,2
15,ranking,9,32,256,0.7,1.0,az_good.ckpt,az_good.ckpt,149,8
3,ranking,9,32,256,2.5,1.0,az_good.ckpt,az_good.ckpt,69,22
4,ranking,9,32,256,0.1,1.0,az_good.ckpt,az_good.ckpt,209,2
6,ranking,9,32,256,2.6,1.0,az_good.ckpt,az_good.ckpt,3,10
17,ranking,9,32,256,0.4,1.0,az_good.ckpt,az_good.ckpt,171,5
20,ranking,9,32,256,3.0,1.0,az_good.ckpt,az_good.ckpt,16,14
17,ranking,9,32,256,2.9,1.0,az_good.ckpt,az_good.ckpt,50,32
4,ranking,9,32,256,2.6,1.0,az_good.ckpt,az_good.ckpt,7,4
8,ranking,9,32,256,2.6,1.0,az_good.ckpt,az_good.ckpt,15,2
14,ranking,9,32,256,0.5,1.0,az_good.ckpt,az_good.ckpt,216,8
13,ranking,9,32,256,0.3,1.0,az_good.ckpt,az_good.ckpt,194,12
1,ranking,9,32,256,0.0,1.0,az_good.ckpt,az_good.ckpt,236,0
17,ranking,9,32,256,1.4,1.0,az_good.ckpt,az_good.ckpt,51,14
16,ranking,9,32,256,0.9,1.0,az_good.ckpt,az_good.ckpt,179,10
5,ranking,9,32,256,1.2,1.0,az_good.ckpt,az_good.ckpt,58,37
3,ranking,9,32,256,2.1,1.0,az_good.ckpt,az_good.ckpt,44,18
2,ranking,9,32,256,0.7,1.0,az_good.ckpt,az_good.ckpt,159,9
17,ranking,9,32,256,0.6,1.0,az_good.ckpt,az_good.ckpt,153,13
10,ranking,9,32,256,0.7,1.0,az_good.ckpt,az_good.ckpt,134,8
18,ranking,9,32,256,1.1,1.0,az_good.ckpt,az_good.ckpt,164,21
6,ranking,9,32,256,0.9,1.0,az_good.ckpt,az_good.ckpt,89,19
14,ranking,9,32,256,0.8,1.0,az_good.ckpt,az_good.ckpt,107,13
20,ranking,9,32,256,2.3,1.0,az_good.ckpt,az_good.ckpt,16,10
18,ranking,9,32,256,1.3,1.0,az_good.ckpt,az_good.ckpt,100,7
13,ranking,9,32,256,2.6,1.0,az_good.ckpt,az_good.ckpt,4,15
1,ranking,9,32,256,2.6,1.0,az_good.ckpt,az_good.ckpt,18,34
15,ranking,9,32,256,0.6,1.0,az_good.ckpt,az_good.ckpt,158,7
5,ranking,9,32,256,2.5,1.0,az_good.ckpt,az_good.ckpt,118,16
20,ranking,9,32,256,0.4,1.0,az_good.ckpt,az_good.ckpt,194,17
16,ranking,9,32,256,0.0,1.0,az_good.ckpt,az_good.ckpt,237,3
5,ranking,9,32,256,2.2,1.0,az_good.ckpt,az_good.ckpt,7,8
2,ranking,9,32,256,0.6,1.0,az_good.ckpt,az_good.ckpt,147,20
18,ranking,9,32,256,2.3,1.0,az_good.ckpt,az_good.ckpt,44,25
5,ranking,9,32,256,0.9,1.0,az_good.ckpt,az_good.ckpt,195,13
1,ranking,9,32,256,1.0,1.0,az_good.ckpt,az_good.ckpt,174,7
3,ranking,9,32,256,0.5,1.0,az_good.ckpt,az_good.ckpt,201,11
2,ranking,9,32,256,2.9,1.0,az_good.ckpt,az_good.ckpt,15,1
19,ranking,9,32,256,0.1,1.0,az_good.ckpt,az_good.ckpt,189,2
14,ranking,9,32,256,1.4,1.0,az_good.ckpt,az_good.ckpt,84,11
7,ranking,9,32,256,1.6,1.0,az_good.ckpt,az_good.ckpt,95,20
1,ranking,9,32,256,2.2,1.0,az_good.ckpt,az_good.ckpt,35,22
6,ranking,9,32,256,0.6,1.0,az_good.ckpt,az_good.ckpt,154,11
13,ranking,9,32,256,1.7,1.0,az_good.ckpt,az_good.ckpt,31,29
6,ranking,9,32,256,1.2,1.0,az_good.ckpt,az_good.ckpt,108,19
11,ranking,9,32,256,3.0,1.0,az_good.ckpt,az_good.ckpt,83,18
17,ranking,9,32,256,2.0,1.0,az_good.ckpt,az_good.ckpt,47,9
12,ranking,9,32,256,0.3,1.0,az_good.ckpt,az_good.ckpt,189,7
9,ranking,9,32,256,3.0,1.0,az_good.ckpt,az_good.ckpt,20,7
20,ranking,9,32,256,2.1,1.0,az_good.ckpt,az_good.ckpt,17,10
1,ranking,9,32,256,0.3,1.0,az_good.ckpt,az_good.ckpt,178,14
13,ranking,9,32,256,0.7,1.0,az_good.ckpt,az_good.ckpt,141,13
4,ranking,9,32,256,0.8,1.0,az_good.ckpt,az_good.ckpt,97,15
8,ranking,9,32,256,0.1,1.0,az_good.ckpt,az_good.ckpt,223,2
1,ranking,9,32,256,2.0,1.0,az_good.ckpt,az_good.ckpt,12,12
14,ranking,9,32,256,0.6,1.0,az_good.ckpt,az_good.ckpt,154,21
7,ranking,9,32,256,1.5,1.0,az_good.ckpt,az_good.ckpt,81,14
11,ranking,9,32,256,0.3,1.0,az_good.ckpt,az_good.ckpt,207,19
16,ranking,9,32,256,0.4,1.0,az_good.ckpt,az_good.ckpt,169,7
16,ranking,9,32,256,0.2,1.0,az_good.ckpt,az_good.ckpt,224,9
7,ranking,9,32,256,2.4,1.0,az_good.ckpt,az_good.ckpt,32,18
1,ranking,9,32,256,1.4,1.0,az_good.ckpt,az_good.ckpt,40,7
11,ranking,9,32,256,2.0,1.0,az_good.ckpt,az_good.ckpt,98,21
8,ranking,9,32,256,1.2,1.0,az_good.ckpt,az_good.ckpt,100,13
10,ranking,9,32,256,1.5,1.0,az_good.ckpt,az_good.ckpt,39,22
11,ranking,9,32,256,0.2,1.0,az_good.ckpt,az_good.ckpt,203,10
11,ranking,9,32,256,0.1,1.0,az_good.ckpt,az_good.ckpt,177,3
17,ranking,9,32,256,2.2,1.0,az_good.ckpt,az_good.ckpt,14,10
3,ranking,9,32,256,0.6,1.0,az_good.ckpt,az_good.ckpt,155,11
6,ranking,9,32,256,1.9,1.0,az_good.ckpt,az_good.ckpt,65,19
18,ranking,9,32,256,0.3,1.0,az_good.ckpt,az_good.ckpt,210,11
10,ranking,9,32,256,2.7,1.0,az_good.ckpt,az_good.ckpt,23,7
5,ranking,9,32,256,1.6,1.0,az_good.ckpt,az_good.ckpt,29,5
7,ranking,9,32,256,1.1,1.0,az_good.ckpt,az_good.ckpt,142,18
20,ranking,9,32,256,2.0,1.0,az_good.ckpt,az_good.ckpt,13,3
17,ranking,9,32,256,2.7,1.0,az_good.ckpt,az_good.ckpt,54,33
17,ranking,9,32,256,1.2,1.0,az_good.ckpt,az_good.ckpt,68,15
2,ranking,9,32,256,2.4,1.0,az_good.ckpt,az_good.ckpt,23,2
4,ranking,9,32,256,0.2,1.0,az_good.ckpt,az_good.ckpt,217,3
12,ranking,9,32,256,0.4,1.0,az_good.ckpt,az_good.ckpt,165,5
6,ranking,9,32,256,0.7,1.0,az_good.ckpt,az_good.ckpt,141,11
19,ranking,9,32,256,2.3,1.0,az_good.ckpt,az_good.ckpt,62,20
8,ranking,9,32,256,1.8,1.0,az_good.ckpt,az_good.ckpt,29,8
15,ranking,9,32,256,1.4,1.0,az_good.ckpt,az_good.ckpt,35,15
10,ranking,9,32,256,2.8,1.0,az_good.ckpt,az_good.ckpt,29,7
20,ranking,9,32,256,1.6,1.0,az_good.ckpt,az_good.ckpt,109,29
6,ranking,9,32,256,2.5,1.0,az_good.ckpt,az_good.ckpt,4,12
13,ranking,9,32,256,3.0,1.0,az_good.ckpt,az_good.ckpt,6,13
7,ranking,9,32,256,0.0,1.0,az_good.ckpt,az_good.ckpt,239,1
14,ranking,9,32,256,2.2,1.0,az_good.ckpt,az_good.ckpt,6,6
6,ranking,9,32,256,0.2,1.0,az_good.ckpt,az_good.ckpt,228,17
13,ranking,9,32,256,1.3,1.0,az_good.ckpt,az_good.ckpt,157,14
4,ranking,9,32,256,2.1,1.0,az_good.ckpt,az_good.ckpt,13,28
8,ranking,9,32,256,1.5,1.0,az_good.ckpt,az_good.ckpt,63,7
8,ranking,9,32,256,0.7,1.0,az_good.ckpt,az_good.ckpt,182,8
16,ranking,9,32,256,1.4,1.0,az_good.ckpt,az_good.ckpt,58,15
14,ranking,9,32,256,2.5,1.0,az_good.ckpt,az_good.ckpt,52,22
11,ranking,9,32,256,1.2,1.0,az_good.ckpt,az_good.ckpt,148,27
9,ranking,9,32,256,2.7,1.0,az_good.ckpt,az_good.ckpt,18,19
15,ranking,9,32,256,1.8,1.0,az_good.ckpt,az_good.ckpt,77,23
7,ranking,9,32,256,1.3,1.0,az_good.ckpt,az_good.ckpt,120,7
7,ranking,9,32,256,1.9,1.0,az_good.ckpt,az_good.ckpt,124,16
1,ranking,9,32,256,1.6,1.0,az_good.ckpt,az_good.ckpt,102,5
2,ranking,9,32,256,2.1,1.0,az_good.ckpt,az_good.ckpt,20,5
18,ranking,9,32,256,0.0,1.0,az_good.ckpt,az_good.ckpt,243,1
14,ranking,9,32,256,2.0,1.0,az_good.ckpt,az_good.ckpt,8,7
9,ranking,9,32,256,1.2,1.0,az_good.ckpt,az_good.ckpt,87,14
17,ranking,9,32,256,1.6,1.0,az_good.ckpt,az_good.ckpt,23,10
10,ranking,9,32,256,2.2,1.0,az_good.ckpt,az_good.ckpt,15,2
4,ranking,9,32,256,2.9,1.0,az_good.ckpt,az_good.ckpt,7,4
16,ranking,9,32,256,2.0,1.0,az_good.ckpt,az_good.ckpt,73,20
15,ranking,9,32,256,1.3,1.0,az_good.ckpt,az_good.ckpt,30,9
1,ranking,9,32,256,2.3,1.0,az_good.ckpt,az_good.ckpt,16,20
9,ranking,9,32,256,0.8,1.0,az_good.ckpt,az_good.ckpt,144,21
20,ranking,9,32,256,1.0,1.0,az_good.ckpt,az_good.ckpt,129,12
7,ranking,9,32,256,0.5,1.0,az_good.ckpt,az_good.ckpt,185,13
18,ranking,9,32,256,1.7,1.0,az_good.ckpt,az_good.ckpt,130,14
14,ranking,9,32,256,1.6,1.0,az_good.ckpt,az_good.ckpt,160,26
11,ranking,9,32,256,2.8,1.0,az_good.ckpt,az_good.ckpt,168,22
2,ranking,9,32,256,0.0,1.0,az_good.ckpt,az_good.ckpt,242,1
14,ranking,9,32,256,1.3,1.0,az_good.ckpt,az_good.ckpt,116,16
14,ranking,9,32,256,3.0,1.0,az_good.ckpt,az_good.ckpt,12,11
14,ranking,9,32,256,0.3,1.0,az_good.ckpt,az_good.ckpt,200,9
17,ranking,9,32,256,0.1,1.0,az_good.ckpt,az_good.ckpt,230,2
2,ranking,9,32,256,2.7,1.0,az_good.ckpt,az_good.ckpt,17,2
1,ranking,9,32,256,0.5,1.0,az_good.ckpt,az_good.ckpt,197,12
17,ranking,9,32,256,1.8,1.0,az_good.ckpt,az_good.ckpt,7,9
20,ranking,9,32,256,1.4,1.0,az_good.ckpt,az_good.ckpt,75,28
10,ranking,9,32,256,0.6,1.0,az_good.ckpt,az_good.ckpt,142,9
12,ranking,9,32,256,2.3,1.0,az_good.ckpt,az_good.ckpt,27,4
3,ranking,9,32,256,1.0,1.0,az_good.ckpt,az_good.ckpt,157,14
18,ranking,9,32,256,2.1,1.0,az_good.ckpt,az_good.ckpt,37,29
19,ranking,9,32,256,2.7,1.0,az_good.ckpt,az_good.ckpt,18,60
19,ranking,9,32,256,1.2,1.0,az_good.ckpt,az_good.ckpt,80,6
9,ranking,9,32,256,2.2,1.0,az_good.ckpt,az_good.ckpt,99,15
8,ranking,9,32,256,2.5,1.0,az_good.ckpt,az_good.ckpt,10,1
4,ranking,9,32,256,1.9,1.0,az_good.ckpt,az_good.ckpt,62,20
16,ranking,9,32,256,0.5,1.0,az_good.ckpt,az_good.ckpt,198,11
19,ranking,9,32,256,1.5,1.0,az_good.ckpt,az_good.ckpt,92,11
19,ranking,9,32,256,2.9,1.0,az_good.ckpt,az_good.ckpt,11,21
8,ranking,9,32,256,1.0,1.0,az_good.ckpt,az_good.ckpt,135,12
8,ranking,9,32,256,2.3,1.0,az_good.ckpt,az_good.ckpt,39,7
1,ranking,9,32,256,1.3,1.0,az_good.ckpt,az_good.ckpt,113,5
11,ranking,9,32,256,1.6,1.0,az_good.ckpt,az_good.ckpt,110,26
11,ranking,9,32,256,0.0,1.0,az_good.ckpt,az_good.ckpt,242,2
2,ranking,9,32,256,0.5,1.0,az_good.ckpt,az_good.ckpt,182,13
18,ranking,9,32,256,1.8,1.0,az_good.ckpt,az_good.ckpt,58,11
17,ranking,9,32,256,1.9,1.0,az_good.ckpt,az_good.ckpt,15,8
5,ranking,9,32,256,0.6,1.0,az_good.ckpt,az_good.ckpt,166,18
12,ranking,9,32,256,0.8,1.0,az_good.ckpt,az_good.ckpt,131,18
10,ranking,9,32,256,0.1,1.0,az_good.ckpt,az_good.ckpt,199,0
5,ranking,9,32,256,2.6,1.0,az_good.ckpt,az_good.ckpt,105,7
17,ranking,9,32,256,1.5,1.0,az_good.ckpt,az_good.ckpt,21,9
12,ranking,9,32,256,3.0,1.0,az_good.ckpt,az_good.ckpt,60,16
6,ranking,9,32,256,0.5,1.0,az_good.ckpt,az_good.ckpt,170,13
10,ranking,9,32,256,2.5,1.0,az_good.ckpt,az_good.ckpt,9,8
17,ranking,9,32,256,0.9,1.0,az_good.ckpt,az_good.ckpt,121,12
16,ranking,9,32,256,1.3,1.0,az_good.ckpt,az_good.ckpt,128,21
1,ranking,9,32,256,0.9,1.0,az_good.ckpt,az_good.ckpt,169,8
17,ranking,9,32,256,1.3,1.0,az_good.ckpt,az_good.ckpt,6,10
14,ranking,9,32,256,1.0,1.0,az_good.ckpt,az_good.ckpt,90,20
15,ranking,9,32,256,3.0,1.0,az_good.ckpt,az_good.ckpt,106,25
18,ranking,9,32,256,0.1,1.0,az_good.ckpt,az_good.ckpt,223,3
6,ranking,9,32,256,0.4,1.0,az_good.ckpt,az_good.ckpt,192,24
3,ranking,9,32,256,1.6,1.0,az_good.ckpt,az_good.ckpt,91,6
1,ranking,9,32,256,2.1,1.0,az_good.ckpt,az_good.ckpt,14,15
19,ranking,9,32,256,0.2,1.0,az_good.ckpt,az_good.ckpt,197,3
15,ranking,9,32,256,2.5,1.0,az_good.ckpt,az_good.ckpt,71,8
6,ranking,9,32,256,1.7,1.0,az_good.ckpt,az_good.ckpt,39,8
4,ranking,9,32,256,0.7,1.0,az_good.ckpt,az_good.ckpt,145,12
7,ranking,9,32,256,2.8,1.0,az_good.ckpt,az_good.ckpt,28,18
10,ranking,9,32,256,2.4,1.0,az_good.ckpt,az_good.ckpt,13,7
4,ranking,9,32,256,1.7,1.0,az_good.ckpt,az_good.ckpt,109,24
8,ranking,9,32,256,2.1,1.0,az_good.ckpt,az_good.ckpt,12,12
9,ranking,9,32,256,1.7,1.0,az_good.ckpt,az_good.ckpt,87,9
2,ranking,9,32,256,1.8,1.0,az_good.ckpt,az_good.ckpt,64,12
9,ranking,9,32,256,0.0,1.0,az_good.ckpt,az_good.ckpt,239,4
9,ranking,9,32,256,2.0,1.0,az_good.ckpt,az_good.ckpt,98,16
9,ranking,9,32,256,1.1,1.0,az_good.ckpt,az_good.ckpt,149,7
17,ranking,9,32,256,2.5,1.0,az_good.ckpt,az_good.ckpt,10,9
8,ranking,9,32,256,1.6,1.0,az_good.ckpt,az_good.ckpt,62,6
16,ranking,9,32,256,2.3,1.0,az_good.ckpt,az_good.ckpt,128,20
11,ranking,9,32,256,1.9,1.0,az_good.ckpt,az_good.ckpt,122,19
13,ranking,9,32,256,0.0,1.0,az_good.ckpt,az_good.ckpt,237,2
12,ranking,9,32,256,0.9,1.0,az_good.ckpt,az_good.ckpt,107,14
9,ranking,9,32,256,1.4,1.0,az_good.ckpt,az_good.ckpt,185,10
6,ranking,9,32,256,1.6,1.0,az_good.ckpt,az_good.ckpt,7,7
9,ranking,9,32,256,0.6,1.0,az_good.ckpt,az_good.ckpt,132,8
2,ranking,9,32,256,1.3,1.0,az_good.ckpt,az_good.ckpt,142,21
15,ranking,9,32,256,1.0,1.0,az_good.ckpt,az_good.ckpt,112,11
13,ranking,9,32,256,2.2,1.0,az_good.ckpt,az_good.ckpt,11,16
1,ranking,9,32,256,0.4,1.0,az_good.ckpt,az_good.ckpt,199,15
3,ranking,9,32,256,1.3,1.0,az_good.ckpt,az_good.ckpt,154,11
15,ranking,9,32,256,0.2,1.0,az_good.ckpt,az_good.ckpt,205,2
8,ranking,9,32,256,2.2,1.0,az_good.ckpt,az_good.ckpt,13,1
5,ranking,9,32,256,1.9,1.0,az_good.ckpt,az_good.ckpt,25,13
14,ranking,9,32,256,1.2,1.0,az_good.ckpt,az_good.ckpt,93,13
3,ranking,9,32,256,0.3,1.0,az_good.ckpt,az_good.ckpt,166,9
20,ranking,9,32,256,1.2,1.0,az_good.ckpt,az_good.ckpt,109,14
5,ranking,9,32,256,1.3,1.0,az_good.ckpt,az_good.ckpt,35,8
13,ranking,9,32,256,2.1,1.0,az_good.ckpt,az_good.ckpt,15,16
17,ranking,9,32,256,2.1,1.0,az_good.ckpt,az_good.ckpt,15,9
14,ranking,9,32,256,1.5,1.0,az_good.ckpt,az_good.ckpt,89,9
6,ranking,9,32,256,2.3,1.0,az_good.ckpt,az_good.ckpt,7,15
13,ranking,9,32,256,2.5,1.0,az_good.ckpt,az_good.ckpt,9,17
17,ranking,9,32,256,0.5,1.0,az_good.ckpt,az_good.ckpt,211,7
12,ranking,9,32,256,1.9,1.0,az_good.ckpt,az_good.ckpt,72,15
3,ranking,9,32,256,2.7,1.0,az_good.ckpt,az_good.ckpt,54,24
12,ranking,9,32,256,1.1,1.0,az_good.ckpt,az_good.ckpt,160,12
9,ranking,9,32,256,2.9,1.0,az_good.ckpt,az_good.ckpt,11,3
15,ranking,9,32,256,2.4,1.0,az_good.ckpt,az_good.ckpt,52,11
20,ranking,9,32,256,2.5,1.0,az_good.ckpt,az_good.ckpt,10,6
3,ranking,9,32,256,2.8,1.0,az_good.ckpt,az_good.ckpt,46,16
10,ranking,9,32,256,1.6,1.0,az_good.ckpt,az_good.ckpt,24,5
11,ranking,9,32,256,1.7,1.0,az_good.ckpt,az_good.ckpt,142,14
6,ranking,9,32,256,2.1,1.0,az_good.ckpt,az_good.ckpt,57,28
18,ranking,9,32,256,3.0,1.0,az_good.ckpt,az_good.ckpt,35,6
19,ranking,9,32,256,2.1,1.0,az_good.ckpt,az_good.ckpt,22,13
2,ranking,9,32,256,0.9,1.0,az_good.ckpt,az_good.ckpt,201,9
4,ranking,9,32,256,2.2,1.0,az_good.ckpt,az_good.ckpt,105,16
12,ranking,9,32,256,2.9,1.0,az_good.ckpt,az_good.ckpt,25,6
19,ranking,9,32,256,3.0,1.0,az_good.ckpt,az_good.ckpt,13,10
11,ranking,9,32,256,0.4,1.0,az_good.ckpt,az_good.ckpt,205,19
12,ranking,9,32,256,0.7,1.0,az_good.ckpt,az_good.ckpt,180,13
19,ranking,9,32,256,2.8,1.0,az_good.ckpt,az_good.ckpt,11,21
18,ranking,9,32,256,2.0,1.0,az_good.ckpt,az_good.ckpt,52,15
4,ranking,9,32,256,1.6,1.0,az_good.ckpt,az_good.ckpt,41,23
7,ranking,9,32,256,1.8,1.0,az_good.ckpt,az_good.ckpt,117,11
12,ranking,9,32,256,1.8,1.0,az_good.ckpt,az_good.ckpt,191,21
10,ranking,9,32,256,3.0,1.0,az_good.ckpt,az_good.ckpt,9,6
6,ranking,9,32,256,1.1,1.0,az_good.ckpt,az_good.ckpt,108,20
19,ranking,9,32,256,0.5,1.0,az_good.ckpt,az_good.ckpt,187,12
11,ranking,9,32,256,0.7,1.0,az_good.ckpt,az_good.ckpt,167,15
13,ranking,9,32,256,1.9,1.0,az_good.ckpt,az_good.ckpt,22,30
3,ranking,9,32,256,1.2,1.0,az_good.ckpt,az_good.ckpt,126,22
20,ranking,9,32,256,1.1,1.0,az_good.ckpt,az_good.ckpt,120,5
18,ranking,9,32,256,2.2,1.0,az_good.ckpt,az_good.ckpt,45,23
11,ranking,9,32,256,1.8,1.0,az_good.ckpt,az_good.ckpt,120,19
10,ranking,9,32,256,0.8,1.0,az_good.ckpt,az_good.ckpt,185,13
12,ranking,9,32,256,1.7,1.0,az_good.ckpt,az_good.ckpt,86,16
8,ranking,9,32,256,2.7,1.0,az_good.ckpt,az_good.ckpt,3,6
12,ranking,9,32,256,1.2,1.0,az_good.ckpt,az_good.ckpt,106,24
15,ranking,9,32,256,1.7,1.0,az_good.ckpt,az_good.ckpt,49,15
12,ranking,9,32,256,1.0,1.0,az_good.ckpt,az_good.ckpt,158,13
19,ranking,9,32,256,0.4,1.0,az_good.ckpt,az_good.ckpt,195,16
20,ranking,9,32,256,2.6,1.0,az_good.ckpt,az_good.ckpt,10,6
15,ranking,9,32,256,2.1,1.0,az_good.ckpt,az_good.ckpt,67,16
6,ranking,9,32,256,1.4,1.0,az_good.ckpt,az_good.ckpt,153,8
7,ranking,9,32,256,2.3,1.0,az_good.ckpt,az_good.ckpt,61,11
2,ranking,9,32,256,2.0,1.0,az_good.ckpt,az_good.ckpt,9,1
3,ranking,9,32,256,1.1,1.0,az_good.ckpt,az_good.ckpt,150,11
18,ranking,9,32,256,2.8,1.0,az_good.ckpt,az_good.ckpt,32,25
16,ranking,9,32,256,0.7,1.0,az_good.ckpt,az_good.ckpt,168,24
16,ranking,9,32,256,2.4,1.0,az_good.ckpt,az_good.ckpt,41,34
16,ranking,9,32,256,1.6,1.0,az_good.ckpt,az_good.ckpt,91,14
18,ranking,9,32,256,1.0,1.0,az_good.ckpt,az_good.ckpt,134,18
5,ranking,9,32,256,0.3,1.0,az_good.ckpt,az_good.ckpt,169,7
4,ranking,9,32,256,1.2,1.0,az_good.ckpt,az_good.ckpt,114,14
7,ranking,9,32,256,0.9,1.0,az_good.ckpt,az_good.ckpt,134,8
4,ranking,9,32,256,1.8,1.0,az_good.ckpt,az_good.ckpt,48,25
13,ranking,9,32,256,1.0,1.0,az_good.ckpt,az_good.ckpt,161,17
8,ranking,9,32,256,1.1,1.0,az_good.ckpt,az_good.ckpt,199,15
17,ranking,9,32,256,0.2,1.0,az_good.ckpt,az_good.ckpt,208,6
15,ranking,9,32,256,2.8,1.0,az_good.ckpt,az_good.ckpt,114,27
14,ranking,9,32,256,0.0,1.0,az_good.ckpt,az_good.ckpt,241,2
19,ranking,9,32,256,2.5,1.0,az_good.ckpt,az_good.ckpt,38,45
4,ranking,9,32,256,0.3,1.0,az_good.ckpt,az_good.ckpt,196,11
2,ranking,9,32,256,0.3,1.0,az_good.ckpt,az_good.ckpt,194,7
20,ranking,9,32,256,1.5,1.0,az_good.ckpt,az_good.ckpt,70,14
5,ranking,9,32,256,2.3,1.0,az_good.ckpt,az_good.ckpt,33,7
16,ranking,9,32,256,1.7,1.0,az_good.ckpt,az_good.ckpt,164,22
6,ranking,9,32,256,0.8,1.0,az_good.ckpt,az_good.ckpt,121,16
6,ranking,9,32,256,0.0,1.0,az_good.ckpt,az_good.ckpt,245,1
13,ranking,9,32,256,1.1,1.0,az_good.ckpt,az_good.ckpt,108,20
16,ranking,9,32,256,1.5,1.0,az_good.ckpt,az_good.ckpt,41,19
11,ranking,9,32,256,2.1,1.0,az_good.ckpt,az_good.ckpt,109,16
15,ranking,9,32,256,0.4,1.0,az_good.ckpt,az_good.ckpt,185,9
3,ranking,9,32,256,2.0,1.0,az_good.ckpt,az_good.ckpt,48,9
13,ranking,9,32,256,2.7,1.0,az_good.ckpt,az_good.ckpt,4,15
12,ranking,9,32,256,2.0,1.0,az_good.ckpt,az_good.ckpt,81,16
16,ranking,9,32,256,3.0,1.0,az_good.ckpt,az_good.ckpt,57,15
7,ranking,9,32,256,2.2,1.0,az_good.ckpt,az_good.ckpt,73,7
5,ranking,9,32,256,0.8,1.0,az_good.ckpt,az_good.ckpt,121,16
4,ranking,9,32,256,3.0,1.0,az_good.ckpt,az_good.ckpt,8,4
20,ranking,9,32,256,0.7,1.0,az_good.ckpt,az_good.ckpt,136,16
17,ranking,9,32,256,2.3,1.0,az_good.ckpt,az_good.ckpt,20,9
1,ranking,9,32,256,1.7,1.0,az_good.ckpt,az_good.ckpt,89,16
1,ranking,9,32,256,2.5,1.0,az_good.ckpt,az_good.ckpt,50,24
3,ranking,9,32,256,1.8,1.0,az_good.ckpt,az_good.ckpt,120,21
16,ranking,9,32,256,0.1,1.0,az_good.ckpt,az_good.ckpt,205,11
9,ranking,9,32,256,0.3,1.0,az_good.ckpt,az_good.ckpt,216,14
8,ranking,9,32,256,1.9,1.0,az_good.ckpt,az_good.ckpt,29,8
11,ranking,9,32,256,0.6,1.0,az_good.ckpt,az_good.ckpt,169,5
14,ranking,9,32,256,0.2,1.0,az_good.ckpt,az_good.ckpt,228,5
5,ranking,9,32,256,2.7,1.0,az_good.ckpt,az_good.ckpt,75,3
8,ranking,9,32,256,1.3,1.0,az_good.ckpt,az_good.ckpt,108,13
16,ranking,9,32,256,1.2,1.0,az_good.ckpt,az_good.ckpt,18,22
2,ranking,9,32,256,1.2,1.0,az_good.ckpt,az_good.ckpt,189,18
9,ranking,9,32,256,2.6,1.0,az_good.ckpt,az_good.ckpt,20,19
15,ranking,9,32,256,1.5,1.0,az_good.ckpt,az_good.ckpt,161,16
12,ranking,9,32,256,2.6,1.0,az_good.ckpt,az_good.ckpt,13,4
14,ranking,9,32,256,0.7,1.0,az_good.ckpt,az_good.ckpt,168,8
19,ranking,9,32,256,2.2,1.0,az_good.ckpt,az_good.ckpt,10,12
2,ranking,9,32,256,2.3,1.0,az_good.ckpt,az_good.ckpt,99,20
18,ranking,9,32,256,2.5,1.0,az_good.ckpt,az_good.ckpt,30,27
8,ranking,9,32,256,0.2,1.0,az_good.ckpt,az_good.ckpt,231,3
20,ranking,9,32,256,0.2,1.0,az_good.ckpt,az_good.ckpt,209,4
7,ranking,9,32,256,1.0,1.0,az_good.ckpt,az_good.ckpt,74,24
13,ranking,9,32,256,2.8,1.0,az_good.ckpt,az_good.ckpt,5,19
18,ranking,9,32,256,0.7,1.0,az_good.ckpt,az_good.ckpt,127,17
10,ranking,9,32,256,1.7,1.0,az_good.ckpt,az_good.ckpt,21,3
17,ranking,9,32,256,2.6,1.0,az_good.ckpt,az_good.ckpt,14,11
9,ranking,9,32,256,0.1,1.0,az_good.ckpt,az_good.ckpt,232,1
11,ranking,9,32,256,2.3,1.0,az_good.ckpt,az_good.ckpt,54,12
18,ranking,9,32,256,0.8,1.0,az_good.ckpt,az_good.ckpt,133,11
11,ranking,9,32,256,2.9,1.0,az_good.ckpt,az_good.ckpt,123,11
13,ranking,9,32,256,0.9,1.0,az_good.ckpt,az_good.ckpt,155,12
2,ranking,9,32,256,1.9,1.0,az_good.ckpt,az_good.ckpt,62,19
1,ranking,9,32,256,2.8,1.0,az_good.ckpt,az_good.ckpt,105,36
12,ranking,9,32,256,0.6,1.0,az_good.ckpt,az_good.ckpt,200,8
18,ranking,9,32,256,2.4,1.0,az_good.ckpt,az_good.ckpt,30,28
19,ranking,9,32,256,1.4,1.0,az_good.ckpt,az_good.ckpt,111,11
16,ranking,9,32,256,2.7,1.0,az_good.ckpt,az_good.ckpt,27,14
3,ranking,9,32,256,0.1,1.0,az_good.ckpt,az_good.ckpt,227,3
3,ranking,9,32,256,1.9,1.0,az_good.ckpt,az_good.ckpt,37,6
19,ranking,9,32,256,1.3,1.0,az_good.ckpt,az_good.ckpt,122,6
14,ranking,9,32,256,2.9,1.0,az_good.ckpt,az_good.ckpt,25,14
2,ranking,9,32,256,0.1,1.0,az_good.ckpt,az_good.ckpt,213,6
16,ranking,9,32,256,2.1,1.0,az_good.ckpt,az_good.ckpt,48,29
10,ranking,9,32,256,0.4,1.0,az_good.ckpt,az_good.ckpt,200,5
3,ranking,9,32,256,0.9,1.0,az_good.ckpt,az_good.ckpt,132,16
1,ranking,9,32,256,0.2,1.0,az_good.ckpt,az_good.ckpt,211,6
5,ranking,9,32,256,0.0,1.0,az_good.ckpt,az_good.ckpt,234,4
3,ranking,9,32,256,1.5,1.0,az_good.ckpt,az_good.ckpt,23,2
14,ranking,9,32,256,0.4,1.0,az_good.ckpt,az_good.ckpt,203,11
10,ranking,9,32,256,0.2,1.0,az_good.ckpt,az_good.ckpt,228,5
2,ranking,9,32,256,1.1,1.0,az_good.ckpt,az_good.ckpt,146,18
3,ranking,9,32,256,2.3,1.0,az_good.ckpt,az_good.ckpt,49,18
17,ranking,9,32,256,0.7,1.0,az_good.ckpt,az_good.ckpt,155,20
3,ranking,9,32,256,0.4,1.0,az_good.ckpt,az_good.ckpt,192,10
19,ranking,9,32,256,0.8,1.0,az_good.ckpt,az_good.ckpt,172,11
13,ranking,9,32,256,0.4,1.0,az_good.ckpt,az_good.ckpt,136,11
20,ranking,9,32,256,2.9,1.0,az_good.ckpt,az_good.ckpt,16,14
18,ranking,9,32,256,0.9,1.0,az_good.ckpt,az_good.ckpt,158,15
10,ranking,9,32,256,2.9,1.0,az_good.ckpt,az_good.ckpt,8,7
18,ranking,9,32,256,0.5,1.0,az_good.ckpt,az_good.ckpt,157,9
17,ranking,9,32,256,0.3,1.0,az_good.ckpt,az_good.ckpt,209,10
3,ranking,9,32,256,2.4,1.0,az_good.ckpt,az_good.ckpt,44,15
2,ranking,9,32,256,3.0,1.0,az_good.ckpt,az_good.ckpt,42,4
6,ranking,9,32,256,1.8,1.0,az_good.ckpt,az_good.ckpt,82,22
16,ranking,9,32,256,1.0,1.0,az_good.ckpt,az_good.ckpt,138,17
14,ranking,9,32,256,2.4,1.0,az_good.ckpt,az_good.ckpt,56,32
6,ranking,9,32,256,0.3,1.0,az_good.ckpt,az_good.ckpt,211,10
19,ranking,9,32,256,2.6,1.0,az_good.ckpt,az_good.ckpt,18,15
14,ranking,9,32,256,0.1,1.0,az_good.ckpt,az_good.ckpt,216,3
4,ranking,9,32,256,2.5,1.0,az_good.ckpt,az_good.ckpt,10,10
1,ranking,9,32,256,1.8,1.0,az_good.ckpt,az_good.ckpt,87,14
13,ranking,9,32,256,0.2,1.0,az_good.ckpt,az_good.ckpt,193,2
6,ranking,9,32,256,1.0,1.0,az_good.ckpt,az_good.ckpt,169,14
15,ranking,9,32,256,0.5,1.0,az_good.ckpt,az_good.ckpt,143,12
10,ranking,9,32,256,0.3,1.0,az_good.ckpt,az_good.ckpt,151,13
6,ranking,9,32,256,1.5,1.0,az_good.ckpt,az_good.ckpt,98,11
10,ranking,9,32,256,1.8,1.0,az_good.ckpt,az_good.ckpt,18,4
4,ranking,9,32,256,0.5,1.0,az_good.ckpt,az_good.ckpt,153,12
15,ranking,9,32,256,2.6,1.0,az_good.ckpt,az_good.ckpt,128,14
9,ranking,9,32,256,1.9,1.0,az_good.ckpt,az_good.ckpt,68,21
20,ranking,9,32,256,1.3,1.0,az_good.ckpt,az_good.ckpt,12,4
16,ranking,9,32,256,2.6,1.0,az_good.ckpt,az_good.ckpt,31,8
15,ranking,9,32,256,0.9,1.0,az_good.ckpt,az_good.ckpt,194,10
9,ranking,9,32,256,2.5,1.0,az_good.ckpt,az_good.ckpt,18,19
4,ranking,9,32,256,0.0,1.0,az_good.ckpt,az_good.ckpt,245,3
20,ranking,9,32,256,2.2,1.0,az_good.ckpt,az_good.ckpt,16,10
15,ranking,9,32,256,2.7,1.0,az_good.ckpt,az_good.ckpt,132,18
6,ranking,9,32,256,0.1,1.0,az_good.ckpt,az_good.ckpt,244,5
18,ranking,9,32,256,0.6,1.0,az_good.ckpt,az_good.ckpt,136,9
1,ranking,9,32,256,0.1,1.0,az_good.ckpt,az_good.ckpt,203,9
2,ranking,9,32,256,1.4,1.0,az_good.ckpt,az_good.ckpt,82,18
14,ranking,9,32,256,1.7,1.0,az_good.ckpt,az_good.ckpt,184,31
19,ranking,9,32,256,0.3,1.0,az_good.ckpt,az_good.ckpt,220,8
4,ranking,9,32,256,2.8,1.0,az_good.ckpt,az_good.ckpt,7,4
5,ranking,9,32,256,3.0,1.0,az_good.ckpt,az_good.ckpt,28,9
5,ranking,9,32,256,2.8,1.0,az_good.ckpt,az_good.ckpt,28,9
2,ranking,9,32,256,1.0,1.0,az_good.ckpt,az_good.ckpt,166,6
12,ranking,9,32,256,2.8,1.0,az_good.ckpt,az_good.ckpt,25,4
7,ranking,9,32,256,0.4,1.0,az_good.ckpt,az_good.ckpt,211,9
3,ranking,9,32,256,2.6,1.0,az_good.ckpt,az_good.ckpt,65,24
14,ranking,9,32,256,0.9,1.0,az_good.ckpt,az_good.ckpt,72,27
9,ranking,9,32,256,2.4,1.0,az_good.ckpt,az_good.ckpt,10,7
8,ranking,9,32,256,3.0,1.0,az_good.ckpt,az_good.ckpt,1,6
7,ranking,9,32,256,2.5,1.0,az_good.ckpt,az_good.ckpt,32,18
16,ranking,9,32,256,0.6,1.0,az_good.ckpt,az_good.ckpt,207,6
1,ranking,9,32,256,0.6,1.0,az_good.ckpt,az_good.ckpt,171,17
11,ranking,9,32,256,1.3,1.0,az_good.ckpt,az_good.ckpt,86,35
9,ranking,9,32,256,0.4,1.0,az_good.ckpt,az_good.ckpt,186,12
8,ranking,9,32,256,2.8,1.0,az_good.ckpt,az_good.ckpt,2,6
19,ranking,9,32,256,0.9,1.0,az_good.ckpt,az_good.ckpt,133,14
12,ranking,9,32,256,2.1,1.0,az_good.ckpt,az_good.ckpt,39,21
1,ranking,9,32,256,2.7,1.0,az_good.ckpt,az_good.ckpt,19,30
10,ranking,9,32,256,1.0,1.0,az_good.ckpt,az_good.ckpt,204,18
11,ranking,9,32,256,2.7,1.0,az_good.ckpt,az_good.ckpt,191,19
15,ranking,9,32,256,1.1,1.0,az_good.ckpt,az_good.ckpt,132,16
20,ranking,9,32,256,2.7,1.0,az_good.ckpt,az_good.ckpt,10,6
18,ranking,9,32,256,0.4,1.0,az_good.ckpt,az_good.ckpt,160,18
19,ranking,9,32,256,1.9,1.0,az_good.ckpt,az_good.ckpt,56,6
8,ranking,9,32,256,0.4,1.0,az_good.ckpt,az_good.ckpt,223,8
10,ranking,9,32,256,0.9,1.0,az_good.ckpt,az_good.ckpt,163,11
13,ranking,9,32,256,2.0,1.0,az_good.ckpt,az_good.ckpt,26,17
7,ranking,9,32,256,0.7,1.0,az_good.ckpt,az_good.ckpt,142,26
5,ranking,9,32,256,1.8,1.0,az_good.ckpt,az_good.ckpt,23,11
12,ranking,9,32,256,0.1,1.0,az_good.ckpt,az_good.ckpt,229,9
17,ranking,9,32,256,1.1,1.0,az_good.ckpt,az_good.ckpt,46,15
13,ranking,9,32,256,1.5,1.0,az_good.ckpt,az_good.ckpt,44,14
4,ranking,9,32,256,0.9,1.0,az_good.ckpt,az_good.ckpt,142,9
9,ranking,9,32,256,1.3,1.0,az_good.ckpt,az_good.ckpt,80,9
19,ranking,9,32,256,0.7,1.0,az_good.ckpt,az_good.ckpt,200,12
16,ranking,9,32,256,1.1,1.0,az_good.ckpt,az_good.ckpt,134,23
8,ranking,9,32,256,2.4,1.0,az_good.ckpt,az_good.ckpt,92,18
20,ranking,9,32,256,0.1,1.0,az_good.ckpt,az_good.ckpt,222,6
2,ranking,9,32,256,1.5,1.0,az_good.ckpt,az_good.ckpt,111,28
8,ranking,9,32,256,2.9,1.0,az_good.ckpt,az_good.ckpt,1,8
7,ranking,9,32,256,0.3,1.0,az_good.ckpt,az_good.ckpt,204,1
1,ranking,9,32,256,3.0,1.0,az_good.ckpt,az_good.ckpt,7,0
7,ranking,9,32,256,0.2,1.0,az_good.ckpt,az_good.ckpt,215,11
5,ranking,9,32,256,0.4,1.0,az_good.ckpt,az_good.ckpt,198,9
13,ranking,9,32,256,0.5,1.0,az_good.ckpt,az_good.ckpt,210,13
9,ranking,9,32,256,1.5,1.0,az_good.ckpt,az_good.ckpt,136,8
3,ranking,9,32,256,0.7,1.0,az_good.ckpt,az_good.ckpt,115,9
4,ranking,9,32,256,2.7,1.0,az_good.ckpt,az_good.ckpt,10,5
6,ranking,9,32,256,3.0,1.0,az_good.ckpt,az_good.ckpt,12,10
10,ranking,9,32,256,1.1,1.0,az_good.ckpt,az_good.ckpt,131,9
18,ranking,9,32,256,1.4,1.0,az_good.ckpt,az_good.ckpt,101,10
20,ranking,9,32,256,0.0,1.0,az_good.ckpt,az_good.ckpt,235,2
3,ranking,9,32,256,0.8,1.0,az_good.ckpt,az_good.ckpt,212,8
5,ranking,9,32,256,2.1,1.0,az_good.ckpt,az_good.ckpt,46,10
12,ranking,9,32,256,0.2,1.0,az_good.ckpt,az_good.ckpt,198,5
9,ranking,9,32,256,1.8,1.0,az_good.ckpt,az_good.ckpt,68,12
18,ranking,9,32,256,1.6,1.0,az_good.ckpt,az_good.ckpt,34,5
12,ranking,9,32,256,2.5,1.0,az_good.ckpt,az_good.ckpt,6,4
18,ranking,9,32,256,2.7,1.0,az_good.ckpt,az_good.ckpt,33,25
16,ranking,9,32,256,0.3,1.0,az_good.ckpt,az_good.ckpt,196,4
7,ranking,9,32,256,2.0,1.0,az_good.ckpt,az_good.ckpt,92,10
15,ranking,9,32,256,2.2,1.0,az_good.ckpt,az_good.ckpt,57,9
15,ranking,9,32,256,0.0,1.0,az_good.ckpt,az_good.ckpt,245,3
14,ranking,9,32,256,2.1,1.0,az_good.ckpt,az_good.ckpt,8,9
16,ranking,9,32,256,2.5,1.0,az_good.ckpt,az_good.ckpt,39,28
10,ranking,9,32,256,1.3,1.0,az_good.ckpt,az_good.ckpt,120,12
2,ranking,9,32,256,1.6,1.0,az_good.ckpt,az_good.ckpt,116,24
13,ranking,9,32,256,2.3,1.0,az_good.ckpt,az_good.ckpt,8,17
19,ranking,9,32,256,0.0,1.0,az_good.ckpt,az_good.ckpt,237,2
20,ranking,9,32,256,2.8,1.0,az_good.ckpt,az_good.ckpt,7,6
20,ranking,9,32,256,0.9,1.0,az_good.ckpt,az_good.ckpt,155,22
11,ranking,9,32,256,1.1,1.0,az_good.ckpt,az_good.ckpt,181,17
20,ranking,9,32,256,1.9,1.0,az_good.ckpt,az_good.ckpt,20,4
6,ranking,9,32,256,2.8,1.0,az_good.ckpt,az_good.ckpt,27,22
17,ranking,9,32,256,1.7,1.0,az_good.ckpt,az_good.ckpt,31,8
11,ranking,9,32,256,2.2,1.0,az_good.ckpt,az_good.ckpt,113,15
11,ranking,9,32,256,0.9,1.0,az_good.ckpt,az_good.ckpt,146,6
15,ranking,9,32,256,0.8,1.0,az_good.ckpt,az_good.ckpt,125,22
10,ranking,9,32,256,1.2,1.0,az_good.ckpt,az_good.ckpt,115,10
7,ranking,9,32,256,2.9,1.0,az_good.ckpt,az_good.ckpt,39,14
12,ranking,9,32,256,0.5,1.0,az_good.ckpt,az_good.ckpt,153,13
11,ranking,9,32,256,1.4,1.0,az_good.ckpt,az_good.ckpt,151,30
18,ranking,9,32,256,2.6,1.0,az_good.ckpt,az_good.ckpt,30,27
9,ranking,9,32,256,2.3,1.0,az_good.ckpt,az_good.ckpt,29,11
15,ranking,9,32,256,0.3,1.0,az_good.ckpt,az_good.ckpt,162,7
4,ranking,9,32,256,1.0,1.0,az_good.ckpt,az_good.ckpt,126,7
14,ranking,9,32,256,2.8,1.0,az_good.ckpt,az_good.ckpt,13,7
5,ranking,9,32,256,1.7,1.0,az_good.ckpt,az_good.ckpt,14,6
8,ranking,9,32,256,0.6,1.0,az_good.ckpt,az_good.ckpt,201,15
5,ranking,9,32,256,1.1,1.0,az_good.ckpt,az_good.ckpt,60,15
4,ranking,9,32,256,2.4,1.0,az_good.ckpt,az_good.ckpt,28,7
19,ranking,9,32,256,1.8,1.0,az_good.ckpt,az_good.ckpt,24,12
18,ranking,9,32,256,1.2,1.0,az_good.ckpt,az_good.ckpt,121,10
20,ranking,9,32,256,0.6,1.0,az_good.ckpt,az_good.ckpt,207,15
9,ranking,9,32,256,1.0,1.0,az_good.ckpt,az_good.ckpt,124,14
4,ranking,9,32,256,1.5,1.0,az_good.ckpt,az_good.ckpt,51,29
2,ranking,9,32,256,0.4,1.0,az_good.ckpt,az_good.ckpt,187,11
11,ranking,9,32,256,2.5,1.0,az_good.ckpt,az_good.ckpt,83,7
8,ranking,9,32,256,0.3,1.0,az_good.ckpt,az_good.ckpt,204,1
10,ranking,9,32,256,0.0,1.0,az_good.ckpt,az_good.ckpt,243,1
11,ranking,9,32,256,2.4,1.0,az_good.ckpt,az_good.ckpt,65,7
18,ranking,9,32,256,2.9,1.0,az_good.ckpt,az_good.ckpt,25,19
7,ranking,9,32,256,1.7,1.0,az_good.ckpt,az_good.ckpt,86,22
9,ranking,9,32,256,0.5,1.0,az_good.ckpt,az_good.ckpt,146,11
18,ranking,9,32,256,1.9,1.0,az_good.ckpt,az_good.ckpt,188,22
10,ranking,9,32,256,0.5,1.0,az_good.ckpt,az_good.ckpt,138,14
3,ranking,9,32,256,0.2,1.0,az_good.ckpt,az_good.ckpt,206,4
14,temperature,9,32,256,0.8333,1.0,az_good.ckpt,az_good.ckpt,11,19
9,temperature,9,32,256,0.9,1.0,az_good.ckpt,az_good.ckpt,28,0
5,temperature,9,32,256,0.6666,1.0,az_good.ckpt,az_good.ckpt,91,9
28,temperature,9,32,256,0.3,1.0,az_good.ckpt,az_good.ckpt,226,6
14,temperature,9,32,256,1.0,1.0,az_good.ckpt,az_good.ckpt,29,26
23,temperature,9,32,256,0.4333,1.0,az_good.ckpt,az_good.ckpt,227,6
24,temperature,9,32,256,0.1666,1.0,az_good.ckpt,az_good.ckpt,223,4
7,temperature,9,32,256,0.6,1.0,az_good.ckpt,az_good.ckpt,179,11
7,temperature,9,32,256,0.2333,1.0,az_good.ckpt,az_good.ckpt,232,2
9,temperature,9,32,256,0.2666,1.0,az_good.ckpt,az_good.ckpt,216,7
22,temperature,9,32,256,0.3666,1.0,az_good.ckpt,az_good.ckpt,242,10
30,temperature,9,32,256,0.1,1.0,az_good.ckpt,az_good.ckpt,237,2
23,temperature,9,32,256,0.9666,1.0,az_good.ckpt,az_good.ckpt,137,21
23,temperature,9,32,256,0.7666,1.0,az_good.ckpt,az_good.ckpt,99,19
15,temperature,9,32,256,0.3,1.0,az_good.ckpt,az_good.ckpt,213,2
4,temperature,9,32,256,1.0,1.0,az_good.ckpt,az_good.ckpt,6,11
16,temperature,9,32,256,0.2333,1.0,az_good.ckpt,az_good.ckpt,241,8
20,temperature,9,32,256,0.3333,1.0,az_good.ckpt,az_good.ckpt,154,10
10,temperature,9,32,256,0.9333,1.0,az_good.ckpt,az_good.ckpt,49,28
12,temperature,9,32,256,0.2,1.0,az_good.ckpt,az_good.ckpt,217,4
26,temperature,9,32,256,0.7,1.0,az_good.ckpt,az_good.ckpt,22,26
15,temperature,9,32,256,0.7666,1.0,az_good.ckpt,az_good.ckpt,4,1
19,temperature,9,32,256,0.1666,1.0,az_good.ckpt,az_good.ckpt,238,4
18,temperature,9,32,256,0.4333,1.0,az_good.ckpt,az_good.ckpt,148,9
20,temperature,9,32,256,0.8666,1.0,az_good.ckpt,az_good.ckpt,32,13
14,temperature,9,32,256,0.2,1.0,az_good.ckpt,az_good.ckpt,234,7
8,temperature,9,32,256,0.2666,1.0,az_good.ckpt,az_good.ckpt,185,6
28,temperature,9,32,256,0.5333,1.0,az_good.ckpt,az_good.ckpt,167,14
21,temperature,9,32,256,0.7333,1.0,az_good.ckpt,az_good.ckpt,19,14
3,temperature,9,32,256,0.5333,1.0,az_good.ckpt,az_good.ckpt,170,15
16,temperature,9,32,256,0.3,1.0,az_good.ckpt,az_good.ckpt,221,3
6,temperature,9,32,256,0.6666,1.0,az_good.ckpt,az_good.ckpt,104,26
10,temperature,9,32,256,0.7333,1.0,az_good.ckpt,az_good.ckpt,24,8
15,temperature,9,32,256,0.4,1.0,az_good.ckpt,az_good.ckpt,81,1
15,temperature,9,32,256,0.3666,1.0,az_good.ckpt,az_good.ckpt,190,4
4,temperature,9,32,256,0.3666,1.0,az_good.ckpt,az_good.ckpt,212,8
4,temperature,9,32,256,0.6,1.0,az_good.ckpt,az_good.ckpt,25,7
26,temperature,9,32,256,0.2666,1.0,az_good.ckpt,az_good.ckpt,235,4
27,temperature,9,32,256,0.7,1.0,az_good.ckpt,az_good.ckpt,30,8
8,temperature,9,32,256,0.4666,1.0,az_good.ckpt,az_good.ckpt,121,8
29,temperature,9,32,256,0.4333,1.0,az_good.ckpt,az_good.ckpt,206,17
26,temperature,9,32,256,0.4333,1.0,az_good.ckpt,az_good.ckpt,131,14
23,temperature,9,32,256,0.0,1.0,az_good.ckpt,az_good.ckpt,238,5
12,temperature,9,32,256,0.6,1.0,az_good.ckpt,az_good.ckpt,200,14
26,temperature,9,32,256,0.1,1.0,az_good.ckpt,az_good.ckpt,237,7
22,temperature,9,32,256,0.7333,1.0,az_good.ckpt,az_good.ckpt,132,14
1,temperature,9,32,256,0.3666,1.0,az_good.ckpt,az_good.ckpt,215,18
4,temperature,9,32,256,0.3333,1.0,az_good.ckpt,az_good.ckpt,194,4
9,temperature,9,32,256,0.0666,1.0,az_good.ckpt,az_good.ckpt,239,3
24,temperature,9,32,256,0.1333,1.0,az_good.ckpt,az_good.ckpt,247,2
16,temperature,9,32,256,1.0,1.0,az_good.ckpt,az_good.ckpt,13,2
26,temperature,9,32,256,0.2333,1.0,az_good.ckpt,az_good.ckpt,223,4
15,temperature,9,32,256,0.6,1.0,az_good.ckpt,az_good.ckpt,39,5
13,temperature,9,32,256,0.9666,1.0,az_good.ckpt,az_good.ckpt,3,3
1,temperature,9,32,256,0.0666,1.0,az_good.ckpt,az_good.ckpt,248,2
3,temperature,9,32,256,0.8,1.0,az_good.ckpt,az_good.ckpt,31,0
9,temperature,9,32,256,0.8666,1.0,az_good.ckpt,az_good.ckpt,35,8
11,temperature,9,32,256,0.8333,1.0,az_good.ckpt,az_good.ckpt,91,9
21,temperature,9,32,256,0.3666,1.0,az_good.ckpt,az_good.ckpt,197,10
4,temperature,9,32,256,0.2,1.0,az_good.ckpt,az_good.ckpt,215,7
11,temperature,9,32,256,0.8666,1.0,az_good.ckpt,az_good.ckpt,115,44
22,temperature,9,32,256,0.4333,1.0,az_good.ckpt,az_good.ckpt,211,6
25,temperature,9,32,256,0.0333,1.0,az_good.ckpt,az_good.ckpt,241,4
11,temperature,9,32,256,0.1,1.0,az_good.ckpt,az_good.ckpt,241,2
24,temperature,9,32,256,0.8333,1.0,az_good.ckpt,az_good.ckpt,32,6
28,temperature,9,32,256,0.4333,1.0,az_good.ckpt,az_good.ckpt,192,7
22,temperature,9,32,256,0.6666,1.0,az_good.ckpt,az_good.ckpt,66,7
2,temperature,9,32,256,0.4333,1.0,az_good.ckpt,az_good.ckpt,79,7
26,temperature,9,32,256,0.6333,1.0,az_good.ckpt,az_good.ckpt,26,12
11,temperature,9,32,256,0.1666,1.0,az_good.ckpt,az_good.ckpt,239,9
14,temperature,9,32,256,0.7,1.0,az_good.ckpt,az_good.ckpt,116,9
10,temperature,9,32,256,0.7666,1.0,az_good.ckpt,az_good.ckpt,160,12
13,temperature,9,32,256,0.1666,1.0,az_good.ckpt,az_good.ckpt,218,4
5,temperature,9,32,256,0.8,1.0,az_good.ckpt,az_good.ckpt,104,14
8,temperature,9,32,256,0.8,1.0,az_good.ckpt,az_good.ckpt,33,7
2,temperature,9,32,256,0.9333,1.0,az_good.ckpt,az_good.ckpt,20,8
8,temperature,9,32,256,0.9666,1.0,az_good.ckpt,az_good.ckpt,41,18
5,temperature,9,32,256,0.9666,1.0,az_good.ckpt,az_good.ckpt,12,2
19,temperature,9,32,256,1.0,1.0,az_good.ckpt,az_good.ckpt,98,9
28,temperature,9,32,256,0.2,1.0,az_good.ckpt,az_good.ckpt,240,0
24,temperature,9,32,256,0.3333,1.0,az_good.ckpt,az_good.ckpt,222,3
21,temperature,9,32,256,0.6333,1.0,az_good.ckpt,az_good.ckpt,27,8
17,temperature,9,32,256,0.2666,1.0,az_good.ckpt,az_good.ckpt,221,9
12,temperature,9,32,256,0.7333,1.0,az_good.ckpt,az_good.ckpt,7,5
8,temperature,9,32,256,0.0333,1.0,az_good.ckpt,az_good.ckpt,232,2
13,temperature,9,32,256,0.7666,1.0,az_good.ckpt,az_good.ckpt,36,10
14,temperature,9,32,256,0.4333,1.0,az_good.ckpt,az_good.ckpt,166,3
29,temperature,9,32,256,0.9,1.0,az_good.ckpt,az_good.ckpt,59,21
29,temperature,9,32,256,0.8,1.0,az_good.ckpt,az_good.ckpt,25,18
7,temperature,9,32,256,0.7333,1.0,az_good.ckpt,az_good.ckpt,130,22
8,temperature,9,32,256,0.9333,1.0,az_good.ckpt,az_good.ckpt,18,8
27,temperature,9,32,256,0.4333,1.0,az_good.ckpt,az_good.ckpt,190,19
30,temperature,9,32,256,0.1666,1.0,az_good.ckpt,az_good.ckpt,227,5
23,temperature,9,32,256,1.0,1.0,az_good.ckpt,az_good.ckpt,71,8
12,temperature,9,32,256,0.6333,1.0,az_good.ckpt,az_good.ckpt,83,13
17,temperature,9,32,256,0.6666,1.0,az_good.ckpt,az_good.ckpt,15,4
9,temperature,9,32,256,0.5333,1.0,az_good.ckpt,az_good.ckpt,155,20
12,temperature,9,32,256,0.2666,1.0,az_good.ckpt,az_good.ckpt,164,10
12,temperature,9,32,256,0.1333,1.0,az_good.ckpt,az_good.ckpt,246,2
10,temperature,9,32,256,0.9,1.0,az_good.ckpt,az_good.ckpt,65,28
6,temperature,9,32,256,0.4666,1.0,az_good.ckpt,az_good.ckpt,155,6
17,temperature,9,32,256,0.6333,1.0,az_good.ckpt,az_good.ckpt,18,0
2,temperature,9,32,256,0.3333,1.0,az_good.ckpt,az_good.ckpt,185,12
18,temperature,9,32,256,0.3,1.0,az_good.ckpt,az_good.ckpt,224,7
8,temperature,9,32,256,0.5,1.0,az_good.ckpt,az_good.ckpt,143,18
30,temperature,9,32,256,0.3,1.0,az_good.ckpt,az_good.ckpt,241,7
14,temperature,9,32,256,0.4,1.0,az_good.ckpt,az_good.ckpt,101,5
20,temperature,9,32,256,0.7333,1.0,az_good.ckpt,az_good.ckpt,132,17
29,temperature,9,32,256,0.9666,1.0,az_good.ckpt,az_good.ckpt,44,11
7,temperature,9,32,256,0.3666,1.0,az_good.ckpt,az_good.ckpt,210,9
18,temperature,9,32,256,0.0666,1.0,az_good.ckpt,az_good.ckpt,237,3
8,temperature,9,32,256,0.4,1.0,az_good.ckpt,az_good.ckpt,182,6
13,temperature,9,32,256,0.4,1.0,az_good.ckpt,az_good.ckpt,193,5
8,temperature,9,32,256,0.7,1.0,az_good.ckpt,az_good.ckpt,156,17
2,temperature,9,32,256,0.4666,1.0,az_good.ckpt,az_good.ckpt,189,8
7,temperature,9,32,256,0.8666,1.0,az_good.ckpt,az_good.ckpt,116,10
10,temperature,9,32,256,0.7,1.0,az_good.ckpt,az_good.ckpt,17,2
23,temperature,9,32,256,0.0333,1.0,az_good.ckpt,az_good.ckpt,231,0
20,temperature,9,32,256,0.0333,1.0,az_good.ckpt,az_good.ckpt,239,1
4,temperature,9,32,256,0.5333,1.0,az_good.ckpt,az_good.ckpt,23,3
25,temperature,9,32,256,0.6333,1.0,az_good.ckpt,az_good.ckpt,83,10
14,temperature,9,32,256,0.3,1.0,az_good.ckpt,az_good.ckpt,235,7
13,temperature,9,32,256,0.0,1.0,az_good.ckpt,az_good.ckpt,237,2
25,temperature,9,32,256,0.7,1.0,az_good.ckpt,az_good.ckpt,49,11
29,temperature,9,32,256,0.7,1.0,az_good.ckpt,az_good.ckpt,154,32
6,temperature,9,32,256,0.6333,1.0,az_good.ckpt,az_good.ckpt,118,3
2,temperature,9,32,256,0.5666,1.0,az_good.ckpt,az_good.ckpt,121,7
7,temperature,9,32,256,0.9333,1.0,az_good.ckpt,az_good.ckpt,28,4
22,temperature,9,32,256,0.8333,1.0,az_good.ckpt,az_good.ckpt,49,6
2,temperature,9,32,256,0.1,1.0,az_good.ckpt,az_good.ckpt,241,4
25,temperature,9,32,256,0.9333,1.0,az_good.ckpt,az_good.ckpt,3,2
2,temperature,9,32,256,0.6,1.0,az_good.ckpt,az_good.ckpt,130,9
4,temperature,9,32,256,0.9333,1.0,az_good.ckpt,az_good.ckpt,6,11
26,temperature,9,32,256,0.9,1.0,az_good.ckpt,az_good.ckpt,5,2
24,temperature,9,32,256,0.7,1.0,az_good.ckpt,az_good.ckpt,47,10
12,temperature,9,32,256,0.0333,1.0,az_good.ckpt,az_good.ckpt,230,2
12,temperature,9,32,256,0.5333,1.0,az_good.ckpt,az_good.ckpt,140,7
27,temperature,9,32,256,0.9333,1.0,az_good.ckpt,az_good.ckpt,40,12
1,temperature,9,32,256,0.4333,1.0,az_good.ckpt,az_good.ckpt,194,12
18,temperature,9,32,256,0.4666,1.0,az_good.ckpt,az_good.ckpt,27,15
23,temperature,9,32,256,0.9,1.0,az_good.ckpt,az_good.ckpt,39,22
17,temperature,9,32,256,0.9,1.0,az_good.ckpt,az_good.ckpt,1,0
7,temperature,9,32,256,0.9,1.0,az_good.ckpt,az_good.ckpt,179,11
11,temperature,9,32,256,0.7333,1.0,az_good.ckpt,az_good.ckpt,39,2
16,temperature,9,32,256,0.5,1.0,az_good.ckpt,az_good.ckpt,107,11
29,temperature,9,32,256,0.0,1.0,az_good.ckpt,az_good.ckpt,233,0
11,temperature,9,32,256,0.1333,1.0,az_good.ckpt,az_good.ckpt,221,2
8,temperature,9,32,256,0.3666,1.0,az_good.ckpt,az_good.ckpt,126,15
25,temperature,9,32,256,0.7333,1.0,az_good.ckpt,az_good.ckpt,46,5
28,temperature,9,32,256,0.0,1.0,az_good.ckpt,az_good.ckpt,245,3
3,temperature,9,32,256,0.3,1.0,az_good.ckpt,az_good.ckpt,186,3
1,temperature,9,32,256,0.0,1.0,az_good.ckpt,az_good.ckpt,236,0
26,temperature,9,32,256,0.7333,1.0,az_good.ckpt,az_good.ckpt,7,20
13,temperature,9,32,256,0.4333,1.0,az_good.ckpt,az_good.ckpt,155,10
21,temperature,9,32,256,0.4,1.0,az_good.ckpt,az_good.ckpt,124,23
28,temperature,9,32,256,0.9,1.0,az_good.ckpt,az_good.ckpt,157,17
17,temperature,9,32,256,0.2,1.0,az_good.ckpt,az_good.ckpt,205,4
5,temperature,9,32,256,0.6,1.0,az_good.ckpt,az_good.ckpt,43,36
16,temperature,9,32,256,0.0,1.0,az_good.ckpt,az_good.ckpt,237,3
5,temperature,9,32,256,0.4,1.0,az_good.ckpt,az_good.ckpt,149,18
18,temperature,9,32,256,0.8666,1.0,az_good.ckpt,az_good.ckpt,19,10
4,temperature,9,32,256,0.7,1.0,az_good.ckpt,az_good.ckpt,209,6
4,temperature,9,32,256,0.8,1.0,az_good.ckpt,az_good.ckpt,63,10
16,temperature,9,32,256,0.2666,1.0,az_good.ckpt,az_good.ckpt,239,4
9,temperature,9,32,256,0.2,1.0,az_good.ckpt,az_good.ckpt,229,4
17,temperature,9,32,256,0.9333,1.0,az_good.ckpt,az_good.ckpt,4,37
30,temperature,9,32,256,0.1333,1.0,az_good.ckpt,az_good.ckpt,240,3
28,temperature,9,32,256,0.8333,1.0,az_good.ckpt,az_good.ckpt,7,1
13,temperature,9,32,256,0.0333,1.0,az_good.ckpt,az_good.ckpt,237,1
26,temperature,9,32,256,0.8666,1.0,az_good.ckpt,az_good.ckpt,6,2
5,temperature,9,32,256,0.0,1.0,az_good.ckpt,az_good.ckpt,234,4
10,temperature,9,32,256,0.0,1.0,az_good.ckpt,az_good.ckpt,243,1
2,temperature,9,32,256,0.2,1.0,az_good.ckpt,az_good.ckpt,230,5
14,temperature,9,32,256,0.3333,1.0,az_good.ckpt,az_good.ckpt,196,6
25,temperature,9,32,256,0.6666,1.0,az_good.ckpt,az_good.ckpt,52,13
3,temperature,9,32,256,0.7333,1.0,az_good.ckpt,az_good.ckpt,39,7
14,temperature,9,32,256,0.0,1.0,az_good.ckpt,az_good.ckpt,241,2
30,temperature,9,32,256,0.8333,1.0,az_good.ckpt,az_good.ckpt,20,14
9,temperature,9,32,256,0.1,1.0,az_good.ckpt,az_good.ckpt,229,2
12,temperature,9,32,256,0.5666,1.0,az_good.ckpt,az_good.ckpt,46,5
29,temperature,9,32,256,0.1666,1.0,az_good.ckpt,az_good.ckpt,230,7
30,temperature,9,32,256,0.2333,1.0,az_good.ckpt,az_good.ckpt,237,7
16,temperature,9,32,256,0.1333,1.0,az_good.ckpt,az_good.ckpt,229,2
15,temperature,9,32,256,0.5666,1.0,az_good.ckpt,az_good.ckpt,44,8
9,temperature,9,32,256,0.4,1.0,az_good.ckpt,az_good.ckpt,237,9
22,temperature,9,32,256,0.0,1.0,az_good.ckpt,az_good.ckpt,237,3
17,temperature,9,32,256,1.0,1.0,az_good.ckpt,az_good.ckpt,5,12
22,temperature,9,32,256,0.3333,1.0,az_good.ckpt,az_good.ckpt,226,10
25,temperature,9,32,256,0.9666,1.0,az_good.ckpt,az_good.ckpt,3,3
20,temperature,9,32,256,0.0,1.0,az_good.ckpt,az_good.ckpt,235,2
8,temperature,9,32,256,0.5333,1.0,az_good.ckpt,az_good.ckpt,155,20
26,temperature,9,32,256,0.6666,1.0,az_good.ckpt,az_good.ckpt,20,40
14,temperature,9,32,256,0.5,1.0,az_good.ckpt,az_good.ckpt,194,8
10,temperature,9,32,256,0.6666,1.0,az_good.ckpt,az_good.ckpt,137,11
5,temperature,9,32,256,0.7666,1.0,az_good.ckpt,az_good.ckpt,11,6
20,temperature,9,32,256,0.6,1.0,az_good.ckpt,az_good.ckpt,25,16
17,temperature,9,32,256,0.8333,1.0,az_good.ckpt,az_good.ckpt,4,5
2,temperature,9,32,256,0.5,1.0,az_good.ckpt,az_good.ckpt,139,9
15,temperature,9,32,256,0.0333,1.0,az_good.ckpt,az_good.ckpt,240,5
1,temperature,9,32,256,0.6333,1.0,az_good.ckpt,az_good.ckpt,25,12
12,temperature,9,32,256,0.8,1.0,az_good.ckpt,az_good.ckpt,10,6
4,temperature,9,32,256,0.4666,1.0,az_good.ckpt,az_good.ckpt,36,5
11,temperature,9,32,256,0.5333,1.0,az_good.ckpt,az_good.ckpt,138,9
7,temperature,9,32,256,0.5666,1.0,az_good.ckpt,az_good.ckpt,157,27
11,temperature,9,32,256,0.9,1.0,az_good.ckpt,az_good.ckpt,129,28
20,temperature,9,32,256,0.9,1.0,az_good.ckpt,az_good.ckpt,39,16
28,temperature,9,32,256,0.4666,1.0,az_good.ckpt,az_good.ckpt,74,24
16,temperature,9,32,256,0.6666,1.0,az_good.ckpt,az_good.ckpt,90,9
15,temperature,9,32,256,0.1333,1.0,az_good.ckpt,az_good.ckpt,231,0
7,temperature,9,32,256,0.6333,1.0,az_good.ckpt,az_good.ckpt,191,12
14,temperature,9,32,256,0.0333,1.0,az_good.ckpt,az_good.ckpt,230,1
5,temperature,9,32,256,0.5666,1.0,az_good.ckpt,az_good.ckpt,134,7
22,temperature,9,32,256,0.2333,1.0,az_good.ckpt,az_good.ckpt,215,3
5,temperature,9,32,256,0.2666,1.0,az_good.ckpt,az_good.ckpt,163,11
3,temperature,9,32,256,0.4333,1.0,az_good.ckpt,az_good.ckpt,182,21
24,temperature,9,32,256,0.7666,1.0,az_good.ckpt,az_good.ckpt,10,5
8,temperature,9,32,256,0.3,1.0,az_good.ckpt,az_good.ckpt,216,15
28,temperature,9,32,256,0.9666,1.0,az_good.ckpt,az_good.ckpt,21,3
18,temperature,9,32,256,0.9333,1.0,az_good.ckpt,az_good.ckpt,23,9
1,temperature,9,32,256,0.9,1.0,az_good.ckpt,az_good.ckpt,13,5
15,temperature,9,32,256,0.2,1.0,az_good.ckpt,az_good.ckpt,225,5
16,temperature,9,32,256,0.7,1.0,az_good.ckpt,az_good.ckpt,26,6
9,temperature,9,32,256,0.5666,1.0,az_good.ckpt,az_good.ckpt,199,12
6,temperature,9,32,256,0.8333,1.0,az_good.ckpt,az_good.ckpt,106,8
22,temperature,9,32,256,0.5666,1.0,az_good.ckpt,az_good.ckpt,135,9
10,temperature,9,32,256,0.8,1.0,az_good.ckpt,az_good.ckpt,7,16
5,temperature,9,32,256,1.0,1.0,az_good.ckpt,az_good.ckpt,12,2
16,temperature,9,32,256,0.6333,1.0,az_good.ckpt,az_good.ckpt,16,6
1,temperature,9,32,256,0.5333,1.0,az_good.ckpt,az_good.ckpt,182,12
24,temperature,9,32,256,0.4333,1.0,az_good.ckpt,az_good.ckpt,144,18
29,temperature,9,32,256,0.5333,1.0,az_good.ckpt,az_good.ckpt,181,11
4,temperature,9,32,256,0.0,1.0,az_good.ckpt,az_good.ckpt,245,3
26,temperature,9,32,256,0.0,1.0,az_good.ckpt,az_good.ckpt,242,3
22,temperature,9,32,256,0.6,1.0,az_good.ckpt,az_good.ckpt,174,9
23,temperature,9,32,256,0.9333,1.0,az_good.ckpt,az_good.ckpt,174,19
6,temperature,9,32,256,0.0666,1.0,az_good.ckpt,az_good.ckpt,245,2
22,temperature,9,32,256,0.1333,1.0,az_good.ckpt,az_good.ckpt,224,2
20,temperature,9,32,256,0.1,1.0,az_good.ckpt,az_good.ckpt,238,1
23,temperature,9,32,256,0.4,1.0,az_good.ckpt,az_good.ckpt,213,7
8,temperature,9,32,256,0.4333,1.0,az_good.ckpt,az_good.ckpt,148,19
21,temperature,9,32,256,0.2666,1.0,az_good.ckpt,az_good.ckpt,209,6
16,temperature,9,32,256,0.7333,1.0,az_good.ckpt,az_good.ckpt,22,15
1,temperature,9,32,256,0.2,1.0,az_good.ckpt,az_good.ckpt,175,6
29,temperature,9,32,256,0.5666,1.0,az_good.ckpt,az_good.ckpt,174,11
15,temperature,9,32,256,0.4666,1.0,az_good.ckpt,az_good.ckpt,216,12
26,temperature,9,32,256,0.3,1.0,az_good.ckpt,az_good.ckpt,237,5
2,temperature,9,32,256,0.0,1.0,az_good.ckpt,az_good.ckpt,242,1
22,temperature,9,32,256,0.1666,1.0,az_good.ckpt,az_good.ckpt,236,4
8,temperature,9,32,256,0.1333,1.0,az_good.ckpt,az_good.ckpt,229,1
19,temperature,9,32,256,0.0333,1.0,az_good.ckpt,az_good.ckpt,237,3
16,temperature,9,32,256,0.8,1.0,az_good.ckpt,az_good.ckpt,25,27
29,temperature,9,32,256,0.6,1.0,az_good.ckpt,az_good.ckpt,50,11
12,temperature,9,32,256,0.7666,1.0,az_good.ckpt,az_good.ckpt,42,10
19,temperature,9,32,256,0.5666,1.0,az_good.ckpt,az_good.ckpt,188,14
25,temperature,9,32,256,0.4,1.0,az_good.ckpt,az_good.ckpt,145,9
20,temperature,9,32,256,0.5666,1.0,az_good.ckpt,az_good.ckpt,27,16
7,temperature,9,32,256,0.8333,1.0,az_good.ckpt,az_good.ckpt,158,18
1,temperature,9,32,256,0.8,1.0,az_good.ckpt,az_good.ckpt,66,5
2,temperature,9,32,256,0.9666,1.0,az_good.ckpt,az_good.ckpt,10,2
24,temperature,9,32,256,0.0666,1.0,az_good.ckpt,az_good.ckpt,227,0
19,temperature,9,32,256,0.8,1.0,az_good.ckpt,az_good.ckpt,136,12
21,temperature,9,32,256,0.1666,1.0,az_good.ckpt,az_good.ckpt,212,7
13,temperature,9,32,256,0.5333,1.0,az_good.ckpt,az_good.ckpt,126,6
15,temperature,9,32,256,0.8333,1.0,az_good.ckpt,az_good.ckpt,11,8
1,temperature,9,32,256,0.2333,1.0,az_good.ckpt,az_good.ckpt,196,5
24,temperature,9,32,256,1.0,1.0,az_good.ckpt,az_good.ckpt,2,5
29,temperature,9,32,256,0.0333,1.0,az_good.ckpt,az_good.ckpt,242,1
22,temperature,9,32,256,0.7666,1.0,az_good.ckpt,az_good.ckpt,190,29
5,temperature,9,32,256,0.3,1.0,az_good.ckpt,az_good.ckpt,128,8
10,temperature,9,32,256,0.5333,1.0,az_good.ckpt,az_good.ckpt,16,1
18,temperature,9,32,256,0.6333,1.0,az_good.ckpt,az_good.ckpt,36,11
24,temperature,9,32,256,0.5,1.0,az_good.ckpt,az_good.ckpt,121,11
14,temperature,9,32,256,0.4666,1.0,az_good.ckpt,az_good.ckpt,187,22
2,temperature,9,32,256,0.8666,1.0,az_good.ckpt,az_good.ckpt,7,1
26,temperature,9,32,256,0.6,1.0,az_good.ckpt,az_good.ckpt,211,20
7,temperature,9,32,256,0.4333,1.0,az_good.ckpt,az_good.ckpt,203,2
29,temperature,9,32,256,0.4666,1.0,az_good.ckpt,az_good.ckpt,130,20
26,temperature,9,32,256,0.2,1.0,az_good.ckpt,az_good.ckpt,214,6
22,temperature,9,32,256,0.9333,1.0,az_good.ckpt,az_good.ckpt,50,29
22,temperature,9,32,256,0.4666,1.0,az_good.ckpt,az_good.ckpt,204,8
2,temperature,9,32,256,0.0333,1.0,az_good.ckpt,az_good.ckpt,220,3
12,temperature,9,32,256,0.9333,1.0,az_good.ckpt,az_good.ckpt,33,12
8,temperature,9,32,256,0.0,1.0,az_good.ckpt,az_good.ckpt,239,0
6,temperature,9,32,256,0.1333,1.0,az_good.ckpt,az_good.ckpt,235,4
11,temperature,9,32,256,0.5666,1.0,az_good.ckpt,az_good.ckpt,179,8
21,temperature,9,32,256,0.1,1.0,az_good.ckpt,az_good.ckpt,246,6
9,temperature,9,32,256,0.7,1.0,az_good.ckpt,az_good.ckpt,30,5
11,temperature,9,32,256,0.4333,1.0,az_good.ckpt,az_good.ckpt,221,10
6,temperature,9,32,256,0.0,1.0,az_good.ckpt,az_good.ckpt,245,1
30,temperature,9,32,256,0.3666,1.0,az_good.ckpt,az_good.ckpt,191,6
3,temperature,9,32,256,0.5,1.0,az_good.ckpt,az_good.ckpt,202,15
28,temperature,9,32,256,1.0,1.0,az_good.ckpt,az_good.ckpt,69,8
17,temperature,9,32,256,0.5,1.0,az_good.ckpt,az_good.ckpt,70,12
10,temperature,9,32,256,0.9666,1.0,az_good.ckpt,az_good.ckpt,8,11
14,temperature,9,32,256,0.1,1.0,az_good.ckpt,az_good.ckpt,234,2
28,temperature,9,32,256,0.4,1.0,az_good.ckpt,az_good.ckpt,161,7
4,temperature,9,32,256,0.1,1.0,az_good.ckpt,az_good.ckpt,233,1
6,temperature,9,32,256,0.2333,1.0,az_good.ckpt,az_good.ckpt,229,5
20,temperature,9,32,256,0.1333,1.0,az_good.ckpt,az_good.ckpt,225,2
27,temperature,9,32,256,0.6,1.0,az_good.ckpt,az_good.ckpt,83,13
18,temperature,9,32,256,0.2666,1.0,az_good.ckpt,az_good.ckpt,230,4
19,temperature,9,32,256,0.9,1.0,az_good.ckpt,az_good.ckpt,27,5
4,temperature,9,32,256,0.3,1.0,az_good.ckpt,az_good.ckpt,225,8
15,temperature,9,32,256,1.0,1.0,az_good.ckpt,az_good.ckpt,4,0
17,temperature,9,32,256,0.1666,1.0,az_good.ckpt,az_good.ckpt,216,1
1,temperature,9,32,256,0.8333,1.0,az_good.ckpt,az_good.ckpt,16,9
14,temperature,9,32,256,0.9333,1.0,az_good.ckpt,az_good.ckpt,25,31
29,temperature,9,32,256,0.5,1.0,az_good.ckpt,az_good.ckpt,146,15
23,temperature,9,32,256,0.2666,1.0,az_good.ckpt,az_good.ckpt,206,8
30,temperature,9,32,256,0.4333,1.0,az_good.ckpt,az_good.ckpt,33,7
19,temperature,9,32,256,0.4,1.0,az_good.ckpt,az_good.ckpt,108,6
13,temperature,9,32,256,0.9333,1.0,az_good.ckpt,az_good.ckpt,31,4
9,temperature,9,32,256,0.3666,1.0,az_good.ckpt,az_good.ckpt,189,10
13,temperature,9,32,256,0.7,1.0,az_good.ckpt,az_good.ckpt,65,30
27,temperature,9,32,256,0.6333,1.0,az_good.ckpt,az_good.ckpt,14,19
25,temperature,9,32,256,0.3,1.0,az_good.ckpt,az_good.ckpt,211,7
10,temperature,9,32,256,0.1,1.0,az_good.ckpt,az_good.ckpt,250,5
1,temperature,9,32,256,0.5666,1.0,az_good.ckpt,az_good.ckpt,165,7
5,temperature,9,32,256,0.1,1.0,az_good.ckpt,az_good.ckpt,233,2
20,temperature,9,32,256,0.5333,1.0,az_good.ckpt,az_good.ckpt,187,21
28,temperature,9,32,256,0.0333,1.0,az_good.ckpt,az_good.ckpt,246,3
1,temperature,9,32,256,0.7,1.0,az_good.ckpt,az_good.ckpt,19,6
23,temperature,9,32,256,0.0666,1.0,az_good.ckpt,az_good.ckpt,237,2
6,temperature,9,32,256,0.8,1.0,az_good.ckpt,az_good.ckpt,54,2
4,temperature,9,32,256,0.7333,1.0,az_good.ckpt,az_good.ckpt,72,25
19,temperature,9,32,256,0.4666,1.0,az_good.ckpt,az_good.ckpt,207,8
19,temperature,9,32,256,0.6333,1.0,az_good.ckpt,az_good.ckpt,103,11
10,temperature,9,32,256,0.4,1.0,az_good.ckpt,az_good.ckpt,200,11
9,temperature,9,32,256,0.9666,1.0,az_good.ckpt,az_good.ckpt,23,25
6,temperature,9,32,256,0.2,1.0,az_good.ckpt,az_good.ckpt,230,3
19,temperature,9,32,256,0.7,1.0,az_good.ckpt,az_good.ckpt,206,13
4,temperature,9,32,256,0.4333,1.0,az_good.ckpt,az_good.ckpt,200,4
27,temperature,9,32,256,0.6666,1.0,az_good.ckpt,az_good.ckpt,43,14
19,temperature,9,32,256,0.2,1.0,az_good.ckpt,az_good.ckpt,246,2
26,temperature,9,32,256,0.5333,1.0,az_good.ckpt,az_good.ckpt,33,8
1,temperature,9,32,256,0.0333,1.0,az_good.ckpt,az_good.ckpt,247,0
19,temperature,9,32,256,0.6,1.0,az_good.ckpt,az_good.ckpt,62,5
16,temperature,9,32,256,0.3666,1.0,az_good.ckpt,az_good.ckpt,207,2
30,temperature,9,32,256,0.6666,1.0,az_good.ckpt,az_good.ckpt,42,7
15,temperature,9,32,256,0.1666,1.0,az_good.ckpt,az_good.ckpt,229,4
6,temperature,9,32,256,0.7333,1.0,az_good.ckpt,az_good.ckpt,38,8
27,temperature,9,32,256,0.3666,1.0,az_good.ckpt,az_good.ckpt,188,19
2,temperature,9,32,256,0.6666,1.0,az_good.ckpt,az_good.ckpt,62,25
10,temperature,9,32,256,0.1333,1.0,az_good.ckpt,az_good.ckpt,234,2
24,temperature,9,32,256,0.9666,1.0,az_good.ckpt,az_good.ckpt,119,26
4,temperature,9,32,256,0.5666,1.0,az_good.ckpt,az_good.ckpt,29,8
7,temperature,9,32,256,0.4666,1.0,az_good.ckpt,az_good.ckpt,112,21
24,temperature,9,32,256,0.2,1.0,az_good.ckpt,az_good.ckpt,239,5
18,temperature,9,32,256,1.0,1.0,az_good.ckpt,az_good.ckpt,12,23
16,temperature,9,32,256,0.4333,1.0,az_good.ckpt,az_good.ckpt,155,14
3,temperature,9,32,256,0.1666,1.0,az_good.ckpt,az_good.ckpt,238,1
21,temperature,9,32,256,0.6666,1.0,az_good.ckpt,az_good.ckpt,25,12
7,temperature,9,32,256,0.5333,1.0,az_good.ckpt,az_good.ckpt,152,11
18,temperature,9,32,256,0.3333,1.0,az_good.ckpt,az_good.ckpt,248,10
13,temperature,9,32,256,0.4666,1.0,az_good.ckpt,az_good.ckpt,228,17
18,temperature,9,32,256,0.1,1.0,az_good.ckpt,az_good.ckpt,244,1
5,temperature,9,32,256,0.3333,1.0,az_good.ckpt,az_good.ckpt,224,8
18,temperature,9,32,256,0.4,1.0,az_good.ckpt,az_good.ckpt,195,17
28,temperature,9,32,256,0.2666,1.0,az_good.ckpt,az_good.ckpt,202,5
18,temperature,9,32,256,0.5,1.0,az_good.ckpt,az_good.ckpt,148,8
11,temperature,9,32,256,0.0,1.0,az_good.ckpt,az_good.ckpt,242,2
20,temperature,9,32,256,1.0,1.0,az_good.ckpt,az_good.ckpt,52,12
28,temperature,9,32,256,0.3333,1.0,az_good.ckpt,az_good.ckpt,183,11
22,temperature,9,32,256,0.8666,1.0,az_good.ckpt,az_good.ckpt,65,13
17,temperature,9,32,256,0.8666,1.0,az_good.ckpt,az_good.ckpt,1,0
18,temperature,9,32,256,0.0333,1.0,az_good.ckpt,az_good.ckpt,233,1
19,temperature,9,32,256,0.6666,1.0,az_good.ckpt,az_good.ckpt,130,10
15,temperature,9,32,256,0.6666,1.0,az_good.ckpt,az_good.ckpt,14,2
14,temperature,9,32,256,0.2666,1.0,az_good.ckpt,az_good.ckpt,199,5
3,temperature,9,32,256,0.1,1.0,az_good.ckpt,az_good.ckpt,242,2
30,temperature,9,32,256,0.6333,1.0,az_good.ckpt,az_good.ckpt,167,20
27,temperature,9,32,256,0.5666,1.0,az_good.ckpt,az_good.ckpt,104,4
11,temperature,9,32,256,0.9666,1.0,az_good.ckpt,az_good.ckpt,16,41
24,temperature,9,32,256,0.4666,1.0,az_good.ckpt,az_good.ckpt,160,10
1,temperature,9,32,256,0.4666,1.0,az_good.ckpt,az_good.ckpt,220,9
3,temperature,9,32,256,0.9666,1.0,az_good.ckpt,az_good.ckpt,7,0
22,temperature,9,32,256,0.5333,1.0,az_good.ckpt,az_good.ckpt,196,11
5,temperature,9,32,256,0.5333,1.0,az_good.ckpt,az_good.ckpt,135,6
9,temperature,9,32,256,0.2333,1.0,az_good.ckpt,az_good.ckpt,204,9
8,temperature,9,32,256,0.7333,1.0,az_good.ckpt,az_good.ckpt,78,18
15,temperature,9,32,256,0.9666,1.0,az_good.ckpt,az_good.ckpt,5,0
11,temperature,9,32,256,0.8,1.0,az_good.ckpt,az_good.ckpt,91,9
6,temperature,9,32,256,0.9333,1.0,az_good.ckpt,az_good.ckpt,116,13
15,temperature,9,32,256,0.4333,1.0,az_good.ckpt,az_good.ckpt,75,9
9,temperature,9,32,256,0.8,1.0,az_good.ckpt,az_good.ckpt,38,12
20,temperature,9,32,256,0.6666,1.0,az_good.ckpt,az_good.ckpt,158,12
15,temperature,9,32,256,0.0666,1.0,az_good.ckpt,az_good.ckpt,241,2
16,temperature,9,32,256,0.8666,1.0,az_good.ckpt,az_good.ckpt,12,4
7,temperature,9,32,256,0.1,1.0,az_good.ckpt,az_good.ckpt,244,2
10,temperature,9,32,256,0.8333,1.0,az_good.ckpt,az_good.ckpt,7,16
12,temperature,9,32,256,0.6666,1.0,az_good.ckpt,az_good.ckpt,99,4
16,temperature,9,32,256,0.9,1.0,az_good.ckpt,az_good.ckpt,9,2
12,temperature,9,32,256,0.3,1.0,az_good.ckpt,az_good.ckpt,211,3
22,temperature,9,32,256,0.9,1.0,az_good.ckpt,az_good.ckpt,34,18
10,temperature,9,32,256,0.3333,1.0,az_good.ckpt,az_good.ckpt,203,9
24,temperature,9,32,256,0.2666,1.0,az_good.ckpt,az_good.ckpt,245,4
4,temperature,9,32,256,0.1666,1.0,az_good.ckpt,az_good.ckpt,247,2
21,temperature,9,32,256,0.8333,1.0,az_good.ckpt,az_good.ckpt,27,25
18,temperature,9,32,256,0.8,1.0,az_good.ckpt,az_good.ckpt,127,6
22,temperature,9,32,256,0.8,1.0,az_good.ckpt,az_good.ckpt,28,9
14,temperature,9,32,256,0.9666,1.0,az_good.ckpt,az_good.ckpt,24,19
19,temperature,9,32,256,0.8666,1.0,az_good.ckpt,az_good.ckpt,26,14
10,temperature,9,32,256,0.2666,1.0,az_good.ckpt,az_good.ckpt,202,4
18,temperature,9,32,256,0.1333,1.0,az_good.ckpt,az_good.ckpt,214,5
30,temperature,9,32,256,0.5,1.0,az_good.ckpt,az_good.ckpt,188,14
5,temperature,9,32,256,0.6333,1.0,az_good.ckpt,az_good.ckpt,98,5
22,temperature,9,32,256,0.0666,1.0,az_good.ckpt,az_good.ckpt,239,2
29,temperature,9,32,256,0.1,1.0,az_good.ckpt,az_good.ckpt,240,2
25,temperature,9,32,256,0.1666,1.0,az_good.ckpt,az_good.ckpt,231,13
19,temperature,9,32,256,0.1,1.0,az_good.ckpt,az_good.ckpt,239,2
11,temperature,9,32,256,0.3,1.0,az_good.ckpt,az_good.ckpt,186,5
6,temperature,9,32,256,0.9666,1.0,az_good.ckpt,az_good.ckpt,110,10
15,temperature,9,32,256,0.5,1.0,az_good.ckpt,az_good.ckpt,49,4
8,temperature,9,32,256,0.7666,1.0,az_good.ckpt,az_good.ckpt,136,30
30,temperature,9,32,256,0.0,1.0,az_good.ckpt,az_good.ckpt,243,1
27,temperature,9,32,256,0.5,1.0,az_good.ckpt,az_good.ckpt,19,12
22,temperature,9,32,256,0.7,1.0,az_good.ckpt,az_good.ckpt,103,10
14,temperature,9,32,256,0.7333,1.0,az_good.ckpt,az_good.ckpt,86,17
18,temperature,9,32,256,0.6,1.0,az_good.ckpt,az_good.ckpt,101,18
19,temperature,9,32,256,0.7333,1.0,az_good.ckpt,az_good.ckpt,160,28
25,temperature,9,32,256,0.0,1.0,az_good.ckpt,az_good.ckpt,250,2
17,temperature,9,32,256,0.3,1.0,az_good.ckpt,az_good.ckpt,198,3
9,temperature,9,32,256,0.3,1.0,az_good.ckpt,az_good.ckpt,214,1
15,temperature,9,32,256,0.0,1.0,az_good.ckpt,az_good.ckpt,245,3
30,temperature,9,32,256,0.7666,1.0,az_good.ckpt,az_good.ckpt,9,12
23,temperature,9,32,256,0.5666,1.0,az_good.ckpt,az_good.ckpt,176,10
13,temperature,9,32,256,0.1,1.0,az_good.ckpt,az_good.ckpt,236,6
8,temperature,9,32,256,0.8666,1.0,az_good.ckpt,az_good.ckpt,130,18
12,temperature,9,32,256,0.4,1.0,az_good.ckpt,az_good.ckpt,133,10
22,temperature,9,32,256,0.2,1.0,az_good.ckpt,az_good.ckpt,216,2
17,temperature,9,32,256,0.5333,1.0,az_good.ckpt,az_good.ckpt,81,19
23,temperature,9,32,256,0.8666,1.0,az_good.ckpt,az_good.ckpt,39,22
23,temperature,9,32,256,0.5333,1.0,az_good.ckpt,az_good.ckpt,149,8
26,temperature,9,32,256,0.7666,1.0,az_good.ckpt,az_good.ckpt,4,11
23,temperature,9,32,256,0.1333,1.0,az_good.ckpt,az_good.ckpt,238,3
21,temperature,9,32,256,0.5333,1.0,az_good.ckpt,az_good.ckpt,34,0
20,temperature,9,32,256,0.3666,1.0,az_good.ckpt,az_good.ckpt,131,11
30,temperature,9,32,256,0.2,1.0,az_good.ckpt,az_good.ckpt,223,11
18,temperature,9,32,256,0.1666,1.0,az_good.ckpt,az_good.ckpt,199,3
21,temperature,9,32,256,0.4666,1.0,az_good.ckpt,az_good.ckpt,16,9
8,temperature,9,32,256,0.3333,1.0,az_good.ckpt,az_good.ckpt,174,26
11,temperature,9,32,256,0.2333,1.0,az_good.ckpt,az_good.ckpt,222,4
8,temperature,9,32,256,0.6666,1.0,az_good.ckpt,az_good.ckpt,105,29
8,temperature,9,32,256,0.6333,1.0,az_good.ckpt,az_good.ckpt,51,31
12,temperature,9,32,256,0.2333,1.0,az_good.ckpt,az_good.ckpt,236,2
9,temperature,9,32,256,0.8333,1.0,az_good.ckpt,az_good.ckpt,80,14
20,temperature,9,32,256,0.5,1.0,az_good.ckpt,az_good.ckpt,142,10
5,temperature,9,32,256,0.2333,1.0,az_good.ckpt,az_good.ckpt,207,6
6,temperature,9,32,256,0.4333,1.0,az_good.ckpt,az_good.ckpt,147,16
27,temperature,9,32,256,0.3,1.0,az_good.ckpt,az_good.ckpt,176,10
22,temperature,9,32,256,0.1,1.0,az_good.ckpt,az_good.ckpt,234,4
9,temperature,9,32,256,0.6333,1.0,az_good.ckpt,az_good.ckpt,53,16
30,temperature,9,32,256,0.5333,1.0,az_good.ckpt,az_good.ckpt,197,5
27,temperature,9,32,256,0.8,1.0,az_good.ckpt,az_good.ckpt,23,10
17,temperature,9,32,256,0.3666,1.0,az_good.ckpt,az_good.ckpt,217,15
3,temperature,9,32,256,0.4666,1.0,az_good.ckpt,az_good.ckpt,37,6
9,temperature,9,32,256,0.0333,1.0,az_good.ckpt,az_good.ckpt,238,2
15,temperature,9,32,256,0.6333,1.0,az_good.ckpt,az_good.ckpt,34,3
13,temperature,9,32,256,0.6,1.0,az_good.ckpt,az_good.ckpt,132,19
29,temperature,9,32,256,0.6666,1.0,az_good.ckpt,az_good.ckpt,38,15
15,temperature,9,32,256,0.1,1.0,az_good.ckpt,az_good.ckpt,225,2
29,temperature,9,32,256,0.3333,1.0,az_good.ckpt,az_good.ckpt,217,7
30,temperature,9,32,256,0.9666,1.0,az_good.ckpt,az_good.ckpt,62,34
1,temperature,9,32,256,0.5,1.0,az_good.ckpt,az_good.ckpt,204,13
11,temperature,9,32,256,0.6,1.0,az_good.ckpt,az_good.ckpt,50,31
7,temperature,9,32,256,0.1666,1.0,az_good.ckpt,az_good.ckpt,219,6
29,temperature,9,32,256,0.3666,1.0,az_good.ckpt,az_good.ckpt,224,7
8,temperature,9,32,256,1.0,1.0,az_good.ckpt,az_good.ckpt,95,28
19,temperature,9,32,256,0.1333,1.0,az_good.ckpt,az_good.ckpt,240,2
1,temperature,9,32,256,1.0,1.0,az_good.ckpt,az_good.ckpt,10,0
18,temperature,9,32,256,0.2,1.0,az_good.ckpt,az_good.ckpt,233,1
11,temperature,9,32,256,0.5,1.0,az_good.ckpt,az_good.ckpt,198,13
4,temperature,9,32,256,0.2333,1.0,az_good.ckpt,az_good.ckpt,218,7
5,temperature,9,32,256,0.7333,1.0,az_good.ckpt,az_good.ckpt,53,14
4,temperature,9,32,256,0.6666,1.0,az_good.ckpt,az_good.ckpt,176,7
13,temperature,9,32,256,0.7333,1.0,az_good.ckpt,az_good.ckpt,19,7
12,temperature,9,32,256,0.9,1.0,az_good.ckpt,az_good.ckpt,17,9
12,temperature,9,32,256,0.1666,1.0,az_good.ckpt,az_good.ckpt,199,2
10,temperature,9,32,256,0.0666,1.0,az_good.ckpt,az_good.ckpt,230,1
5,temperature,9,32,256,0.7,1.0,az_good.ckpt,az_good.ckpt,22,4
30,temperature,9,32,256,0.0666,1.0,az_good.ckpt,az_good.ckpt,235,3
4,temperature,9,32,256,0.7666,1.0,az_good.ckpt,az_good.ckpt,83,16
29,temperature,9,32,256,0.9333,1.0,az_good.ckpt,az_good.ckpt,44,11
1,temperature,9,32,256,0.9666,1.0,az_good.ckpt,az_good.ckpt,20,4
21,temperature,9,32,256,0.6,1.0,az_good.ckpt,az_good.ckpt,13,5
30,temperature,9,32,256,0.2666,1.0,az_good.ckpt,az_good.ckpt,188,7
13,temperature,9,32,256,0.0666,1.0,az_good.ckpt,az_good.ckpt,238,3
7,temperature,9,32,256,0.7,1.0,az_good.ckpt,az_good.ckpt,20,6
5,temperature,9,32,256,0.4666,1.0,az_good.ckpt,az_good.ckpt,120,10
19,temperature,9,32,256,0.7666,1.0,az_good.ckpt,az_good.ckpt,44,29
19,temperature,9,32,256,0.9333,1.0,az_good.ckpt,az_good.ckpt,27,5
22,temperature,9,32,256,0.2666,1.0,az_good.ckpt,az_good.ckpt,246,2
12,temperature,9,32,256,0.4666,1.0,az_good.ckpt,az_good.ckpt,139,18
13,temperature,9,32,256,0.6666,1.0,az_good.ckpt,az_good.ckpt,63,29
18,temperature,9,32,256,0.9666,1.0,az_good.ckpt,az_good.ckpt,2,5
28,temperature,9,32,256,0.1333,1.0,az_good.ckpt,az_good.ckpt,244,0
5,temperature,9,32,256,0.1666,1.0,az_good.ckpt,az_good.ckpt,241,4
26,temperature,9,32,256,0.9333,1.0,az_good.ckpt,az_good.ckpt,9,3
21,temperature,9,32,256,0.7,1.0,az_good.ckpt,az_good.ckpt,49,7
26,temperature,9,32,256,0.8,1.0,az_good.ckpt,az_good.ckpt,29,22
10,temperature,9,32,256,0.4333,1.0,az_good.ckpt,az_good.ckpt,211,16
21,temperature,9,32,256,0.2333,1.0,az_good.ckpt,az_good.ckpt,220,2
23,temperature,9,32,256,0.4666,1.0,az_good.ckpt,az_good.ckpt,89,3
21,temperature,9,32,256,0.2,1.0,az_good.ckpt,az_good.ckpt,231,3
21,temperature,9,32,256,0.0333,1.0,az_good.ckpt,az_good.ckpt,236,3
22,temperature,9,32,256,0.4,1.0,az_good.ckpt,az_good.ckpt,81,17
26,temperature,9,32,256,0.1333,1.0,az_good.ckpt,az_good.ckpt,245,1
5,temperature,9,32,256,0.4333,1.0,az_good.ckpt,az_good.ckpt,41,19
14,temperature,9,32,256,0.5333,1.0,az_good.ckpt,az_good.ckpt,29,4
24,temperature,9,32,256,0.4,1.0,az_good.ckpt,az_good.ckpt,197,10
30,temperature,9,32,256,0.4666,1.0,az_good.ckpt,az_good.ckpt,59,31
16,temperature,9,32,256,0.8333,1.0,az_good.ckpt,az_good.ckpt,17,11
13,temperature,9,32,256,0.3666,1.0,az_good.ckpt,az_good.ckpt,223,6
7,temperature,9,32,256,0.2666,1.0,az_good.ckpt,az_good.ckpt,221,2
15,temperature,9,32,256,0.2333,1.0,az_good.ckpt,az_good.ckpt,214,9
16,temperature,9,32,256,0.9666,1.0,az_good.ckpt,az_good.ckpt,13,1
22,temperature,9,32,256,0.3,1.0,az_good.ckpt,az_good.ckpt,237,6
29,temperature,9,32,256,0.8333,1.0,az_good.ckpt,az_good.ckpt,15,27
21,temperature,9,32,256,0.7666,1.0,az_good.ckpt,az_good.ckpt,32,2
7,temperature,9,32,256,0.2,1.0,az_good.ckpt,az_good.ckpt,229,5
21,temperature,9,32,256,0.9666,1.0,az_good.ckpt,az_good.ckpt,41,14
18,temperature,9,32,256,0.7,1.0,az_good.ckpt,az_good.ckpt,88,14
24,temperature,9,32,256,0.6666,1.0,az_good.ckpt,az_good.ckpt,58,8
21,temperature,9,32,256,1.0,1.0,az_good.ckpt,az_good.ckpt,42,14
25,temperature,9,32,256,0.1,1.0,az_good.ckpt,az_good.ckpt,247,1
7,temperature,9,32,256,1.0,1.0,az_good.ckpt,az_good.ckpt,81,6
4,temperature,9,32,256,0.9,1.0,az_good.ckpt,az_good.ckpt,29,7
2,temperature,9,32,256,1.0,1.0,az_good.ckpt,az_good.ckpt,10,2
23,temperature,9,32,256,0.2,1.0,az_good.ckpt,az_good.ckpt,199,7
13,temperature,9,32,256,0.8666,1.0,az_good.ckpt,az_good.ckpt,18,6
27,temperature,9,32,256,0.3333,1.0,az_good.ckpt,az_good.ckpt,141,15
3,temperature,9,32,256,0.2333,1.0,az_good.ckpt,az_good.ckpt,242,6
28,temperature,9,32,256,0.3666,1.0,az_good.ckpt,az_good.ckpt,132,30
29,temperature,9,32,256,0.1333,1.0,az_good.ckpt,az_good.ckpt,243,1
14,temperature,9,32,256,0.6333,1.0,az_good.ckpt,az_good.ckpt,18,32
5,temperature,9,32,256,0.9,1.0,az_good.ckpt,az_good.ckpt,6,6
5,temperature,9,32,256,0.5,1.0,az_good.ckpt,az_good.ckpt,156,12
20,temperature,9,32,256,0.1666,1.0,az_good.ckpt,az_good.ckpt,238,2
27,temperature,9,32,256,0.2666,1.0,az_good.ckpt,az_good.ckpt,221,9
23,temperature,9,32,256,0.6666,1.0,az_good.ckpt,az_good.ckpt,38,4
9,temperature,9,32,256,0.1333,1.0,az_good.ckpt,az_good.ckpt,188,8
20,temperature,9,32,256,0.4,1.0,az_good.ckpt,az_good.ckpt,220,11
30,temperature,9,32,256,0.6,1.0,az_good.ckpt,az_good.ckpt,145,15
29,temperature,9,32,256,0.8666,1.0,az_good.ckpt,az_good.ckpt,45,26
3,temperature,9,32,256,0.4,1.0,az_good.ckpt,az_good.ckpt,82,11
8,temperature,9,32,256,0.1666,1.0,az_good.ckpt,az_good.ckpt,240,2
3,temperature,9,32,256,0.9333,1.0,az_good.ckpt,az_good.ckpt,7,0
3,temperature,9,32,256,0.7,1.0,az_good.ckpt,az_good.ckpt,177,7
17,temperature,9,32,256,0.3333,1.0,az_good.ckpt,az_good.ckpt,216,6
25,temperature,9,32,256,0.6,1.0,az_good.ckpt,az_good.ckpt,57,10
15,temperature,9,32,256,0.9,1.0,az_good.ckpt,az_good.ckpt,7,1
12,temperature,9,32,256,0.0,1.0,az_good.ckpt,az_good.ckpt,230,1
11,temperature,9,32,256,0.4666,1.0,az_good.ckpt,az_good.ckpt,185,9
12,temperature,9,32,256,0.3333,1.0,az_good.ckpt,az_good.ckpt,197,11
24,temperature,9,32,256,0.9333,1.0,az_good.ckpt,az_good.ckpt,24,22
10,temperature,9,32,256,0.4666,1.0,az_good.ckpt,az_good.ckpt,170,17
19,temperature,9,32,256,0.2666,1.0,az_good.ckpt,az_good.ckpt,241,10
20,temperature,9,32,256,0.4333,1.0,az_good.ckpt,az_good.ckpt,185,7
12,temperature,9,32,256,0.0666,1.0,az_good.ckpt,az_good.ckpt,203,0
15,temperature,9,32,256,0.8,1.0,az_good.ckpt,az_good.ckpt,16,8
10,temperature,9,32,256,0.6333,1.0,az_good.ckpt,az_good.ckpt,148,11
11,temperature,9,32,256,0.9333,1.0,az_good.ckpt,az_good.ckpt,123,15
8,temperature,9,32,256,0.2,1.0,az_good.ckpt,az_good.ckpt,193,2
24,temperature,9,32,256,0.0,1.0,az_good.ckpt,az_good.ckpt,248,2
3,temperature,9,32,256,0.6,1.0,az_good.ckpt,az_good.ckpt,43,8
2,temperature,9,32,256,0.9,1.0,az_good.ckpt,az_good.ckpt,28,16
24,temperature,9,32,256,0.1,1.0,az_good.ckpt,az_good.ckpt,233,3
23,temperature,9,32,256,0.8333,1.0,az_good.ckpt,az_good.ckpt,51,30
2,temperature,9,32,256,0.1333,1.0,az_good.ckpt,az_good.ckpt,232,2
9,temperature,9,32,256,0.9333,1.0,az_good.ckpt,az_good.ckpt,20,13
19,temperature,9,32,256,0.5,1.0,az_good.ckpt,az_good.ckpt,217,3
15,temperature,9,32,256,0.7,1.0,az_good.ckpt,az_good.ckpt,140,4
18,temperature,9,32,256,0.9,1.0,az_good.ckpt,az_good.ckpt,153,14
13,temperature,9,32,256,0.3,1.0,az_good.ckpt,az_good.ckpt,229,9
4,temperature,9,32,256,0.8666,1.0,az_good.ckpt,az_good.ckpt,39,8
24,temperature,9,32,256,0.3,1.0,az_good.ckpt,az_good.ckpt,238,3
23,temperature,9,32,256,0.1666,1.0,az_good.ckpt,az_good.ckpt,240,2
28,temperature,9,32,256,0.8666,1.0,az_good.ckpt,az_good.ckpt,6,0
14,temperature,9,32,256,0.0666,1.0,az_good.ckpt,az_good.ckpt,237,2
19,temperature,9,32,256,0.4333,1.0,az_good.ckpt,az_good.ckpt,178,15
22,temperature,9,32,256,0.9666,1.0,az_good.ckpt,az_good.ckpt,20,27
27,temperature,9,32,256,0.0666,1.0,az_good.ckpt,az_good.ckpt,247,2
2,temperature,9,32,256,0.7666,1.0,az_good.ckpt,az_good.ckpt,27,1
22,temperature,9,32,256,0.0333,1.0,az_good.ckpt,az_good.ckpt,224,3
14,temperature,9,32,256,0.6666,1.0,az_good.ckpt,az_good.ckpt,27,33
3,temperature,9,32,256,0.0666,1.0,az_good.ckpt,az_good.ckpt,242,5
24,temperature,9,32,256,0.0333,1.0,az_good.ckpt,az_good.ckpt,241,1
3,temperature,9,32,256,0.8333,1.0,az_good.ckpt,az_good.ckpt,36,1
19,temperature,9,32,256,0.5333,1.0,az_good.ckpt,az_good.ckpt,53,6
14,temperature,9,32,256,0.7666,1.0,az_good.ckpt,az_good.ckpt,30,5
5,temperature,9,32,256,0.8333,1.0,az_good.ckpt,az_good.ckpt,27,6
9,temperature,9,32,256,0.6666,1.0,az_good.ckpt,az_good.ckpt,18,2
7,temperature,9,32,256,0.3333,1.0,az_good.ckpt,az_good.ckpt,234,6
4,temperature,9,32,256,0.2666,1.0,az_good.ckpt,az_good.ckpt,225,2
29,temperature,9,32,256,0.4,1.0,az_good.ckpt,az_good.ckpt,187,9
21,temperature,9,32,256,0.9333,1.0,az_good.ckpt,az_good.ckpt,47,18
9,temperature,9,32,256,0.7333,1.0,az_good.ckpt,az_good.ckpt,54,14
24,temperature,9,32,256,0.8,1.0,az_good.ckpt,az_good.ckpt,16,36
4,temperature,9,32,256,0.8333,1.0,az_good.ckpt,az_good.ckpt,42,9
26,temperature,9,32,256,0.0333,1.0,az_good.ckpt,az_good.ckpt,231,2
26,temperature,9,32,256,0.1666,1.0,az_good.ckpt,az_good.ckpt,242,4
2,temperature,9,32,256,0.4,1.0,az_good.ckpt,az_good.ckpt,86,4
20,temperature,9,32,256,0.0666,1.0,az_good.ckpt,az_good.ckpt,238,2
25,temperature,9,32,256,0.9,1.0,az_good.ckpt,az_good.ckpt,3,2
8,temperature,9,32,256,0.1,1.0,az_good.ckpt,az_good.ckpt,242,0
4,temperature,9,32,256,0.6333,1.0,az_good.ckpt,az_good.ckpt,53,6
18,temperature,9,32,256,0.5666,1.0,az_good.ckpt,az_good.ckpt,100,11
27,temperature,9,32,256,0.2333,1.0,az_good.ckpt,az_good.ckpt,232,3
26,temperature,9,32,256,0.8333,1.0,az_good.ckpt,az_good.ckpt,29,29
7,temperature,9,32,256,0.0666,1.0,az_good.ckpt,az_good.ckpt,237,1
26,temperature,9,32,256,0.3666,1.0,az_good.ckpt,az_good.ckpt,204,7
6,temperature,9,32,256,0.7666,1.0,az_good.ckpt,az_good.ckpt,127,26
24,temperature,9,32,256,0.3666,1.0,az_good.ckpt,az_good.ckpt,200,4
27,temperature,9,32,256,0.1,1.0,az_good.ckpt,az_good.ckpt,215,0
14,temperature,9,32,256,0.3666,1.0,az_good.ckpt,az_good.ckpt,159,8
19,temperature,9,32,256,0.2333,1.0,az_good.ckpt,az_good.ckpt,241,6
27,temperature,9,32,256,0.4,1.0,az_good.ckpt,az_good.ckpt,132,10
11,temperature,9,32,256,0.7666,1.0,az_good.ckpt,az_good.ckpt,194,10
25,temperature,9,32,256,0.4333,1.0,az_good.ckpt,az_good.ckpt,90,5
27,temperature,9,32,256,0.9,1.0,az_good.ckpt,az_good.ckpt,63,24
21,temperature,9,32,256,0.0,1.0,az_good.ckpt,az_good.ckpt,226,2
13,temperature,9,32,256,0.8,1.0,az_good.ckpt,az_good.ckpt,14,13
18,temperature,9,32,256,0.3666,1.0,az_good.ckpt,az_good.ckpt,195,4
11,temperature,9,32,256,0.0666,1.0,az_good.ckpt,az_good.ckpt,233,1
23,temperature,9,32,256,0.5,1.0,az_good.ckpt,az_good.ckpt,168,27
18,temperature,9,32,256,0.0,1.0,az_good.ckpt,az_good.ckpt,242,1
13,temperature,9,32,256,0.9,1.0,az_good.ckpt,az_good.ckpt,35,16
4,temperature,9,32,256,0.4,1.0,az_good.ckpt,az_good.ckpt,96,13
20,temperature,9,32,256,0.8,1.0,az_good.ckpt,az_good.ckpt,69,8
26,temperature,9,32,256,0.4,1.0,az_good.ckpt,az_good.ckpt,214,4
13,temperature,9,32,256,0.2666,1.0,az_good.ckpt,az_good.ckpt,221,4
19,temperature,9,32,256,0.9666,1.0,az_good.ckpt,az_good.ckpt,23,5
27,temperature,9,32,256,0.8333,1.0,az_good.ckpt,az_good.ckpt,160,17
10,temperature,9,32,256,0.5666,1.0,az_good.ckpt,az_good.ckpt,27,13
17,temperature,9,32,256,0.5666,1.0,az_good.ckpt,az_good.ckpt,43,11
30,temperature,9,32,256,1.0,1.0,az_good.ckpt,az_good.ckpt,31,30
11,temperature,9,32,256,0.3666,1.0,az_good.ckpt,az_good.ckpt,191,7
12,temperature,9,32,256,0.7,1.0,az_good.ckpt,az_good.ckpt,9,4
27,temperature,9,32,256,0.9666,1.0,az_good.ckpt,az_good.ckpt,30,38
16,temperature,9,32,256,0.2,1.0,az_good.ckpt,az_good.ckpt,221,4
23,temperature,9,32,256,0.7,1.0,az_good.ckpt,az_good.ckpt,15,7
3,temperature,9,32,256,0.6333,1.0,az_good.ckpt,az_good.ckpt,45,11
30,temperature,9,32,256,0.7333,1.0,az_good.ckpt,az_good.ckpt,16,20
24,temperature,9,32,256,0.5666,1.0,az_good.ckpt,az_good.ckpt,29,2
14,temperature,9,32,256,0.9,1.0,az_good.ckpt,az_good.ckpt,20,16
20,temperature,9,32,256,0.2,1.0,az_good.ckpt,az_good.ckpt,227,3
22,temperature,9,32,256,0.5,1.0,az_good.ckpt,az_good.ckpt,126,37
10,temperature,9,32,256,0.1666,1.0,az_good.ckpt,az_good.ckpt,239,3
6,temperature,9,32,256,0.0333,1.0,az_good.ckpt,az_good.ckpt,239,0
9,temperature,9,32,256,0.1666,1.0,az_good.ckpt,az_good.ckpt,244,5
17,temperature,9,32,256,0.1333,1.0,az_good.ckpt,az_good.ckpt,227,2
9,temperature,9,32,256,0.6,1.0,az_good.ckpt,az_good.ckpt,94,13
2,temperature,9,32,256,0.6333,1.0,az_good.ckpt,az_good.ckpt,84,6
10,temperature,9,32,256,0.8666,1.0,az_good.ckpt,az_good.ckpt,50,24
17,temperature,9,32,256,0.4,1.0,az_good.ckpt,az_good.ckpt,214,10
11,temperature,9,32,256,0.7,1.0,az_good.ckpt,az_good.ckpt,80,13
27,temperature,9,32,256,0.8666,1.0,az_good.ckpt,az_good.ckpt,34,17
13,temperature,9,32,256,0.2,1.0,az_good.ckpt,az_good.ckpt,219,4
7,temperature,9,32,256,0.7666,1.0,az_good.ckpt,az_good.ckpt,82,9
15,temperature,9,32,256,0.9333,1.0,az_good.ckpt,az_good.ckpt,4,0
1,temperature,9,32,256,0.9333,1.0,az_good.ckpt,az_good.ckpt,14,4
11,temperature,9,32,256,0.6333,1.0,az_good.ckpt,az_good.ckpt,43,11
16,temperature,9,32,256,0.0333,1.0,az_good.ckpt,az_good.ckpt,211,2
16,temperature,9,32,256,0.5666,1.0,az_good.ckpt,az_good.ckpt,197,12
21,temperature,9,32,256,0.1333,1.0,az_good.ckpt,az_good.ckpt,242,3
3,temperature,9,32,256,1.0,1.0,az_good.ckpt,az_good.ckpt,57,8
18,temperature,9,32,256,0.2333,1.0,az_good.ckpt,az_good.ckpt,235,3
25,temperature,9,32,256,0.4666,1.0,az_good.ckpt,az_good.ckpt,157,14
25,temperature,9,32,256,0.7666,1.0,az_good.ckpt,az_good.ckpt,2,2
6,temperature,9,32,256,0.3,1.0,az_good.ckpt,az_good.ckpt,228,5
9,temperature,9,32,256,0.3333,1.0,az_good.ckpt,az_good.ckpt,205,15
13,temperature,9,32,256,0.2333,1.0,az_good.ckpt,az_good.ckpt,230,9
19,temperature,9,32,256,0.8333,1.0,az_good.ckpt,az_good.ckpt,192,17
18,temperature,9,32,256,0.7666,1.0,az_good.ckpt,az_good.ckpt,58,8
7,temperature,9,32,256,0.8,1.0,az_good.ckpt,az_good.ckpt,58,6
28,temperature,9,32,256,0.5,1.0,az_good.ckpt,az_good.ckpt,157,13
12,temperature,9,32,256,0.8666,1.0,az_good.ckpt,az_good.ckpt,14,7
25,temperature,9,32,256,0.2666,1.0,az_good.ckpt,az_good.ckpt,229,1
16,temperature,9,32,256,0.3333,1.0,az_good.ckpt,az_good.ckpt,208,5
7,temperature,9,32,256,0.9666,1.0,az_good.ckpt,az_good.ckpt,90,5
19,temperature,9,32,256,0.0,1.0,az_good.ckpt,az_good.ckpt,237,2
10,temperature,9,32,256,1.0,1.0,az_good.ckpt,az_good.ckpt,11,11
8,temperature,9,32,256,0.5666,1.0,az_good.ckpt,az_good.ckpt,89,24
2,temperature,9,32,256,0.1666,1.0,az_good.ckpt,az_good.ckpt,219,3
5,temperature,9,32,256,0.0666,1.0,az_good.ckpt,az_good.ckpt,235,2
14,temperature,9,32,256,0.1666,1.0,az_good.ckpt,az_good.ckpt,236,0
3,temperature,9,32,256,0.8666,1.0,az_good.ckpt,az_good.ckpt,40,2
1,temperature,9,32,256,0.2666,1.0,az_good.ckpt,az_good.ckpt,224,8
28,temperature,9,32,256,0.6333,1.0,az_good.ckpt,az_good.ckpt,41,16
28,temperature,9,32,256,0.6666,1.0,az_good.ckpt,az_good.ckpt,92,8
15,temperature,9,32,256,0.7333,1.0,az_good.ckpt,az_good.ckpt,4,2
29,temperature,9,32,256,0.2,1.0,az_good.ckpt,az_good.ckpt,236,3
29,temperature,9,32,256,0.7333,1.0,az_good.ckpt,az_good.ckpt,71,19
28,temperature,9,32,256,0.1,1.0,az_good.ckpt,az_good.ckpt,226,3
17,temperature,9,32,256,0.7333,1.0,az_good.ckpt,az_good.ckpt,4,5
8,temperature,9,32,256,0.0666,1.0,az_good.ckpt,az_good.ckpt,244,3
25,temperature,9,32,256,0.5,1.0,az_good.ckpt,az_good.ckpt,20,2
27,temperature,9,32,256,0.7333,1.0,az_good.ckpt,az_good.ckpt,99,16
25,temperature,9,32,256,0.0666,1.0,az_good.ckpt,az_good.ckpt,238,2
10,temperature,9,32,256,0.2,1.0,az_good.ckpt,az_good.ckpt,228,0
17,temperature,9,32,256,0.0,1.0,az_good.ckpt,az_good.ckpt,241,2
13,temperature,9,32,256,0.5,1.0,az_good.ckpt,az_good.ckpt,148,19
6,temperature,9,32,256,0.8666,1.0,az_good.ckpt,az_good.ckpt,87,5
10,temperature,9,32,256,0.3666,1.0,az_good.ckpt,az_good.ckpt,222,5
11,temperature,9,32,256,0.3333,1.0,az_good.ckpt,az_good.ckpt,145,10
20,temperature,9,32,256,0.4666,1.0,az_good.ckpt,az_good.ckpt,77,5
15,temperature,9,32,256,0.8666,1.0,az_good.ckpt,az_good.ckpt,18,11
11,temperature,9,32,256,0.2,1.0,az_good.ckpt,az_good.ckpt,178,0
24,temperature,9,32,256,0.2333,1.0,az_good.ckpt,az_good.ckpt,210,9
17,temperature,9,32,256,0.4666,1.0,az_good.ckpt,az_good.ckpt,185,14
19,temperature,9,32,256,0.3,1.0,az_good.ckpt,az_good.ckpt,189,18
20,temperature,9,32,256,0.8333,1.0,az_good.ckpt,az_good.ckpt,130,10
19,temperature,9,32,256,0.3666,1.0,az_good.ckpt,az_good.ckpt,181,7
16,temperature,9,32,256,0.7666,1.0,az_good.ckpt,az_good.ckpt,36,41
6,temperature,9,32,256,0.6,1.0,az_good.ckpt,az_good.ckpt,97,8
25,temperature,9,32,256,0.5666,1.0,az_good.ckpt,az_good.ckpt,40,19
17,temperature,9,32,256,0.9666,1.0,az_good.ckpt,az_good.ckpt,5,12
20,temperature,9,32,256,0.2333,1.0,az_good.ckpt,az_good.ckpt,229,4
5,temperature,9,32,256,0.1333,1.0,az_good.ckpt,az_good.ckpt,230,2
7,temperature,9,32,256,0.6666,1.0,az_good.ckpt,az_good.ckpt,168,11
13,temperature,9,32,256,0.8333,1.0,az_good.ckpt,az_good.ckpt,19,6
14,temperature,9,32,256,0.5666,1.0,az_good.ckpt,az_good.ckpt,152,8
6,temperature,9,32,256,0.3333,1.0,az_good.ckpt,az_good.ckpt,233,9
27,temperature,9,32,256,0.2,1.0,az_good.ckpt,az_good.ckpt,233,3
11,temperature,9,32,256,0.2666,1.0,az_good.ckpt,az_good.ckpt,223,2
3,temperature,9,32,256,0.0333,1.0,az_good.ckpt,az_good.ckpt,228,0
20,temperature,9,32,256,0.7666,1.0,az_good.ckpt,az_good.ckpt,30,5
12,temperature,9,32,256,0.9666,1.0,az_good.ckpt,az_good.ckpt,16,15
25,temperature,9,32,256,0.8333,1.0,az_good.ckpt,az_good.ckpt,2,2
8,temperature,9,32,256,0.8333,1.0,az_good.ckpt,az_good.ckpt,104,23
28,temperature,9,32,256,0.7,1.0,az_good.ckpt,az_good.ckpt,28,9
19,temperature,9,32,256,0.0666,1.0,az_good.ckpt,az_good.ckpt,236,2
17,temperature,9,32,256,0.0666,1.0,az_good.ckpt,az_good.ckpt,223,0
23,temperature,9,32,256,0.1,1.0,az_good.ckpt,az_good.ckpt,234,2
5,temperature,9,32,256,0.3666,1.0,az_good.ckpt,az_good.ckpt,183,2
23,temperature,9,32,256,0.8,1.0,az_good.ckpt,az_good.ckpt,58,16
17,temperature,9,32,256,0.1,1.0,az_good.ckpt,az_good.ckpt,247,1
21,temperature,9,32,256,0.8666,1.0,az_good.ckpt,az_good.ckpt,104,29
7,temperature,9,32,256,0.5,1.0,az_good.ckpt,az_good.ckpt,120,12
29,temperature,9,32,256,0.0666,1.0,az_good.ckpt,az_good.ckpt,242,3
25,temperature,9,32,256,0.8666,1.0,az_good.ckpt,az_good.ckpt,2,2
27,temperature,9,32,256,0.1333,1.0,az_good.ckpt,az_good.ckpt,199,0
3,temperature,9,32,256,0.7666,1.0,az_good.ckpt,az_good.ckpt,31,0
2,temperature,9,32,256,0.8,1.0,az_good.ckpt,az_good.ckpt,10,2
6,temperature,9,32,256,0.9,1.0,az_good.ckpt,az_good.ckpt,79,4
17,temperature,9,32,256,0.7666,1.0,az_good.ckpt,az_good.ckpt,4,5
21,temperature,9,32,256,0.3,1.0,az_good.ckpt,az_good.ckpt,228,7
12,temperature,9,32,256,1.0,1.0,az_good.ckpt,az_good.ckpt,16,15
29,temperature,9,32,256,0.2666,1.0,az_good.ckpt,az_good.ckpt,222,2
25,temperature,9,32,256,0.2,1.0,az_good.ckpt,az_good.ckpt,235,4
6,temperature,9,32,256,0.2666,1.0,az_good.ckpt,az_good.ckpt,229,4
28,temperature,9,32,256,0.9333,1.0,az_good.ckpt,az_good.ckpt,60,13
7,temperature,9,32,256,0.3,1.0,az_good.ckpt,az_good.ckpt,227,4
20,temperature,9,32,256,0.9666,1.0,az_good.ckpt,az_good.ckpt,106,23
2,temperature,9,32,256,0.7333,1.0,az_good.ckpt,az_good.ckpt,23,0
23,temperature,9,32,256,0.3,1.0,az_good.ckpt,az_good.ckpt,200,11
27,temperature,9,32,256,0.5333,1.0,az_good.ckpt,az_good.ckpt,175,7
21,temperature,9,32,256,0.9,1.0,az_good.ckpt,az_good.ckpt,40,15
15,temperature,9,32,256,0.3333,1.0,az_good.ckpt,az_good.ckpt,207,7
3,temperature,9,32,256,0.0,1.0,az_good.ckpt,az_good.ckpt,240,2
2,temperature,9,32,256,0.0666,1.0,az_good.ckpt,az_good.ckpt,213,1
4,temperature,9,32,256,0.0333,1.0,az_good.ckpt,az_good.ckpt,244,1
19,temperature,9,32,256,0.3333,1.0,az_good.ckpt,az_good.ckpt,201,4
24,temperature,9,32,256,0.7333,1.0,az_good.ckpt,az_good.ckpt,70,8
26,temperature,9,32,256,0.5,1.0,az_good.ckpt,az_good.ckpt,166,12
6,temperature,9,32,256,0.5666,1.0,az_good.ckpt,az_good.ckpt,49,11
25,temperature,9,32,256,0.2333,1.0,az_good.ckpt,az_good.ckpt,247,7
23,temperature,9,32,256,0.6,1.0,az_good.ckpt,az_good.ckpt,36,6
24,temperature,9,32,256,0.6,1.0,az_good.ckpt,az_good.ckpt,80,11
22,temperature,9,32,256,0.6333,1.0,az_good.ckpt,az_good.ckpt,71,17
29,temperature,9,32,256,0.2333,1.0,az_good.ckpt,az_good.ckpt,216,9
21,temperature,9,32,256,0.3333,1.0,az_good.ckpt,az_good.ckpt,223,5
28,temperature,9,32,256,0.7333,1.0,az_good.ckpt,az_good.ckpt,51,9
26,temperature,9,32,256,0.9666,1.0,az_good.ckpt,az_good.ckpt,4,1
30,temperature,9,32,256,0.7,1.0,az_good.ckpt,az_good.ckpt,20,9
15,temperature,9,32,256,0.5333,1.0,az_good.ckpt,az_good.ckpt,88,25
12,temperature,9,32,256,0.3666,1.0,az_good.ckpt,az_good.ckpt,211,14
15,temperature,9,32,256,0.2666,1.0,az_good.ckpt,az_good.ckpt,232,4
21,temperature,9,32,256,0.5666,1.0,az_good.ckpt,az_good.ckpt,12,3
9,temperature,9,32,256,1.0,1.0,az_good.ckpt,az_good.ckpt,28,2
23,temperature,9,32,256,0.6333,1.0,az_good.ckpt,az_good.ckpt,18,9
30,temperature,9,32,256,0.8,1.0,az_good.ckpt,az_good.ckpt,9,12
29,temperature,9,32,256,0.3,1.0,az_good.ckpt,az_good.ckpt,229,21
11,temperature,9,32,256,1.0,1.0,az_good.ckpt,az_good.ckpt,15,30
27,temperature,9,32,256,0.1666,1.0,az_good.ckpt,az_good.ckpt,235,3
17,temperature,9,32,256,0.4333,1.0,az_good.ckpt,az_good.ckpt,166,11
25,temperature,9,32,256,0.8,1.0,az_good.ckpt,az_good.ckpt,2,2
27,temperature,9,32,256,0.4666,1.0,az_good.ckpt,az_good.ckpt,176,20
17,temperature,9,32,256,0.8,1.0,az_good.ckpt,az_good.ckpt,4,5
10,temperature,9,32,256,0.6,1.0,az_good.ckpt,az_good.ckpt,75,8
12,temperature,9,32,256,0.1,1.0,az_good.ckpt,az_good.ckpt,225,4
29,temperature,9,32,256,0.7666,1.0,az_good.ckpt,az_good.ckpt,94,13
10,temperature,9,32,256,0.5,1.0,az_good.ckpt,az_good.ckpt,70,8
29,temperature,9,32,256,1.0,1.0,az_good.ckpt,az_good.ckpt,40,11
12,temperature,9,32,256,0.4333,1.0,az_good.ckpt,az_good.ckpt,231,9
21,temperature,9,32,256,0.4333,1.0,az_good.ckpt,az_good.ckpt,143,29
28,temperature,9,32,256,0.0666,1.0,az_good.ckpt,az_good.ckpt,224,1
20,temperature,9,32,256,0.9333,1.0,az_good.ckpt,az_good.ckpt,117,17
16,temperature,9,32,256,0.5333,1.0,az_good.ckpt,az_good.ckpt,32,1
24,temperature,9,32,256,0.5333,1.0,az_good.ckpt,az_good.ckpt,116,8
4,temperature,9,32,256,0.9666,1.0,az_good.ckpt,az_good.ckpt,5,11
9,temperature,9,32,256,0.7666,1.0,az_good.ckpt,az_good.ckpt,39,14
3,temperature,9,32,256,0.5666,1.0,az_good.ckpt,az_good.ckpt,169,11
10,temperature,9,32,256,0.3,1.0,az_good.ckpt,az_good.ckpt,213,4
1,temperature,9,32,256,0.3,1.0,az_good.ckpt,az_good.ckpt,198,7
30,temperature,9,32,256,0.3333,1.0,az_good.ckpt,az_good.ckpt,230,3
7,temperature,9,32,256,0.0333,1.0,az_good.ckpt,az_good.ckpt,229,0
28,temperature,9,32,256,0.5666,1.0,az_good.ckpt,az_good.ckpt,98,22
23,temperature,9,32,256,0.3333,1.0,az_good.ckpt,az_good.ckpt,174,8
2,temperature,9,32,256,0.7,1.0,az_good.ckpt,az_good.ckpt,13,4
18,temperature,9,32,256,0.6666,1.0,az_good.ckpt,az_good.ckpt,82,3
30,temperature,9,32,256,0.9,1.0,az_good.ckpt,az_good.ckpt,41,31
13,temperature,9,32,256,0.3333,1.0,az_good.ckpt,az_good.ckpt,219,7
5,temperature,9,32,256,0.9333,1.0,az_good.ckpt,az_good.ckpt,4,6
1,temperature,9,32,256,0.1333,1.0,az_good.ckpt,az_good.ckpt,218,6
2,temperature,9,32,256,0.3666,1.0,az_good.ckpt,az_good.ckpt,144,10
23,temperature,9,32,256,0.7333,1.0,az_good.ckpt,az_good.ckpt,26,4
7,temperature,9,32,256,0.0,1.0,az_good.ckpt,az_good.ckpt,239,1
6,temperature,9,32,256,1.0,1.0,az_good.ckpt,az_good.ckpt,19,10
16,temperature,9,32,256,0.1,1.0,az_good.ckpt,az_good.ckpt,228,2
26,temperature,9,32,256,1.0,1.0,az_good.ckpt,az_good.ckpt,4,2
13,temperature,9,32,256,0.1333,1.0,az_good.ckpt,az_good.ckpt,237,8
12,temperature,9,32,256,0.8333,1.0,az_good.ckpt,az_good.ckpt,101,33
9,temperature,9,32,256,0.4333,1.0,az_good.ckpt,az_good.ckpt,45,3
8,temperature,9,32,256,0.6,1.0,az_good.ckpt,az_good.ckpt,175,17
18,temperature,9,32,256,0.5333,1.0,az_good.ckpt,az_good.ckpt,48,17
23,temperature,9,32,256,0.2333,1.0,az_good.ckpt,az_good.ckpt,241,3
1,temperature,9,32,256,0.4,1.0,az_good.ckpt,az_good.ckpt,181,11
25,temperature,9,32,256,0.3666,1.0,az_good.ckpt,az_good.ckpt,200,17
26,temperature,9,32,256,0.0666,1.0,az_good.ckpt,az_good.ckpt,228,9
30,temperature,9,32,256,0.9333,1.0,az_good.ckpt,az_good.ckpt,34,24
1,temperature,9,32,256,0.7666,1.0,az_good.ckpt,az_good.ckpt,22,5
11,temperature,9,32,256,0.6666,1.0,az_good.ckpt,az_good.ckpt,51,13
23,temperature,9,32,256,0.3666,1.0,az_good.ckpt,az_good.ckpt,231,8
27,temperature,9,32,256,0.7666,1.0,az_good.ckpt,az_good.ckpt,55,11
8,temperature,9,32,256,0.9,1.0,az_good.ckpt,az_good.ckpt,18,8
20,temperature,9,32,256,0.3,1.0,az_good.ckpt,az_good.ckpt,244,6
5,temperature,9,32,256,0.8666,1.0,az_good.ckpt,az_good.ckpt,9,6
12,temperature,9,32,256,0.5,1.0,az_good.ckpt,az_good.ckpt,122,13
28,temperature,9,32,256,0.6,1.0,az_good.ckpt,az_good.ckpt,84,9
1,temperature,9,32,256,0.6666,1.0,az_good.ckpt,az_good.ckpt,26,5
30,temperature,9,32,256,0.0333,1.0,az_good.ckpt,az_good.ckpt,236,1
11,temperature,9,32,256,0.4,1.0,az_good.ckpt,az_good.ckpt,200,10
3,temperature,9,32,256,0.3666,1.0,az_good.ckpt,az_good.ckpt,170,1
13,temperature,9,32,256,0.6333,1.0,az_good.ckpt,az_good.ckpt,43,9
21,temperature,9,32,256,0.0666,1.0,az_good.ckpt,az_good.ckpt,241,7
2,temperature,9,32,256,0.8333,1.0,az_good.ckpt,az_good.ckpt,10,9
28,temperature,9,32,256,0.1666,1.0,az_good.ckpt,az_good.ckpt,226,1
30,temperature,9,32,256,0.4,1.0,az_good.ckpt,az_good.ckpt,176,8
9,temperature,9,32,256,0.5,1.0,az_good.ckpt,az_good.ckpt,68,33
27,temperature,9,32,256,0.0,1.0,az_good.ckpt,az_good.ckpt,247,2
2,temperature,9,32,256,0.3,1.0,az_good.ckpt,az_good.ckpt,196,16
17,temperature,9,32,256,0.2333,1.0,az_good.ckpt,az_good.ckpt,244,5
16,temperature,9,32,256,0.4666,1.0,az_good.ckpt,az_good.ckpt,133,11
3,temperature,9,32,256,0.3333,1.0,az_good.ckpt,az_good.ckpt,188,4
11,temperature,9,32,256,0.0333,1.0,az_good.ckpt,az_good.ckpt,241,2
18,temperature,9,32,256,0.8333,1.0,az_good.ckpt,az_good.ckpt,23,17
26,temperature,9,32,256,0.4666,1.0,az_good.ckpt,az_good.ckpt,182,3
26,temperature,9,32,256,0.5666,1.0,az_good.ckpt,az_good.ckpt,76,19
1,temperature,9,32,256,0.1,1.0,az_good.ckpt,az_good.ckpt,223,6
6,temperature,9,32,256,0.5,1.0,az_good.ckpt,az_good.ckpt,24,0
14,temperature,9,32,256,0.6,1.0,az_good.ckpt,az_good.ckpt,26,6
1,temperature,9,32,256,0.8666,1.0,az_good.ckpt,az_good.ckpt,14,5
21,temperature,9,32,256,0.5,1.0,az_good.ckpt,az_good.ckpt,37,8
9,temperature,9,32,256,0.0,1.0,az_good.ckpt,az_good.ckpt,239,4
16,temperature,9,32,256,0.1666,1.0,az_good.ckpt,az_good.ckpt,221,3
14,temperature,9,32,256,0.1333,1.0,az_good.ckpt,az_good.ckpt,237,3
20,temperature,9,32,256,0.6333,1.0,az_good.ckpt,az_good.ckpt,123,8
6,temperature,9,32,256,0.3666,1.0,az_good.ckpt,az_good.ckpt,205,7
13,temperature,9,32,256,1.0,1.0,az_good.ckpt,az_good.ckpt,99,15
4,temperature,9,32,256,0.1333,1.0,az_good.ckpt,az_good.ckpt,221,5
27,temperature,9,32,256,0.0333,1.0,az_good.ckpt,az_good.ckpt,250,1
2,temperature,9,32,256,0.2666,1.0,az_good.ckpt,az_good.ckpt,198,5
26,temperature,9,32,256,0.3333,1.0,az_good.ckpt,az_good.ckpt,238,5
1,temperature,9,32,256,0.6,1.0,az_good.ckpt,az_good.ckpt,26,0
17,temperature,9,32,256,0.6,1.0,az_good.ckpt,az_good.ckpt,53,12
28,temperature,9,32,256,0.7666,1.0,az_good.ckpt,az_good.ckpt,75,9
20,temperature,9,32,256,0.7,1.0,az_good.ckpt,az_good.ckpt,173,10
24,temperature,9,32,256,0.8666,1.0,az_good.ckpt,az_good.ckpt,16,12
29,temperature,9,32,256,0.6333,1.0,az_good.ckpt,az_good.ckpt,51,17
6,temperature,9,32,256,0.4,1.0,az_good.ckpt,az_good.ckpt,217,4
25,temperature,9,32,256,1.0,1.0,az_good.ckpt,az_good.ckpt,3,2
21,temperature,9,32,256,0.8,1.0,az_good.ckpt,az_good.ckpt,27,6
16,temperature,9,32,256,0.4,1.0,az_good.ckpt,az_good.ckpt,217,8
9,temperature,9,32,256,0.4666,1.0,az_good.ckpt,az_good.ckpt,126,24
28,temperature,9,32,256,0.8,1.0,az_good.ckpt,az_good.ckpt,7,1
1,temperature,9,32,256,0.7333,1.0,az_good.ckpt,az_good.ckpt,16,5
25,temperature,9,32,256,0.5333,1.0,az_good.ckpt,az_good.ckpt,77,7
1,temperature,9,32,256,0.3333,1.0,az_good.ckpt,az_good.ckpt,205,3
25,temperature,9,32,256,0.1333,1.0,az_good.ckpt,az_good.ckpt,251,4
22,temperature,9,32,256,1.0,1.0,az_good.ckpt,az_good.ckpt,30,9
7,temperature,9,32,256,0.4,1.0,az_good.ckpt,az_good.ckpt,186,19
10,temperature,9,32,256,0.0333,1.0,az_good.ckpt,az_good.ckpt,237,3
5,temperature,9,32,256,0.0333,1.0,az_good.ckpt,az_good.ckpt,230,0
6,temperature,9,32,256,0.7,1.0,az_good.ckpt,az_good.ckpt,136,11
25,temperature,9,32,256,0.3333,1.0,az_good.ckpt,az_good.ckpt,223,8
3,temperature,9,32,256,0.6666,1.0,az_good.ckpt,az_good.ckpt,66,5
16,temperature,9,32,256,0.9333,1.0,az_good.ckpt,az_good.ckpt,9,2
14,temperature,9,32,256,0.2333,1.0,az_good.ckpt,az_good.ckpt,211,5
4,temperature,9,32,256,0.5,1.0,az_good.ckpt,az_good.ckpt,114,8
24,temperature,9,32,256,0.6333,1.0,az_good.ckpt,az_good.ckpt,35,11
14,temperature,9,32,256,0.8666,1.0,az_good.ckpt,az_good.ckpt,35,13
5,temperature,9,32,256,0.2,1.0,az_good.ckpt,az_good.ckpt,230,4
1,temperature,9,32,256,0.1666,1.0,az_good.ckpt,az_good.ckpt,244,1
27,temperature,9,32,256,1.0,1.0,az_good.ckpt,az_good.ckpt,131,13
3,temperature,9,32,256,0.2666,1.0,az_good.ckpt,az_good.ckpt,221,7
6,temperature,9,32,256,0.1666,1.0,az_good.ckpt,az_good.ckpt,235,6
24,temperature,9,32,256,0.9,1.0,az_good.ckpt,az_good.ckpt,33,8
20,temperature,9,32,256,0.2666,1.0,az_good.ckpt,az_good.ckpt,211,3
2,temperature,9,32,256,0.2333,1.0,az_good.ckpt,az_good.ckpt,227,2
6,temperature,9,32,256,0.5333,1.0,az_good.ckpt,az_good.ckpt,45,3
13,temperature,9,32,256,0.5666,1.0,az_good.ckpt,az_good.ckpt,41,6
16,temperature,9,32,256,0.6,1.0,az_good.ckpt,az_good.ckpt,166,13
14,temperature,9,32,256,0.8,1.0,az_good.ckpt,az_good.ckpt,11,17
30,temperature,9,32,256,0.8666,1.0,az_good.ckpt,az_good.ckpt,10,13
10,temperature,9,32,256,0.2333,1.0,az_good.ckpt,az_good.ckpt,208,12
8,temperature,9,32,256,0.2333,1.0,az_good.ckpt,az_good.ckpt,243,7
2,temperature,9,32,256,0.5333,1.0,az_good.ckpt,az_good.ckpt,126,16
28,temperature,9,32,256,0.2333,1.0,az_good.ckpt,az_good.ckpt,244,8
30,temperature,9,32,256,0.5666,1.0,az_good.ckpt,az_good.ckpt,188,12
17,temperature,9,32,256,0.0333,1.0,az_good.ckpt,az_good.ckpt,229,4
17,temperature,9,32,256,0.7,1.0,az_good.ckpt,az_good.ckpt,12,4
18,temperature,9,32,256,0.7333,1.0,az_good.ckpt,az_good.ckpt,39,22
16,temperature,9,32,256,0.0666,1.0,az_good.ckpt,az_good.ckpt,233,0
3,temperature,9,32,256,0.2,1.0,az_good.ckpt,az_good.ckpt,225,0
3,temperature,9,32,256,0.1333,1.0,az_good.ckpt,az_good.ckpt,241,3
3,temperature,9,32,256,0.9,1.0,az_good.ckpt,az_good.ckpt,13,3
6,temperature,9,32,256,0.1,1.0,az_good.ckpt,az_good.ckpt,242,6
4,temperature,9,32,256,0.0666,1.0,az_good.ckpt,az_good.ckpt,220,1
7,temperature,9,32,256,0.1333,1.0,az_good.ckpt,az_good.ckpt,246,2
4,epsilon-ranking,9,32,256,0.7333,1.0,az_good.ckpt,az_good.ckpt,155,15
11,epsilon-ranking,9,32,256,0.2333,1.0,az_good.ckpt,az_good.ckpt,210,5
12,epsilon-ranking,9,32,256,0.6666,1.0,az_good.ckpt,az_good.ckpt,175,23
20,epsilon-ranking,9,32,256,0.9333,1.0,az_good.ckpt,az_good.ckpt,134,11
5,epsilon-ranking,9,32,256,1.0,1.0,az_good.ckpt,az_good.ckpt,18,5
9,epsilon-ranking,9,32,256,0.1666,1.0,az_good.ckpt,az_good.ckpt,224,3
14,epsilon-ranking,9,32,256,0.6,1.0,az_good.ckpt,az_good.ckpt,193,8
21,epsilon-ranking,9,32,256,0.3,1.0,az_good.ckpt,az_good.ckpt,212,6
17,epsilon-ranking,9,32,256,0.3666,1.0,az_good.ckpt,az_good.ckpt,197,12
20,epsilon-ranking,9,32,256,0.5333,1.0,az_good.ckpt,az_good.ckpt,200,10
15,epsilon-ranking,9,32,256,0.7333,1.0,az_good.ckpt,az_good.ckpt,112,9
12,epsilon-ranking,9,32,256,0.1666,1.0,az_good.ckpt,az_good.ckpt,246,4
15,epsilon-ranking,9,32,256,0.7666,1.0,az_good.ckpt,az_good.ckpt,193,19
24,epsilon-ranking,9,32,256,0.3666,1.0,az_good.ckpt,az_good.ckpt,217,3
12,epsilon-ranking,9,32,256,0.4,1.0,az_good.ckpt,az_good.ckpt,233,6
5,epsilon-ranking,9,32,256,0.7,1.0,az_good.ckpt,az_good.ckpt,185,25
18,epsilon-ranking,9,32,256,0.9,1.0,az_good.ckpt,az_good.ckpt,12,10
30,epsilon-ranking,9,32,256,0.1,1.0,az_good.ckpt,az_good.ckpt,243,3
8,epsilon-ranking,9,32,256,0.2333,1.0,az_good.ckpt,az_good.ckpt,185,5
18,epsilon-ranking,9,32,256,0.0333,1.0,az_good.ckpt,az_good.ckpt,245,2
4,epsilon-ranking,9,32,256,0.3666,1.0,az_good.ckpt,az_good.ckpt,224,9
24,epsilon-ranking,9,32,256,0.7666,1.0,az_good.ckpt,az_good.ckpt,81,9
27,epsilon-ranking,9,32,256,0.4666,1.0,az_good.ckpt,az_good.ckpt,189,9
3,epsilon-ranking,9,32,256,0.0666,1.0,az_good.ckpt,az_good.ckpt,249,3
24,epsilon-ranking,9,32,256,0.0333,1.0,az_good.ckpt,az_good.ckpt,246,1
9,epsilon-ranking,9,32,256,0.5333,1.0,az_good.ckpt,az_good.ckpt,182,12
30,epsilon-ranking,9,32,256,0.8333,1.0,az_good.ckpt,az_good.ckpt,12,4
1,epsilon-ranking,9,32,256,0.7333,1.0,az_good.ckpt,az_good.ckpt,62,9
24,epsilon-ranking,9,32,256,0.0,1.0,az_good.ckpt,az_good.ckpt,240,4
6,epsilon-ranking,9,32,256,0.3,1.0,az_good.ckpt,az_good.ckpt,220,13
27,epsilon-ranking,9,32,256,0.1333,1.0,az_good.ckpt,az_good.ckpt,247,1
19,epsilon-ranking,9,32,256,0.6666,1.0,az_good.ckpt,az_good.ckpt,195,9
12,epsilon-ranking,9,32,256,0.3,1.0,az_good.ckpt,az_good.ckpt,233,6
30,epsilon-ranking,9,32,256,0.4,1.0,az_good.ckpt,az_good.ckpt,230,7
9,epsilon-ranking,9,32,256,0.7666,1.0,az_good.ckpt,az_good.ckpt,137,15
7,epsilon-ranking,9,32,256,1.0,1.0,az_good.ckpt,az_good.ckpt,6,5
19,epsilon-ranking,9,32,256,0.3,1.0,az_good.ckpt,az_good.ckpt,224,5
24,epsilon-ranking,9,32,256,0.7333,1.0,az_good.ckpt,az_good.ckpt,161,10
21,epsilon-ranking,9,32,256,0.1666,1.0,az_good.ckpt,az_good.ckpt,235,7
16,epsilon-ranking,9,32,256,0.4666,1.0,az_good.ckpt,az_good.ckpt,195,5
8,epsilon-ranking,9,32,256,0.0333,1.0,az_good.ckpt,az_good.ckpt,242,1
21,epsilon-ranking,9,32,256,0.7,1.0,az_good.ckpt,az_good.ckpt,152,9
28,epsilon-ranking,9,32,256,0.3,1.0,az_good.ckpt,az_good.ckpt,209,13
2,epsilon-ranking,9,32,256,0.4333,1.0,az_good.ckpt,az_good.ckpt,210,7
6,epsilon-ranking,9,32,256,0.8,1.0,az_good.ckpt,az_good.ckpt,158,14
20,epsilon-ranking,9,32,256,0.1333,1.0,az_good.ckpt,az_good.ckpt,235,5
15,epsilon-ranking,9,32,256,0.4666,1.0,az_good.ckpt,az_good.ckpt,190,15
30,epsilon-ranking,9,32,256,0.3666,1.0,az_good.ckpt,az_good.ckpt,204,4
1,epsilon-ranking,9,32,256,0.4666,1.0,az_good.ckpt,az_good.ckpt,200,10
5,epsilon-ranking,9,32,256,0.8,1.0,az_good.ckpt,az_good.ckpt,81,5
20,epsilon-ranking,9,32,256,0.8,1.0,az_good.ckpt,az_good.ckpt,129,9
21,epsilon-ranking,9,32,256,0.9,1.0,az_good.ckpt,az_good.ckpt,22,3
15,epsilon-ranking,9,32,256,0.1666,1.0,az_good.ckpt,az_good.ckpt,227,9
11,epsilon-ranking,9,32,256,0.5666,1.0,az_good.ckpt,az_good.ckpt,191,21
15,epsilon-ranking,9,32,256,0.3666,1.0,az_good.ckpt,az_good.ckpt,204,8
24,epsilon-ranking,9,32,256,0.9666,1.0,az_good.ckpt,az_good.ckpt,25,18
19,epsilon-ranking,9,32,256,0.6333,1.0,az_good.ckpt,az_good.ckpt,186,9
29,epsilon-ranking,9,32,256,0.6666,1.0,az_good.ckpt,az_good.ckpt,181,14
12,epsilon-ranking,9,32,256,0.2333,1.0,az_good.ckpt,az_good.ckpt,234,12
17,epsilon-ranking,9,32,256,0.4666,1.0,az_good.ckpt,az_good.ckpt,153,13
23,epsilon-ranking,9,32,256,0.0,1.0,az_good.ckpt,az_good.ckpt,230,0
21,epsilon-ranking,9,32,256,0.5333,1.0,az_good.ckpt,az_good.ckpt,194,15
18,epsilon-ranking,9,32,256,1.0,1.0,az_good.ckpt,az_good.ckpt,6,13
19,epsilon-ranking,9,32,256,0.4333,1.0,az_good.ckpt,az_good.ckpt,217,16
1,epsilon-ranking,9,32,256,0.5,1.0,az_good.ckpt,az_good.ckpt,189,6
18,epsilon-ranking,9,32,256,0.7666,1.0,az_good.ckpt,az_good.ckpt,114,15
15,epsilon-ranking,9,32,256,0.2333,1.0,az_good.ckpt,az_good.ckpt,218,10
2,epsilon-ranking,9,32,256,0.6666,1.0,az_good.ckpt,az_good.ckpt,175,11
2,epsilon-ranking,9,32,256,0.1,1.0,az_good.ckpt,az_good.ckpt,247,2
26,epsilon-ranking,9,32,256,0.1,1.0,az_good.ckpt,az_good.ckpt,240,4
23,epsilon-ranking,9,32,256,0.6,1.0,az_good.ckpt,az_good.ckpt,179,6
23,epsilon-ranking,9,32,256,0.4333,1.0,az_good.ckpt,az_good.ckpt,195,11
30,epsilon-ranking,9,32,256,0.2666,1.0,az_good.ckpt,az_good.ckpt,218,9
1,epsilon-ranking,9,32,256,1.0,1.0,az_good.ckpt,az_good.ckpt,31,9
8,epsilon-ranking,9,32,256,0.2,1.0,az_good.ckpt,az_good.ckpt,227,1
1,epsilon-ranking,9,32,256,0.9,1.0,az_good.ckpt,az_good.ckpt,10,3
5,epsilon-ranking,9,32,256,0.3,1.0,az_good.ckpt,az_good.ckpt,210,9
18,epsilon-ranking,9,32,256,0.3333,1.0,az_good.ckpt,az_good.ckpt,217,7
2,epsilon-ranking,9,32,256,0.3666,1.0,az_good.ckpt,az_good.ckpt,215,6
30,epsilon-ranking,9,32,256,0.2333,1.0,az_good.ckpt,az_good.ckpt,227,7
6,epsilon-ranking,9,32,256,0.7,1.0,az_good.ckpt,az_good.ckpt,164,19
21,epsilon-ranking,9,32,256,0.1333,1.0,az_good.ckpt,az_good.ckpt,238,2
29,epsilon-ranking,9,32,256,0.7666,1.0,az_good.ckpt,az_good.ckpt,145,9
7,epsilon-ranking,9,32,256,0.9666,1.0,az_good.ckpt,az_good.ckpt,36,14
27,epsilon-ranking,9,32,256,0.5666,1.0,az_good.ckpt,az_good.ckpt,205,10
4,epsilon-ranking,9,32,256,0.1333,1.0,az_good.ckpt,az_good.ckpt,238,9
19,epsilon-ranking,9,32,256,0.8,1.0,az_good.ckpt,az_good.ckpt,163,16
3,epsilon-ranking,9,32,256,0.2,1.0,az_good.ckpt,az_good.ckpt,210,5
13,epsilon-ranking,9,32,256,0.2333,1.0,az_good.ckpt,az_good.ckpt,226,2
20,epsilon-ranking,9,32,256,0.6666,1.0,az_good.ckpt,az_good.ckpt,122,8
21,epsilon-ranking,9,32,256,0.6666,1.0,az_good.ckpt,az_good.ckpt,206,19
26,epsilon-ranking,9,32,256,0.3666,1.0,az_good.ckpt,az_good.ckpt,193,7
21,epsilon-ranking,9,32,256,1.0,1.0,az_good.ckpt,az_good.ckpt,6,4
13,epsilon-ranking,9,32,256,0.4,1.0,az_good.ckpt,az_good.ckpt,201,8
24,epsilon-ranking,9,32,256,0.6666,1.0,az_good.ckpt,az_good.ckpt,179,13
9,epsilon-ranking,9,32,256,1.0,1.0,az_good.ckpt,az_good.ckpt,16,12
12,epsilon-ranking,9,32,256,0.6333,1.0,az_good.ckpt,az_good.ckpt,184,8
24,epsilon-ranking,9,32,256,1.0,1.0,az_good.ckpt,az_good.ckpt,162,18
14,epsilon-ranking,9,32,256,0.8333,1.0,az_good.ckpt,az_good.ckpt,60,35
5,epsilon-ranking,9,32,256,0.6666,1.0,az_good.ckpt,az_good.ckpt,173,3
17,epsilon-ranking,9,32,256,0.8333,1.0,az_good.ckpt,az_good.ckpt,81,26
25,epsilon-ranking,9,32,256,0.1666,1.0,az_good.ckpt,az_good.ckpt,227,4
9,epsilon-ranking,9,32,256,0.7333,1.0,az_good.ckpt,az_good.ckpt,134,17
6,epsilon-ranking,9,32,256,0.2333,1.0,az_good.ckpt,az_good.ckpt,215,5
5,epsilon-ranking,9,32,256,0.5666,1.0,az_good.ckpt,az_good.ckpt,175,10
11,epsilon-ranking,9,32,256,0.5,1.0,az_good.ckpt,az_good.ckpt,203,5
21,epsilon-ranking,9,32,256,0.4666,1.0,az_good.ckpt,az_good.ckpt,198,8
9,epsilon-ranking,9,32,256,0.2,1.0,az_good.ckpt,az_good.ckpt,216,8
24,epsilon-ranking,9,32,256,0.4333,1.0,az_good.ckpt,az_good.ckpt,200,9
5,epsilon-ranking,9,32,256,0.1,1.0,az_good.ckpt,az_good.ckpt,238,4
9,epsilon-ranking,9,32,256,0.1,1.0,az_good.ckpt,az_good.ckpt,230,4
19,epsilon-ranking,9,32,256,0.2,1.0,az_good.ckpt,az_good.ckpt,214,5
29,epsilon-ranking,9,32,256,0.1333,1.0,az_good.ckpt,az_good.ckpt,240,3
16,epsilon-ranking,9,32,256,0.3,1.0,az_good.ckpt,az_good.ckpt,219,5
6,epsilon-ranking,9,32,256,1.0,1.0,az_good.ckpt,az_good.ckpt,17,12
10,epsilon-ranking,9,32,256,0.4666,1.0,az_good.ckpt,az_good.ckpt,189,13
6,epsilon-ranking,9,32,256,0.5333,1.0,az_good.ckpt,az_good.ckpt,211,8
8,epsilon-ranking,9,32,256,0.1,1.0,az_good.ckpt,az_good.ckpt,243,4
28,epsilon-ranking,9,32,256,0.5666,1.0,az_good.ckpt,az_good.ckpt,159,9
27,epsilon-ranking,9,32,256,0.2,1.0,az_good.ckpt,az_good.ckpt,232,5
24,epsilon-ranking,9,32,256,0.1333,1.0,az_good.ckpt,az_good.ckpt,241,0
9,epsilon-ranking,9,32,256,0.9,1.0,az_good.ckpt,az_good.ckpt,70,6
12,epsilon-ranking,9,32,256,0.8333,1.0,az_good.ckpt,az_good.ckpt,175,20
24,epsilon-ranking,9,32,256,0.5666,1.0,az_good.ckpt,az_good.ckpt,197,5
12,epsilon-ranking,9,32,256,0.3333,1.0,az_good.ckpt,az_good.ckpt,225,3
14,epsilon-ranking,9,32,256,1.0,1.0,az_good.ckpt,az_good.ckpt,5,65
17,epsilon-ranking,9,32,256,0.0666,1.0,az_good.ckpt,az_good.ckpt,252,9
15,epsilon-ranking,9,32,256,0.6,1.0,az_good.ckpt,az_good.ckpt,205,8
11,epsilon-ranking,9,32,256,0.5333,1.0,az_good.ckpt,az_good.ckpt,166,17
24,epsilon-ranking,9,32,256,0.4666,1.0,az_good.ckpt,az_good.ckpt,210,12
29,epsilon-ranking,9,32,256,0.0666,1.0,az_good.ckpt,az_good.ckpt,243,3
18,epsilon-ranking,9,32,256,0.4,1.0,az_good.ckpt,az_good.ckpt,202,2
21,epsilon-ranking,9,32,256,0.0666,1.0,az_good.ckpt,az_good.ckpt,248,4
23,epsilon-ranking,9,32,256,0.9,1.0,az_good.ckpt,az_good.ckpt,40,8
19,epsilon-ranking,9,32,256,0.5,1.0,az_good.ckpt,az_good.ckpt,175,14
6,epsilon-ranking,9,32,256,0.3666,1.0,az_good.ckpt,az_good.ckpt,193,10
13,epsilon-ranking,9,32,256,0.0666,1.0,az_good.ckpt,az_good.ckpt,253,3
21,epsilon-ranking,9,32,256,0.7333,1.0,az_good.ckpt,az_good.ckpt,168,13
15,epsilon-ranking,9,32,256,0.6666,1.0,az_good.ckpt,az_good.ckpt,171,25
28,epsilon-ranking,9,32,256,0.7666,1.0,az_good.ckpt,az_good.ckpt,167,17
23,epsilon-ranking,9,32,256,0.5666,1.0,az_good.ckpt,az_good.ckpt,153,3
8,epsilon-ranking,9,32,256,0.3666,1.0,az_good.ckpt,az_good.ckpt,201,7
14,epsilon-ranking,9,32,256,0.9333,1.0,az_good.ckpt,az_good.ckpt,24,9
1,epsilon-ranking,9,32,256,0.6333,1.0,az_good.ckpt,az_good.ckpt,151,16
16,epsilon-ranking,9,32,256,0.6333,1.0,az_good.ckpt,az_good.ckpt,216,14
22,epsilon-ranking,9,32,256,0.0666,1.0,az_good.ckpt,az_good.ckpt,243,2
28,epsilon-ranking,9,32,256,1.0,1.0,az_good.ckpt,az_good.ckpt,4,2
24,epsilon-ranking,9,32,256,0.4,1.0,az_good.ckpt,az_good.ckpt,189,7
14,epsilon-ranking,9,32,256,0.7666,1.0,az_good.ckpt,az_good.ckpt,55,18
10,epsilon-ranking,9,32,256,0.0,1.0,az_good.ckpt,az_good.ckpt,242,1
28,epsilon-ranking,9,32,256,0.5,1.0,az_good.ckpt,az_good.ckpt,174,19
29,epsilon-ranking,9,32,256,0.5333,1.0,az_good.ckpt,az_good.ckpt,199,15
19,epsilon-ranking,9,32,256,0.7666,1.0,az_good.ckpt,az_good.ckpt,214,13
14,epsilon-ranking,9,32,256,0.4,1.0,az_good.ckpt,az_good.ckpt,187,3
4,epsilon-ranking,9,32,256,0.5333,1.0,az_good.ckpt,az_good.ckpt,175,19
4,epsilon-ranking,9,32,256,0.5,1.0,az_good.ckpt,az_good.ckpt,228,16
3,epsilon-ranking,9,32,256,0.3333,1.0,az_good.ckpt,az_good.ckpt,191,8
11,epsilon-ranking,9,32,256,0.1333,1.0,az_good.ckpt,az_good.ckpt,232,3
24,epsilon-ranking,9,32,256,0.5333,1.0,az_good.ckpt,az_good.ckpt,198,13
29,epsilon-ranking,9,32,256,0.0333,1.0,az_good.ckpt,az_good.ckpt,246,4
7,epsilon-ranking,9,32,256,0.3333,1.0,az_good.ckpt,az_good.ckpt,217,10
20,epsilon-ranking,9,32,256,0.4,1.0,az_good.ckpt,az_good.ckpt,202,17
1,epsilon-ranking,9,32,256,0.1,1.0,az_good.ckpt,az_good.ckpt,250,0
25,epsilon-ranking,9,32,256,0.2666,1.0,az_good.ckpt,az_good.ckpt,209,9
24,epsilon-ranking,9,32,256,0.9333,1.0,az_good.ckpt,az_good.ckpt,59,16
22,epsilon-ranking,9,32,256,0.9333,1.0,az_good.ckpt,az_good.ckpt,38,12
8,epsilon-ranking,9,32,256,0.3333,1.0,az_good.ckpt,az_good.ckpt,202,10
14,epsilon-ranking,9,32,256,0.0666,1.0,az_good.ckpt,az_good.ckpt,246,3
28,epsilon-ranking,9,32,256,0.7333,1.0,az_good.ckpt,az_good.ckpt,152,12
1,epsilon-ranking,9,32,256,0.8333,1.0,az_good.ckpt,az_good.ckpt,63,10
29,epsilon-ranking,9,32,256,0.8666,1.0,az_good.ckpt,az_good.ckpt,101,10
5,epsilon-ranking,9,32,256,0.2333,1.0,az_good.ckpt,az_good.ckpt,213,6
18,epsilon-ranking,9,32,256,0.1333,1.0,az_good.ckpt,az_good.ckpt,247,0
20,epsilon-ranking,9,32,256,0.0,1.0,az_good.ckpt,az_good.ckpt,219,2
25,epsilon-ranking,9,32,256,0.8666,1.0,az_good.ckpt,az_good.ckpt,164,11
27,epsilon-ranking,9,32,256,0.0,1.0,az_good.ckpt,az_good.ckpt,241,2
7,epsilon-ranking,9,32,256,0.1,1.0,az_good.ckpt,az_good.ckpt,245,0
23,epsilon-ranking,9,32,256,0.4666,1.0,az_good.ckpt,az_good.ckpt,183,11
12,epsilon-ranking,9,32,256,0.1,1.0,az_good.ckpt,az_good.ckpt,242,1
7,epsilon-ranking,9,32,256,0.8333,1.0,az_good.ckpt,az_good.ckpt,103,18
24,epsilon-ranking,9,32,256,0.8,1.0,az_good.ckpt,az_good.ckpt,68,13
9,epsilon-ranking,9,32,256,0.1333,1.0,az_good.ckpt,az_good.ckpt,236,6
30,epsilon-ranking,9,32,256,0.6666,1.0,az_good.ckpt,az_good.ckpt,174,10
4,epsilon-ranking,9,32,256,0.2333,1.0,az_good.ckpt,az_good.ckpt,218,3
8,epsilon-ranking,9,32,256,0.5,1.0,az_good.ckpt,az_good.ckpt,191,12
27,epsilon-ranking,9,32,256,0.1666,1.0,az_good.ckpt,az_good.ckpt,236,6
21,epsilon-ranking,9,32,256,0.7666,1.0,az_good.ckpt,az_good.ckpt,163,11
11,epsilon-ranking,9,32,256,0.0333,1.0,az_good.ckpt,az_good.ckpt,238,5
2,epsilon-ranking,9,32,256,0.9,1.0,az_good.ckpt,az_good.ckpt,101,15
4,epsilon-ranking,9,32,256,0.4666,1.0,az_good.ckpt,az_good.ckpt,191,9
19,epsilon-ranking,9,32,256,0.5666,1.0,az_good.ckpt,az_good.ckpt,191,6
20,epsilon-ranking,9,32,256,0.2666,1.0,az_good.ckpt,az_good.ckpt,214,7
29,epsilon-ranking,9,32,256,0.9666,1.0,az_good.ckpt,az_good.ckpt,13,4
18,epsilon-ranking,9,32,256,0.9333,1.0,az_good.ckpt,az_good.ckpt,26,14
6,epsilon-ranking,9,32,256,0.3333,1.0,az_good.ckpt,az_good.ckpt,207,12
11,epsilon-ranking,9,32,256,0.8,1.0,az_good.ckpt,az_good.ckpt,28,15
8,epsilon-ranking,9,32,256,0.4666,1.0,az_good.ckpt,az_good.ckpt,194,7
12,epsilon-ranking,9,32,256,0.1333,1.0,az_good.ckpt,az_good.ckpt,236,2
26,epsilon-ranking,9,32,256,0.0666,1.0,az_good.ckpt,az_good.ckpt,242,2
7,epsilon-ranking,9,32,256,0.5666,1.0,az_good.ckpt,az_good.ckpt,151,3
28,epsilon-ranking,9,32,256,0.6333,1.0,az_good.ckpt,az_good.ckpt,171,9
27,epsilon-ranking,9,32,256,0.4333,1.0,az_good.ckpt,az_good.ckpt,182,12
28,epsilon-ranking,9,32,256,0.3333,1.0,az_good.ckpt,az_good.ckpt,211,5
13,epsilon-ranking,9,32,256,0.6666,1.0,az_good.ckpt,az_good.ckpt,151,22
14,epsilon-ranking,9,32,256,0.1666,1.0,az_good.ckpt,az_good.ckpt,216,5
26,epsilon-ranking,9,32,256,0.0333,1.0,az_good.ckpt,az_good.ckpt,240,2
25,epsilon-ranking,9,32,256,0.4666,1.0,az_good.ckpt,az_good.ckpt,182,3
17,epsilon-ranking,9,32,256,0.9,1.0,az_good.ckpt,az_good.ckpt,14,16
11,epsilon-ranking,9,32,256,0.4666,1.0,az_good.ckpt,az_good.ckpt,234,6
30,epsilon-ranking,9,32,256,0.7,1.0,az_good.ckpt,az_good.ckpt,151,23
23,epsilon-ranking,9,32,256,0.7,1.0,az_good.ckpt,az_good.ckpt,135,8
18,epsilon-ranking,9,32,256,0.8,1.0,az_good.ckpt,az_good.ckpt,216,16
7,epsilon-ranking,9,32,256,0.1666,1.0,az_good.ckpt,az_good.ckpt,227,6
21,epsilon-ranking,9,32,256,0.3666,1.0,az_good.ckpt,az_good.ckpt,205,4
16,epsilon-ranking,9,32,256,0.7666,1.0,az_good.ckpt,az_good.ckpt,131,5
18,epsilon-ranking,9,32,256,0.7,1.0,az_good.ckpt,az_good.ckpt,177,13
7,epsilon-ranking,9,32,256,0.7333,1.0,az_good.ckpt,az_good.ckpt,190,10
2,epsilon-ranking,9,32,256,0.8,1.0,az_good.ckpt,az_good.ckpt,79,19
2,epsilon-ranking,9,32,256,0.8666,1.0,az_good.ckpt,az_good.ckpt,76,14
20,epsilon-ranking,9,32,256,0.9666,1.0,az_good.ckpt,az_good.ckpt,23,6
30,epsilon-ranking,9,32,256,0.9666,1.0,az_good.ckpt,az_good.ckpt,10,29
19,epsilon-ranking,9,32,256,0.8666,1.0,az_good.ckpt,az_good.ckpt,112,18
23,epsilon-ranking,9,32,256,0.1666,1.0,az_good.ckpt,az_good.ckpt,239,7
4,epsilon-ranking,9,32,256,0.7666,1.0,az_good.ckpt,az_good.ckpt,189,11
4,epsilon-ranking,9,32,256,0.3333,1.0,az_good.ckpt,az_good.ckpt,193,9
30,epsilon-ranking,9,32,256,0.9333,1.0,az_good.ckpt,az_good.ckpt,33,17
17,epsilon-ranking,9,32,256,0.7666,1.0,az_good.ckpt,az_good.ckpt,112,19
8,epsilon-ranking,9,32,256,0.3,1.0,az_good.ckpt,az_good.ckpt,236,4
27,epsilon-ranking,9,32,256,0.9333,1.0,az_good.ckpt,az_good.ckpt,100,5
2,epsilon-ranking,9,32,256,0.4666,1.0,az_good.ckpt,az_good.ckpt,214,6
16,epsilon-ranking,9,32,256,0.0,1.0,az_good.ckpt,az_good.ckpt,234,1
3,epsilon-ranking,9,32,256,0.1333,1.0,az_good.ckpt,az_good.ckpt,235,3
10,epsilon-ranking,9,32,256,0.9333,1.0,az_good.ckpt,az_good.ckpt,127,14
22,epsilon-ranking,9,32,256,0.1,1.0,az_good.ckpt,az_good.ckpt,247,7
17,epsilon-ranking,9,32,256,0.9333,1.0,az_good.ckpt,az_good.ckpt,26,7
14,epsilon-ranking,9,32,256,0.2,1.0,az_good.ckpt,az_good.ckpt,232,6
27,epsilon-ranking,9,32,256,0.2666,1.0,az_good.ckpt,az_good.ckpt,214,11
22,epsilon-ranking,9,32,256,0.6333,1.0,az_good.ckpt,az_good.ckpt,203,25
18,epsilon-ranking,9,32,256,0.6666,1.0,az_good.ckpt,az_good.ckpt,113,6
5,epsilon-ranking,9,32,256,0.6,1.0,az_good.ckpt,az_good.ckpt,198,7
17,epsilon-ranking,9,32,256,0.5333,1.0,az_good.ckpt,az_good.ckpt,185,11
8,epsilon-ranking,9,32,256,0.1333,1.0,az_good.ckpt,az_good.ckpt,222,2
22,epsilon-ranking,9,32,256,0.7,1.0,az_good.ckpt,az_good.ckpt,154,7
15,epsilon-ranking,9,32,256,0.5,1.0,az_good.ckpt,az_good.ckpt,203,4
25,epsilon-ranking,9,32,256,0.7333,1.0,az_good.ckpt,az_good.ckpt,172,32
29,epsilon-ranking,9,32,256,0.3,1.0,az_good.ckpt,az_good.ckpt,212,17
29,epsilon-ranking,9,32,256,0.6333,1.0,az_good.ckpt,az_good.ckpt,200,11
14,epsilon-ranking,9,32,256,0.6333,1.0,az_good.ckpt,az_good.ckpt,173,8
28,epsilon-ranking,9,32,256,0.0333,1.0,az_good.ckpt,az_good.ckpt,249,1
27,epsilon-ranking,9,32,256,0.9,1.0,az_good.ckpt,az_good.ckpt,6,4
15,epsilon-ranking,9,32,256,0.0,1.0,az_good.ckpt,az_good.ckpt,243,0
15,epsilon-ranking,9,32,256,0.3,1.0,az_good.ckpt,az_good.ckpt,205,6
30,epsilon-ranking,9,32,256,0.7666,1.0,az_good.ckpt,az_good.ckpt,119,10
25,epsilon-ranking,9,32,256,0.5,1.0,az_good.ckpt,az_good.ckpt,208,14
5,epsilon-ranking,9,32,256,0.7333,1.0,az_good.ckpt,az_good.ckpt,141,15
9,epsilon-ranking,9,32,256,0.5666,1.0,az_good.ckpt,az_good.ckpt,187,14
9,epsilon-ranking,9,32,256,0.9666,1.0,az_good.ckpt,az_good.ckpt,21,20
16,epsilon-ranking,9,32,256,1.0,1.0,az_good.ckpt,az_good.ckpt,7,6
1,epsilon-ranking,9,32,256,0.0666,1.0,az_good.ckpt,az_good.ckpt,249,3
9,epsilon-ranking,9,32,256,0.8333,1.0,az_good.ckpt,az_good.ckpt,84,19
10,epsilon-ranking,9,32,256,0.3333,1.0,az_good.ckpt,az_good.ckpt,220,5
25,epsilon-ranking,9,32,256,0.4333,1.0,az_good.ckpt,az_good.ckpt,193,10
8,epsilon-ranking,9,32,256,0.5666,1.0,az_good.ckpt,az_good.ckpt,196,8
17,epsilon-ranking,9,32,256,0.5,1.0,az_good.ckpt,az_good.ckpt,218,13
3,epsilon-ranking,9,32,256,0.5333,1.0,az_good.ckpt,az_good.ckpt,191,10
26,epsilon-ranking,9,32,256,0.6,1.0,az_good.ckpt,az_good.ckpt,181,5
1,epsilon-ranking,9,32,256,0.8666,1.0,az_good.ckpt,az_good.ckpt,20,11
3,epsilon-ranking,9,32,256,0.3666,1.0,az_good.ckpt,az_good.ckpt,194,6
16,epsilon-ranking,9,32,256,0.4,1.0,az_good.ckpt,az_good.ckpt,204,12
7,epsilon-ranking,9,32,256,0.4666,1.0,az_good.ckpt,az_good.ckpt,198,7
3,epsilon-ranking,9,32,256,1.0,1.0,az_good.ckpt,az_good.ckpt,69,11
10,epsilon-ranking,9,32,256,0.4333,1.0,az_good.ckpt,az_good.ckpt,187,5
29,epsilon-ranking,9,32,256,0.7333,1.0,az_good.ckpt,az_good.ckpt,198,19
26,epsilon-ranking,9,32,256,0.1666,1.0,az_good.ckpt,az_good.ckpt,235,5
13,epsilon-ranking,9,32,256,0.0,1.0,az_good.ckpt,az_good.ckpt,238,1
22,epsilon-ranking,9,32,256,0.6,1.0,az_good.ckpt,az_good.ckpt,207,11
14,epsilon-ranking,9,32,256,0.5,1.0,az_good.ckpt,az_good.ckpt,186,11
29,epsilon-ranking,9,32,256,0.9333,1.0,az_good.ckpt,az_good.ckpt,25,5
19,epsilon-ranking,9,32,256,0.5333,1.0,az_good.ckpt,az_good.ckpt,189,11
3,epsilon-ranking,9,32,256,0.8666,1.0,az_good.ckpt,az_good.ckpt,175,16
22,epsilon-ranking,9,32,256,0.5666,1.0,az_good.ckpt,az_good.ckpt,170,7
23,epsilon-ranking,9,32,256,0.5,1.0,az_good.ckpt,az_good.ckpt,174,8
1,epsilon-ranking,9,32,256,0.0333,1.0,az_good.ckpt,az_good.ckpt,249,4
29,epsilon-ranking,9,32,256,0.0,1.0,az_good.ckpt,az_good.ckpt,231,4
9,epsilon-ranking,9,32,256,0.3666,1.0,az_good.ckpt,az_good.ckpt,220,17
23,epsilon-ranking,9,32,256,0.5333,1.0,az_good.ckpt,az_good.ckpt,198,11
26,epsilon-ranking,9,32,256,0.6333,1.0,az_good.ckpt,az_good.ckpt,215,9
9,epsilon-ranking,9,32,256,0.2333,1.0,az_good.ckpt,az_good.ckpt,219,8
12,epsilon-ranking,9,32,256,0.3666,1.0,az_good.ckpt,az_good.ckpt,201,2
29,epsilon-ranking,9,32,256,0.2333,1.0,az_good.ckpt,az_good.ckpt,217,6
25,epsilon-ranking,9,32,256,0.3666,1.0,az_good.ckpt,az_good.ckpt,206,2
25,epsilon-ranking,9,32,256,0.3333,1.0,az_good.ckpt,az_good.ckpt,226,5
14,epsilon-ranking,9,32,256,0.9,1.0,az_good.ckpt,az_good.ckpt,134,20
14,epsilon-ranking,9,32,256,0.1,1.0,az_good.ckpt,az_good.ckpt,230,7
6,epsilon-ranking,9,32,256,0.4333,1.0,az_good.ckpt,az_good.ckpt,203,21
4,epsilon-ranking,9,32,256,0.8333,1.0,az_good.ckpt,az_good.ckpt,185,14
14,epsilon-ranking,9,32,256,0.8,1.0,az_good.ckpt,az_good.ckpt,74,19
17,epsilon-ranking,9,32,256,1.0,1.0,az_good.ckpt,az_good.ckpt,2,14
14,epsilon-ranking,9,32,256,0.2666,1.0,az_good.ckpt,az_good.ckpt,210,7
2,epsilon-ranking,9,32,256,0.5666,1.0,az_good.ckpt,az_good.ckpt,176,15
2,epsilon-ranking,9,32,256,0.7666,1.0,az_good.ckpt,az_good.ckpt,17,3
14,epsilon-ranking,9,32,256,0.3666,1.0,az_good.ckpt,az_good.ckpt,194,11
14,epsilon-ranking,9,32,256,0.6666,1.0,az_good.ckpt,az_good.ckpt,172,9
4,epsilon-ranking,9,32,256,0.2666,1.0,az_good.ckpt,az_good.ckpt,223,13
17,epsilon-ranking,9,32,256,0.8,1.0,az_good.ckpt,az_good.ckpt,22,20
23,epsilon-ranking,9,32,256,0.3333,1.0,az_good.ckpt,az_good.ckpt,213,7
6,epsilon-ranking,9,32,256,0.8333,1.0,az_good.ckpt,az_good.ckpt,120,20
19,epsilon-ranking,9,32,256,0.0,1.0,az_good.ckpt,az_good.ckpt,236,0
5,epsilon-ranking,9,32,256,0.7666,1.0,az_good.ckpt,az_good.ckpt,164,14
30,epsilon-ranking,9,32,256,0.5333,1.0,az_good.ckpt,az_good.ckpt,187,6
23,epsilon-ranking,9,32,256,0.8333,1.0,az_good.ckpt,az_good.ckpt,172,14
13,epsilon-ranking,9,32,256,0.1,1.0,az_good.ckpt,az_good.ckpt,230,8
22,epsilon-ranking,9,32,256,0.3333,1.0,az_good.ckpt,az_good.ckpt,197,6
30,epsilon-ranking,9,32,256,0.6,1.0,az_good.ckpt,az_good.ckpt,181,6
2,epsilon-ranking,9,32,256,0.3333,1.0,az_good.ckpt,az_good.ckpt,214,6
21,epsilon-ranking,9,32,256,0.9333,1.0,az_good.ckpt,az_good.ckpt,2,1
17,epsilon-ranking,9,32,256,0.3333,1.0,az_good.ckpt,az_good.ckpt,220,10
10,epsilon-ranking,9,32,256,0.0333,1.0,az_good.ckpt,az_good.ckpt,237,1
18,epsilon-ranking,9,32,256,0.8666,1.0,az_good.ckpt,az_good.ckpt,27,10
29,epsilon-ranking,9,32,256,0.8333,1.0,az_good.ckpt,az_good.ckpt,137,11
4,epsilon-ranking,9,32,256,0.1,1.0,az_good.ckpt,az_good.ckpt,243,5
3,epsilon-ranking,9,32,256,0.1666,1.0,az_good.ckpt,az_good.ckpt,228,4
20,epsilon-ranking,9,32,256,0.3666,1.0,az_good.ckpt,az_good.ckpt,200,12
21,epsilon-ranking,9,32,256,0.8333,1.0,az_good.ckpt,az_good.ckpt,32,14
17,epsilon-ranking,9,32,256,0.1666,1.0,az_good.ckpt,az_good.ckpt,227,3
24,epsilon-ranking,9,32,256,0.1,1.0,az_good.ckpt,az_good.ckpt,232,10
21,epsilon-ranking,9,32,256,0.2,1.0,az_good.ckpt,az_good.ckpt,231,6
16,epsilon-ranking,9,32,256,0.6666,1.0,az_good.ckpt,az_good.ckpt,179,9
16,epsilon-ranking,9,32,256,0.5,1.0,az_good.ckpt,az_good.ckpt,189,9
19,epsilon-ranking,9,32,256,0.3333,1.0,az_good.ckpt,az_good.ckpt,195,9
11,epsilon-ranking,9,32,256,0.8333,1.0,az_good.ckpt,az_good.ckpt,79,11
7,epsilon-ranking,9,32,256,0.6333,1.0,az_good.ckpt,az_good.ckpt,197,6
19,epsilon-ranking,9,32,256,0.3666,1.0,az_good.ckpt,az_good.ckpt,201,6
17,epsilon-ranking,9,32,256,0.5666,1.0,az_good.ckpt,az_good.ckpt,201,20
3,epsilon-ranking,9,32,256,0.9333,1.0,az_good.ckpt,az_good.ckpt,116,5
3,epsilon-ranking,9,32,256,0.5666,1.0,az_good.ckpt,az_good.ckpt,177,13
12,epsilon-ranking,9,32,256,0.6,1.0,az_good.ckpt,az_good.ckpt,117,27
1,epsilon-ranking,9,32,256,0.1333,1.0,az_good.ckpt,az_good.ckpt,237,1
20,epsilon-ranking,9,32,256,0.6333,1.0,az_good.ckpt,az_good.ckpt,175,9
9,epsilon-ranking,9,32,256,0.4666,1.0,az_good.ckpt,az_good.ckpt,235,9
13,epsilon-ranking,9,32,256,0.7666,1.0,az_good.ckpt,az_good.ckpt,181,9
25,epsilon-ranking,9,32,256,0.9,1.0,az_good.ckpt,az_good.ckpt,99,7
9,epsilon-ranking,9,32,256,0.0666,1.0,az_good.ckpt,az_good.ckpt,247,2
2,epsilon-ranking,9,32,256,0.2,1.0,az_good.ckpt,az_good.ckpt,230,5
5,epsilon-ranking,9,32,256,0.5,1.0,az_good.ckpt,az_good.ckpt,221,1
30,epsilon-ranking,9,32,256,0.5666,1.0,az_good.ckpt,az_good.ckpt,179,11
16,epsilon-ranking,9,32,256,0.2333,1.0,az_good.ckpt,az_good.ckpt,218,11
25,epsilon-ranking,9,32,256,0.8,1.0,az_good.ckpt,az_good.ckpt,158,8
13,epsilon-ranking,9,32,256,0.3333,1.0,az_good.ckpt,az_good.ckpt,207,11
27,epsilon-ranking,9,32,256,0.6666,1.0,az_good.ckpt,az_good.ckpt,136,8
15,epsilon-ranking,9,32,256,0.8333,1.0,az_good.ckpt,az_good.ckpt,141,18
7,epsilon-ranking,9,32,256,0.6,1.0,az_good.ckpt,az_good.ckpt,180,4
17,epsilon-ranking,9,32,256,0.6666,1.0,az_good.ckpt,az_good.ckpt,135,18
9,epsilon-ranking,9,32,256,0.6666,1.0,az_good.ckpt,az_good.ckpt,133,11
8,epsilon-ranking,9,32,256,0.5333,1.0,az_good.ckpt,az_good.ckpt,182,8
15,epsilon-ranking,9,32,256,0.1333,1.0,az_good.ckpt,az_good.ckpt,240,6
23,epsilon-ranking,9,32,256,0.2333,1.0,az_good.ckpt,az_good.ckpt,219,8
12,epsilon-ranking,9,32,256,0.9333,1.0,az_good.ckpt,az_good.ckpt,94,14
26,epsilon-ranking,9,32,256,0.2333,1.0,az_good.ckpt,az_good.ckpt,229,6
16,epsilon-ranking,9,32,256,0.4333,1.0,az_good.ckpt,az_good.ckpt,192,7
10,epsilon-ranking,9,32,256,0.7333,1.0,az_good.ckpt,az_good.ckpt,51,4
15,epsilon-ranking,9,32,256,0.8666,1.0,az_good.ckpt,az_good.ckpt,126,9
23,epsilon-ranking,9,32,256,0.7666,1.0,az_good.ckpt,az_good.ckpt,142,6
2,epsilon-ranking,9,32,256,1.0,1.0,az_good.ckpt,az_good.ckpt,11,12
6,epsilon-ranking,9,32,256,0.7333,1.0,az_good.ckpt,az_good.ckpt,87,8
7,epsilon-ranking,9,32,256,0.0666,1.0,az_good.ckpt,az_good.ckpt,242,0
29,epsilon-ranking,9,32,256,0.4666,1.0,az_good.ckpt,az_good.ckpt,190,3
20,epsilon-ranking,9,32,256,0.0333,1.0,az_good.ckpt,az_good.ckpt,242,6
9,epsilon-ranking,9,32,256,0.5,1.0,az_good.ckpt,az_good.ckpt,191,21
30,epsilon-ranking,9,32,256,0.1666,1.0,az_good.ckpt,az_good.ckpt,225,7
17,epsilon-ranking,9,32,256,0.7,1.0,az_good.ckpt,az_good.ckpt,106,15
3,epsilon-ranking,9,32,256,0.8,1.0,az_good.ckpt,az_good.ckpt,142,9
13,epsilon-ranking,9,32,256,0.5,1.0,az_good.ckpt,az_good.ckpt,176,4
3,epsilon-ranking,9,32,256,0.6333,1.0,az_good.ckpt,az_good.ckpt,189,11
11,epsilon-ranking,9,32,256,0.2,1.0,az_good.ckpt,az_good.ckpt,207,4
4,epsilon-ranking,9,32,256,0.4333,1.0,az_good.ckpt,az_good.ckpt,205,9
22,epsilon-ranking,9,32,256,0.1333,1.0,az_good.ckpt,az_good.ckpt,237,4
23,epsilon-ranking,9,32,256,0.7333,1.0,az_good.ckpt,az_good.ckpt,146,8
5,epsilon-ranking,9,32,256,0.8666,1.0,az_good.ckpt,az_good.ckpt,142,13
13,epsilon-ranking,9,32,256,0.3,1.0,az_good.ckpt,az_good.ckpt,218,5
16,epsilon-ranking,9,32,256,0.8333,1.0,az_good.ckpt,az_good.ckpt,63,8
28,epsilon-ranking,9,32,256,0.8666,1.0,az_good.ckpt,az_good.ckpt,146,20
21,epsilon-ranking,9,32,256,0.2666,1.0,az_good.ckpt,az_good.ckpt,218,9
8,epsilon-ranking,9,32,256,0.4,1.0,az_good.ckpt,az_good.ckpt,223,7
9,epsilon-ranking,9,32,256,0.8,1.0,az_good.ckpt,az_good.ckpt,148,19
16,epsilon-ranking,9,32,256,0.2,1.0,az_good.ckpt,az_good.ckpt,217,12
5,epsilon-ranking,9,32,256,0.9333,1.0,az_good.ckpt,az_good.ckpt,32,39
8,epsilon-ranking,9,32,256,0.9666,1.0,az_good.ckpt,az_good.ckpt,28,4
8,epsilon-ranking,9,32,256,0.6333,1.0,az_good.ckpt,az_good.ckpt,230,10
20,epsilon-ranking,9,32,256,0.3,1.0,az_good.ckpt,az_good.ckpt,214,13
20,epsilon-ranking,9,32,256,0.2333,1.0,az_good.ckpt,az_good.ckpt,226,4
17,epsilon-ranking,9,32,256,0.2,1.0,az_good.ckpt,az_good.ckpt,231,4
26,epsilon-ranking,9,32,256,0.8,1.0,az_good.ckpt,az_good.ckpt,40,2
11,epsilon-ranking,9,32,256,0.4,1.0,az_good.ckpt,az_good.ckpt,207,8
13,epsilon-ranking,9,32,256,0.4333,1.0,az_good.ckpt,az_good.ckpt,201,5
3,epsilon-ranking,9,32,256,0.2333,1.0,az_good.ckpt,az_good.ckpt,228,4
3,epsilon-ranking,9,32,256,0.6666,1.0,az_good.ckpt,az_good.ckpt,175,13
5,epsilon-ranking,9,32,256,0.5333,1.0,az_good.ckpt,az_good.ckpt,162,7
16,epsilon-ranking,9,32,256,0.8666,1.0,az_good.ckpt,az_good.ckpt,70,18
3,epsilon-ranking,9,32,256,0.4333,1.0,az_good.ckpt,az_good.ckpt,187,11
22,epsilon-ranking,9,32,256,0.2333,1.0,az_good.ckpt,az_good.ckpt,228,11
4,epsilon-ranking,9,32,256,0.7,1.0,az_good.ckpt,az_good.ckpt,189,10
27,epsilon-ranking,9,32,256,0.5333,1.0,az_good.ckpt,az_good.ckpt,177,11
27,epsilon-ranking,9,32,256,0.6,1.0,az_good.ckpt,az_good.ckpt,160,9
6,epsilon-ranking,9,32,256,0.5,1.0,az_good.ckpt,az_good.ckpt,190,18
1,epsilon-ranking,9,32,256,0.5666,1.0,az_good.ckpt,az_good.ckpt,152,10
10,epsilon-ranking,9,32,256,0.1333,1.0,az_good.ckpt,az_good.ckpt,243,5
15,epsilon-ranking,9,32,256,0.4333,1.0,az_good.ckpt,az_good.ckpt,190,4
6,epsilon-ranking,9,32,256,0.9666,1.0,az_good.ckpt,az_good.ckpt,33,26
25,epsilon-ranking,9,32,256,0.0,1.0,az_good.ckpt,az_good.ckpt,238,1
23,epsilon-ranking,9,32,256,0.8,1.0,az_good.ckpt,az_good.ckpt,139,4
17,epsilon-ranking,9,32,256,0.9666,1.0,az_good.ckpt,az_good.ckpt,2,7
6,epsilon-ranking,9,32,256,0.4,1.0,az_good.ckpt,az_good.ckpt,188,10
2,epsilon-ranking,9,32,256,0.2333,1.0,az_good.ckpt,az_good.ckpt,231,9
6,epsilon-ranking,9,32,256,0.1333,1.0,az_good.ckpt,az_good.ckpt,237,3
10,epsilon-ranking,9,32,256,0.8666,1.0,az_good.ckpt,az_good.ckpt,8,2
17,epsilon-ranking,9,32,256,0.6,1.0,az_good.ckpt,az_good.ckpt,174,11
2,epsilon-ranking,9,32,256,0.7,1.0,az_good.ckpt,az_good.ckpt,205,24
12,epsilon-ranking,9,32,256,0.0333,1.0,az_good.ckpt,az_good.ckpt,240,2
20,epsilon-ranking,9,32,256,0.9,1.0,az_good.ckpt,az_good.ckpt,111,5
1,epsilon-ranking,9,32,256,0.6,1.0,az_good.ckpt,az_good.ckpt,144,24
26,epsilon-ranking,9,32,256,0.0,1.0,az_good.ckpt,az_good.ckpt,244,2
22,epsilon-ranking,9,32,256,0.3666,1.0,az_good.ckpt,az_good.ckpt,213,8
7,epsilon-ranking,9,32,256,0.3,1.0,az_good.ckpt,az_good.ckpt,219,10
22,epsilon-ranking,9,32,256,0.2666,1.0,az_good.ckpt,az_good.ckpt,215,8
7,epsilon-ranking,9,32,256,0.9333,1.0,az_good.ckpt,az_good.ckpt,35,17
8,epsilon-ranking,9,32,256,0.6,1.0,az_good.ckpt,az_good.ckpt,167,17
25,epsilon-ranking,9,32,256,0.5333,1.0,az_good.ckpt,az_good.ckpt,214,13
25,epsilon-ranking,9,32,256,0.9333,1.0,az_good.ckpt,az_good.ckpt,102,14
4,epsilon-ranking,9,32,256,0.8,1.0,az_good.ckpt,az_good.ckpt,135,16
30,epsilon-ranking,9,32,256,0.5,1.0,az_good.ckpt,az_good.ckpt,189,6
16,epsilon-ranking,9,32,256,0.7,1.0,az_good.ckpt,az_good.ckpt,196,11
11,epsilon-ranking,9,32,256,0.4333,1.0,az_good.ckpt,az_good.ckpt,196,10
17,epsilon-ranking,9,32,256,0.1,1.0,az_good.ckpt,az_good.ckpt,250,9
15,epsilon-ranking,9,32,256,0.5666,1.0,az_good.ckpt,az_good.ckpt,212,8
8,epsilon-ranking,9,32,256,0.7666,1.0,az_good.ckpt,az_good.ckpt,158,14
12,epsilon-ranking,9,32,256,0.0,1.0,az_good.ckpt,az_good.ckpt,239,2
11,epsilon-ranking,9,32,256,0.3666,1.0,az_good.ckpt,az_good.ckpt,223,3
20,epsilon-ranking,9,32,256,0.0666,1.0,az_good.ckpt,az_good.ckpt,246,4
7,epsilon-ranking,9,32,256,0.2666,1.0,az_good.ckpt,az_good.ckpt,216,9
13,epsilon-ranking,9,32,256,0.8333,1.0,az_good.ckpt,az_good.ckpt,32,6
4,epsilon-ranking,9,32,256,0.6666,1.0,az_good.ckpt,az_good.ckpt,128,13
10,epsilon-ranking,9,32,256,0.3666,1.0,az_good.ckpt,az_good.ckpt,179,6
13,epsilon-ranking,9,32,256,0.7333,1.0,az_good.ckpt,az_good.ckpt,180,7
5,epsilon-ranking,9,32,256,0.3333,1.0,az_good.ckpt,az_good.ckpt,188,9
29,epsilon-ranking,9,32,256,0.3333,1.0,az_good.ckpt,az_good.ckpt,206,3
28,epsilon-ranking,9,32,256,0.8333,1.0,az_good.ckpt,az_good.ckpt,48,21
10,epsilon-ranking,9,32,256,0.5,1.0,az_good.ckpt,az_good.ckpt,208,7
3,epsilon-ranking,9,32,256,0.3,1.0,az_good.ckpt,az_good.ckpt,213,9
19,epsilon-ranking,9,32,256,0.7333,1.0,az_good.ckpt,az_good.ckpt,219,13
10,epsilon-ranking,9,32,256,0.4,1.0,az_good.ckpt,az_good.ckpt,195,8
15,epsilon-ranking,9,32,256,0.3333,1.0,az_good.ckpt,az_good.ckpt,196,8
13,epsilon-ranking,9,32,256,0.4666,1.0,az_good.ckpt,az_good.ckpt,184,10
2,epsilon-ranking,9,32,256,0.9666,1.0,az_good.ckpt,az_good.ckpt,75,11
27,epsilon-ranking,9,32,256,0.6333,1.0,az_good.ckpt,az_good.ckpt,158,4
28,epsilon-ranking,9,32,256,0.1666,1.0,az_good.ckpt,az_good.ckpt,235,4
27,epsilon-ranking,9,32,256,0.3333,1.0,az_good.ckpt,az_good.ckpt,205,17
26,epsilon-ranking,9,32,256,0.6666,1.0,az_good.ckpt,az_good.ckpt,201,11
7,epsilon-ranking,9,32,256,0.9,1.0,az_good.ckpt,az_good.ckpt,162,28
19,epsilon-ranking,9,32,256,0.1,1.0,az_good.ckpt,az_good.ckpt,248,2
8,epsilon-ranking,9,32,256,0.6666,1.0,az_good.ckpt,az_good.ckpt,203,14
11,epsilon-ranking,9,32,256,0.6333,1.0,az_good.ckpt,az_good.ckpt,174,8
5,epsilon-ranking,9,32,256,0.1666,1.0,az_good.ckpt,az_good.ckpt,227,10
18,epsilon-ranking,9,32,256,0.2666,1.0,az_good.ckpt,az_good.ckpt,229,6
11,epsilon-ranking,9,32,256,0.0,1.0,az_good.ckpt,az_good.ckpt,239,0
14,epsilon-ranking,9,32,256,0.1333,1.0,az_good.ckpt,az_good.ckpt,245,6
20,epsilon-ranking,9,32,256,0.8666,1.0,az_good.ckpt,az_good.ckpt,102,8
9,epsilon-ranking,9,32,256,0.9333,1.0,az_good.ckpt,az_good.ckpt,40,5
27,epsilon-ranking,9,32,256,1.0,1.0,az_good.ckpt,az_good.ckpt,6,7
25,epsilon-ranking,9,32,256,0.2,1.0,az_good.ckpt,az_good.ckpt,225,5
8,epsilon-ranking,9,32,256,0.7333,1.0,az_good.ckpt,az_good.ckpt,199,20
19,epsilon-ranking,9,32,256,1.0,1.0,az_good.ckpt,az_good.ckpt,0,0
22,epsilon-ranking,9,32,256,0.2,1.0,az_good.ckpt,az_good.ckpt,220,10
4,epsilon-ranking,9,32,256,0.3,1.0,az_good.ckpt,az_good.ckpt,217,8
8,epsilon-ranking,9,32,256,0.9,1.0,az_good.ckpt,az_good.ckpt,35,8
23,epsilon-ranking,9,32,256,0.9333,1.0,az_good.ckpt,az_good.ckpt,30,9
13,epsilon-ranking,9,32,256,0.9,1.0,az_good.ckpt,az_good.ckpt,29,8
14,epsilon-ranking,9,32,256,0.8666,1.0,az_good.ckpt,az_good.ckpt,96,23
26,epsilon-ranking,9,32,256,0.5,1.0,az_good.ckpt,az_good.ckpt,212,6
22,epsilon-ranking,9,32,256,0.4,1.0,az_good.ckpt,az_good.ckpt,206,8
6,epsilon-ranking,9,32,256,0.9,1.0,az_good.ckpt,az_good.ckpt,135,17
29,epsilon-ranking,9,32,256,0.1666,1.0,az_good.ckpt,az_good.ckpt,210,9
29,epsilon-ranking,9,32,256,0.2666,1.0,az_good.ckpt,az_good.ckpt,205,4
10,epsilon-ranking,9,32,256,0.8333,1.0,az_good.ckpt,az_good.ckpt,10,0
4,epsilon-ranking,9,32,256,1.0,1.0,az_good.ckpt,az_good.ckpt,62,7
12,epsilon-ranking,9,32,256,0.4666,1.0,az_good.ckpt,az_good.ckpt,202,8
6,epsilon-ranking,9,32,256,0.0333,1.0,az_good.ckpt,az_good.ckpt,239,4
12,epsilon-ranking,9,32,256,0.9,1.0,az_good.ckpt,az_good.ckpt,79,21
6,epsilon-ranking,9,32,256,0.6666,1.0,az_good.ckpt,az_good.ckpt,185,14
17,epsilon-ranking,9,32,256,0.4,1.0,az_good.ckpt,az_good.ckpt,205,8
8,epsilon-ranking,9,32,256,1.0,1.0,az_good.ckpt,az_good.ckpt,8,2
13,epsilon-ranking,9,32,256,0.9666,1.0,az_good.ckpt,az_good.ckpt,28,12
22,epsilon-ranking,9,32,256,0.0,1.0,az_good.ckpt,az_good.ckpt,245,1
20,epsilon-ranking,9,32,256,0.4666,1.0,az_good.ckpt,az_good.ckpt,209,14
24,epsilon-ranking,9,32,256,0.3,1.0,az_good.ckpt,az_good.ckpt,214,12
3,epsilon-ranking,9,32,256,0.9666,1.0,az_good.ckpt,az_good.ckpt,10,11
11,epsilon-ranking,9,32,256,0.6,1.0,az_good.ckpt,az_good.ckpt,163,11
2,epsilon-ranking,9,32,256,0.0666,1.0,az_good.ckpt,az_good.ckpt,244,12
29,epsilon-ranking,9,32,256,0.4,1.0,az_good.ckpt,az_good.ckpt,192,16
17,epsilon-ranking,9,32,256,0.0,1.0,az_good.ckpt,az_good.ckpt,248,7
25,epsilon-ranking,9,32,256,0.2333,1.0,az_good.ckpt,az_good.ckpt,222,12
12,epsilon-ranking,9,32,256,0.8,1.0,az_good.ckpt,az_good.ckpt,147,16
20,epsilon-ranking,9,32,256,0.6,1.0,az_good.ckpt,az_good.ckpt,197,14
12,epsilon-ranking,9,32,256,0.7666,1.0,az_good.ckpt,az_good.ckpt,109,28
6,epsilon-ranking,9,32,256,0.2,1.0,az_good.ckpt,az_good.ckpt,229,9
11,epsilon-ranking,9,32,256,0.2666,1.0,az_good.ckpt,az_good.ckpt,233,13
5,epsilon-ranking,9,32,256,0.9666,1.0,az_good.ckpt,az_good.ckpt,101,12
12,epsilon-ranking,9,32,256,0.5,1.0,az_good.ckpt,az_good.ckpt,201,7
16,epsilon-ranking,9,32,256,0.1333,1.0,az_good.ckpt,az_good.ckpt,236,4
10,epsilon-ranking,9,32,256,0.6666,1.0,az_good.ckpt,az_good.ckpt,116,9
8,epsilon-ranking,9,32,256,0.8,1.0,az_good.ckpt,az_good.ckpt,160,21
16,epsilon-ranking,9,32,256,0.9,1.0,az_good.ckpt,az_good.ckpt,103,28
27,epsilon-ranking,9,32,256,0.8,1.0,az_good.ckpt,az_good.ckpt,212,27
24,epsilon-ranking,9,32,256,0.3333,1.0,az_good.ckpt,az_good.ckpt,192,6
20,epsilon-ranking,9,32,256,0.2,1.0,az_good.ckpt,az_good.ckpt,235,2
6,epsilon-ranking,9,32,256,0.2666,1.0,az_good.ckpt,az_good.ckpt,213,11
22,epsilon-ranking,9,32,256,0.8666,1.0,az_good.ckpt,az_good.ckpt,149,20
1,epsilon-ranking,9,32,256,0.2,1.0,az_good.ckpt,az_good.ckpt,213,5
1,epsilon-ranking,9,32,256,0.4333,1.0,az_good.ckpt,az_good.ckpt,186,10
3,epsilon-ranking,9,32,256,0.0333,1.0,az_good.ckpt,az_good.ckpt,238,8
2,epsilon-ranking,9,32,256,0.4,1.0,az_good.ckpt,az_good.ckpt,202,4
27,epsilon-ranking,9,32,256,0.3,1.0,az_good.ckpt,az_good.ckpt,190,9
21,epsilon-ranking,9,32,256,0.8666,1.0,az_good.ckpt,az_good.ckpt,6,1
22,epsilon-ranking,9,32,256,0.8,1.0,az_good.ckpt,az_good.ckpt,104,5
24,epsilon-ranking,9,32,256,0.1666,1.0,az_good.ckpt,az_good.ckpt,225,3
28,epsilon-ranking,9,32,256,0.7,1.0,az_good.ckpt,az_good.ckpt,144,12
4,epsilon-ranking,9,32,256,0.0,1.0,az_good.ckpt,az_good.ckpt,215,2
21,epsilon-ranking,9,32,256,0.1,1.0,az_good.ckpt,az_good.ckpt,245,3
15,epsilon-ranking,9,32,256,0.9333,1.0,az_good.ckpt,az_good.ckpt,71,11
17,epsilon-ranking,9,32,256,0.8666,1.0,az_good.ckpt,az_good.ckpt,48,38
2,epsilon-ranking,9,32,256,0.2666,1.0,az_good.ckpt,az_good.ckpt,213,11
30,epsilon-ranking,9,32,256,0.4666,1.0,az_good.ckpt,az_good.ckpt,206,7
2,epsilon-ranking,9,32,256,0.5,1.0,az_good.ckpt,az_good.ckpt,186,10
10,epsilon-ranking,9,32,256,0.7666,1.0,az_good.ckpt,az_good.ckpt,74,16
7,epsilon-ranking,9,32,256,0.8666,1.0,az_good.ckpt,az_good.ckpt,112,14
11,epsilon-ranking,9,32,256,0.9,1.0,az_good.ckpt,az_good.ckpt,22,5
28,epsilon-ranking,9,32,256,0.2,1.0,az_good.ckpt,az_good.ckpt,218,8
26,epsilon-ranking,9,32,256,0.5333,1.0,az_good.ckpt,az_good.ckpt,201,4
20,epsilon-ranking,9,32,256,0.1666,1.0,az_good.ckpt,az_good.ckpt,234,4
21,epsilon-ranking,9,32,256,0.0,1.0,az_good.ckpt,az_good.ckpt,239,2
13,epsilon-ranking,9,32,256,0.5666,1.0,az_good.ckpt,az_good.ckpt,218,6
18,epsilon-ranking,9,32,256,0.5333,1.0,az_good.ckpt,az_good.ckpt,219,10
3,epsilon-ranking,9,32,256,0.7333,1.0,az_good.ckpt,az_good.ckpt,170,11
13,epsilon-ranking,9,32,256,0.1666,1.0,az_good.ckpt,az_good.ckpt,236,3
12,epsilon-ranking,9,32,256,0.8666,1.0,az_good.ckpt,az_good.ckpt,101,13
10,epsilon-ranking,9,32,256,0.9,1.0,az_good.ckpt,az_good.ckpt,81,6
28,epsilon-ranking,9,32,256,0.0666,1.0,az_good.ckpt,az_good.ckpt,246,0
10,epsilon-ranking,9,32,256,0.6,1.0,az_good.ckpt,az_good.ckpt,180,6
21,epsilon-ranking,9,32,256,0.3333,1.0,az_good.ckpt,az_good.ckpt,207,5
22,epsilon-ranking,9,32,256,0.0333,1.0,az_good.ckpt,az_good.ckpt,238,1
30,epsilon-ranking,9,32,256,0.8,1.0,az_good.ckpt,az_good.ckpt,41,4
20,epsilon-ranking,9,32,256,0.4333,1.0,az_good.ckpt,az_good.ckpt,207,16
1,epsilon-ranking,9,32,256,0.9333,1.0,az_good.ckpt,az_good.ckpt,7,4
30,epsilon-ranking,9,32,256,0.4333,1.0,az_good.ckpt,az_good.ckpt,214,1
24,epsilon-ranking,9,32,256,0.7,1.0,az_good.ckpt,az_good.ckpt,98,16
3,epsilon-ranking,9,32,256,0.7666,1.0,az_good.ckpt,az_good.ckpt,171,8
22,epsilon-ranking,9,32,256,0.7666,1.0,az_good.ckpt,az_good.ckpt,163,6
18,epsilon-ranking,9,32,256,0.0666,1.0,az_good.ckpt,az_good.ckpt,247,3
8,epsilon-ranking,9,32,256,0.8333,1.0,az_good.ckpt,az_good.ckpt,130,24
2,epsilon-ranking,9,32,256,0.7333,1.0,az_good.ckpt,az_good.ckpt,14,4
21,epsilon-ranking,9,32,256,0.9666,1.0,az_good.ckpt,az_good.ckpt,5,4
21,epsilon-ranking,9,32,256,0.5666,1.0,az_good.ckpt,az_good.ckpt,171,7
9,epsilon-ranking,9,32,256,0.3333,1.0,az_good.ckpt,az_good.ckpt,206,11
27,epsilon-ranking,9,32,256,0.4,1.0,az_good.ckpt,az_good.ckpt,193,5
10,epsilon-ranking,9,32,256,0.7,1.0,az_good.ckpt,az_good.ckpt,190,13
2,epsilon-ranking,9,32,256,0.1666,1.0,az_good.ckpt,az_good.ckpt,246,5
2,epsilon-ranking,9,32,256,0.1333,1.0,az_good.ckpt,az_good.ckpt,237,2
29,epsilon-ranking,9,32,256,0.2,1.0,az_good.ckpt,az_good.ckpt,238,5
8,epsilon-ranking,9,32,256,0.9333,1.0,az_good.ckpt,az_good.ckpt,15,11
7,epsilon-ranking,9,32,256,0.5,1.0,az_good.ckpt,az_good.ckpt,198,14
25,epsilon-ranking,9,32,256,1.0,1.0,az_good.ckpt,az_good.ckpt,7,6
26,epsilon-ranking,9,32,256,0.4666,1.0,az_good.ckpt,az_good.ckpt,175,7
1,epsilon-ranking,9,32,256,0.3,1.0,az_good.ckpt,az_good.ckpt,206,9
25,epsilon-ranking,9,32,256,0.3,1.0,az_good.ckpt,az_good.ckpt,233,6
29,epsilon-ranking,9,32,256,0.4333,1.0,az_good.ckpt,az_good.ckpt,182,15
22,epsilon-ranking,9,32,256,0.9,1.0,az_good.ckpt,az_good.ckpt,115,9
8,epsilon-ranking,9,32,256,0.2666,1.0,az_good.ckpt,az_good.ckpt,197,8
5,epsilon-ranking,9,32,256,0.0,1.0,az_good.ckpt,az_good.ckpt,244,6
18,epsilon-ranking,9,32,256,0.1666,1.0,az_good.ckpt,az_good.ckpt,240,2
14,epsilon-ranking,9,32,256,0.7333,1.0,az_good.ckpt,az_good.ckpt,168,10
18,epsilon-ranking,9,32,256,0.3,1.0,az_good.ckpt,az_good.ckpt,218,9
23,epsilon-ranking,9,32,256,0.3666,1.0,az_good.ckpt,az_good.ckpt,217,8
30,epsilon-ranking,9,32,256,0.1333,1.0,az_good.ckpt,az_good.ckpt,235,0
3,epsilon-ranking,9,32,256,0.7,1.0,az_good.ckpt,az_good.ckpt,171,13
9,epsilon-ranking,9,32,256,0.0,1.0,az_good.ckpt,az_good.ckpt,227,1
12,epsilon-ranking,9,32,256,0.2,1.0,az_good.ckpt,az_good.ckpt,231,2
24,epsilon-ranking,9,32,256,0.6,1.0,az_good.ckpt,az_good.ckpt,192,8
17,epsilon-ranking,9,32,256,0.7333,1.0,az_good.ckpt,az_good.ckpt,89,15
25,epsilon-ranking,9,32,256,0.6,1.0,az_good.ckpt,az_good.ckpt,186,12
19,epsilon-ranking,9,32,256,0.4666,1.0,az_good.ckpt,az_good.ckpt,203,12
20,epsilon-ranking,9,32,256,0.5,1.0,az_good.ckpt,az_good.ckpt,197,10
28,epsilon-ranking,9,32,256,0.9,1.0,az_good.ckpt,az_good.ckpt,77,7
22,epsilon-ranking,9,32,256,0.3,1.0,az_good.ckpt,az_good.ckpt,220,7
5,epsilon-ranking,9,32,256,0.0666,1.0,az_good.ckpt,az_good.ckpt,252,1
20,epsilon-ranking,9,32,256,0.5666,1.0,az_good.ckpt,az_good.ckpt,205,27
28,epsilon-ranking,9,32,256,0.4666,1.0,az_good.ckpt,az_good.ckpt,188,12
8,epsilon-ranking,9,32,256,0.0,1.0,az_good.ckpt,az_good.ckpt,244,0
19,epsilon-ranking,9,32,256,0.1666,1.0,az_good.ckpt,az_good.ckpt,230,10
23,epsilon-ranking,9,32,256,0.4,1.0,az_good.ckpt,az_good.ckpt,204,13
19,epsilon-ranking,9,32,256,0.9,1.0,az_good.ckpt,az_good.ckpt,13,9
17,epsilon-ranking,9,32,256,0.4333,1.0,az_good.ckpt,az_good.ckpt,188,13
2,epsilon-ranking,9,32,256,0.9333,1.0,az_good.ckpt,az_good.ckpt,56,14
18,epsilon-ranking,9,32,256,0.5,1.0,az_good.ckpt,az_good.ckpt,216,8
10,epsilon-ranking,9,32,256,0.0666,1.0,az_good.ckpt,az_good.ckpt,242,9
24,epsilon-ranking,9,32,256,0.6333,1.0,az_good.ckpt,az_good.ckpt,188,9
10,epsilon-ranking,9,32,256,0.9666,1.0,az_good.ckpt,az_good.ckpt,6,7
14,epsilon-ranking,9,32,256,0.5666,1.0,az_good.ckpt,az_good.ckpt,196,11
28,epsilon-ranking,9,32,256,0.2666,1.0,az_good.ckpt,az_good.ckpt,208,13
5,epsilon-ranking,9,32,256,0.8333,1.0,az_good.ckpt,az_good.ckpt,79,16
1,epsilon-ranking,9,32,256,0.3666,1.0,az_good.ckpt,az_good.ckpt,208,13
24,epsilon-ranking,9,32,256,0.2666,1.0,az_good.ckpt,az_good.ckpt,214,11
23,epsilon-ranking,9,32,256,0.2,1.0,az_good.ckpt,az_good.ckpt,230,6
4,epsilon-ranking,9,32,256,0.0666,1.0,az_good.ckpt,az_good.ckpt,243,0
25,epsilon-ranking,9,32,256,0.6333,1.0,az_good.ckpt,az_good.ckpt,172,9
10,epsilon-ranking,9,32,256,0.1666,1.0,az_good.ckpt,az_good.ckpt,209,4
8,epsilon-ranking,9,32,256,0.0666,1.0,az_good.ckpt,az_good.ckpt,240,6
16,epsilon-ranking,9,32,256,0.5666,1.0,az_good.ckpt,az_good.ckpt,175,5
9,epsilon-ranking,9,32,256,0.6,1.0,az_good.ckpt,az_good.ckpt,183,9
13,epsilon-ranking,9,32,256,0.2666,1.0,az_good.ckpt,az_good.ckpt,227,4
26,epsilon-ranking,9,32,256,0.3333,1.0,az_good.ckpt,az_good.ckpt,208,8
21,epsilon-ranking,9,32,256,0.0333,1.0,az_good.ckpt,az_good.ckpt,244,6
14,epsilon-ranking,9,32,256,0.9666,1.0,az_good.ckpt,az_good.ckpt,10,5
8,epsilon-ranking,9,32,256,0.7,1.0,az_good.ckpt,az_good.ckpt,187,16
29,epsilon-ranking,9,32,256,0.5,1.0,az_good.ckpt,az_good.ckpt,177,9
29,epsilon-ranking,9,32,256,0.6,1.0,az_good.ckpt,az_good.ckpt,222,11
4,epsilon-ranking,9,32,256,0.9666,1.0,az_good.ckpt,az_good.ckpt,59,9
28,epsilon-ranking,9,32,256,0.1333,1.0,az_good.ckpt,az_good.ckpt,237,6
25,epsilon-ranking,9,32,256,0.4,1.0,az_good.ckpt,az_good.ckpt,221,19
21,epsilon-ranking,9,32,256,0.6,1.0,az_good.ckpt,az_good.ckpt,162,15
3,epsilon-ranking,9,32,256,0.8333,1.0,az_good.ckpt,az_good.ckpt,208,15
17,epsilon-ranking,9,32,256,0.2333,1.0,az_good.ckpt,az_good.ckpt,223,3
24,epsilon-ranking,9,32,256,0.8333,1.0,az_good.ckpt,az_good.ckpt,25,10
11,epsilon-ranking,9,32,256,0.7333,1.0,az_good.ckpt,az_good.ckpt,126,12
25,epsilon-ranking,9,32,256,0.9666,1.0,az_good.ckpt,az_good.ckpt,24,4
16,epsilon-ranking,9,32,256,0.6,1.0,az_good.ckpt,az_good.ckpt,190,10
21,epsilon-ranking,9,32,256,0.2333,1.0,az_good.ckpt,az_good.ckpt,228,7
9,epsilon-ranking,9,32,256,0.3,1.0,az_good.ckpt,az_good.ckpt,171,3
19,epsilon-ranking,9,32,256,0.0333,1.0,az_good.ckpt,az_good.ckpt,246,2
20,epsilon-ranking,9,32,256,0.7666,1.0,az_good.ckpt,az_good.ckpt,170,13
17,epsilon-ranking,9,32,256,0.2666,1.0,az_good.ckpt,az_good.ckpt,220,7
16,epsilon-ranking,9,32,256,0.5333,1.0,az_good.ckpt,az_good.ckpt,184,10
13,epsilon-ranking,9,32,256,0.7,1.0,az_good.ckpt,az_good.ckpt,205,22
23,epsilon-ranking,9,32,256,0.6666,1.0,az_good.ckpt,az_good.ckpt,147,16
28,epsilon-ranking,9,32,256,0.2333,1.0,az_good.ckpt,az_good.ckpt,225,4
28,epsilon-ranking,9,32,256,0.4333,1.0,az_good.ckpt,az_good.ckpt,188,9
15,epsilon-ranking,9,32,256,0.4,1.0,az_good.ckpt,az_good.ckpt,190,4
17,epsilon-ranking,9,32,256,0.3,1.0,az_good.ckpt,az_good.ckpt,210,4
6,epsilon-ranking,9,32,256,0.8666,1.0,az_good.ckpt,az_good.ckpt,161,15
25,epsilon-ranking,9,32,256,0.8333,1.0,az_good.ckpt,az_good.ckpt,146,21
21,epsilon-ranking,9,32,256,0.5,1.0,az_good.ckpt,az_good.ckpt,223,14
9,epsilon-ranking,9,32,256,0.4333,1.0,az_good.ckpt,az_good.ckpt,220,7
29,epsilon-ranking,9,32,256,0.8,1.0,az_good.ckpt,az_good.ckpt,159,8
18,epsilon-ranking,9,32,256,0.3666,1.0,az_good.ckpt,az_good.ckpt,213,6
28,epsilon-ranking,9,32,256,0.4,1.0,az_good.ckpt,az_good.ckpt,180,6
7,epsilon-ranking,9,32,256,0.4,1.0,az_good.ckpt,az_good.ckpt,223,11
29,epsilon-ranking,9,32,256,1.0,1.0,az_good.ckpt,az_good.ckpt,2,3
6,epsilon-ranking,9,32,256,0.5666,1.0,az_good.ckpt,az_good.ckpt,180,15
22,epsilon-ranking,9,32,256,0.8333,1.0,az_good.ckpt,az_good.ckpt,46,2
14,epsilon-ranking,9,32,256,0.4333,1.0,az_good.ckpt,az_good.ckpt,184,7
18,epsilon-ranking,9,32,256,0.9666,1.0,az_good.ckpt,az_good.ckpt,3,7
5,epsilon-ranking,9,32,256,0.2,1.0,az_good.ckpt,az_good.ckpt,227,4
26,epsilon-ranking,9,32,256,0.9666,1.0,az_good.ckpt,az_good.ckpt,4,2
22,epsilon-ranking,9,32,256,1.0,1.0,az_good.ckpt,az_good.ckpt,8,12
7,epsilon-ranking,9,32,256,0.7,1.0,az_good.ckpt,az_good.ckpt,213,14
23,epsilon-ranking,9,32,256,0.0666,1.0,az_good.ckpt,az_good.ckpt,250,3
22,epsilon-ranking,9,32,256,0.6666,1.0,az_good.ckpt,az_good.ckpt,173,10
30,epsilon-ranking,9,32,256,0.0666,1.0,az_good.ckpt,az_good.ckpt,243,2
5,epsilon-ranking,9,32,256,0.3666,1.0,az_good.ckpt,az_good.ckpt,188,4
27,epsilon-ranking,9,32,256,0.3666,1.0,az_good.ckpt,az_good.ckpt,188,11
26,epsilon-ranking,9,32,256,0.7666,1.0,az_good.ckpt,az_good.ckpt,163,25
26,epsilon-ranking,9,32,256,0.9333,1.0,az_good.ckpt,az_good.ckpt,6,4
22,epsilon-ranking,9,32,256,0.4666,1.0,az_good.ckpt,az_good.ckpt,194,10
27,epsilon-ranking,9,32,256,0.8666,1.0,az_good.ckpt,az_good.ckpt,177,18
15,epsilon-ranking,9,32,256,0.0333,1.0,az_good.ckpt,az_good.ckpt,236,1
21,epsilon-ranking,9,32,256,0.8,1.0,az_good.ckpt,az_good.ckpt,83,7
28,epsilon-ranking,9,32,256,0.6,1.0,az_good.ckpt,az_good.ckpt,156,11
11,epsilon-ranking,9,32,256,1.0,1.0,az_good.ckpt,az_good.ckpt,4,2
25,epsilon-ranking,9,32,256,0.7,1.0,az_good.ckpt,az_good.ckpt,166,9
8,epsilon-ranking,9,32,256,0.8666,1.0,az_good.ckpt,az_good.ckpt,148,10
16,epsilon-ranking,9,32,256,0.8,1.0,az_good.ckpt,az_good.ckpt,183,19
12,epsilon-ranking,9,32,256,0.7,1.0,az_good.ckpt,az_good.ckpt,132,21
26,epsilon-ranking,9,32,256,0.8333,1.0,az_good.ckpt,az_good.ckpt,69,14
30,epsilon-ranking,9,32,256,0.0333,1.0,az_good.ckpt,az_good.ckpt,252,1
28,epsilon-ranking,9,32,256,0.5333,1.0,az_good.ckpt,az_good.ckpt,142,9
9,epsilon-ranking,9,32,256,0.4,1.0,az_good.ckpt,az_good.ckpt,192,8
4,epsilon-ranking,9,32,256,0.6,1.0,az_good.ckpt,az_good.ckpt,209,6
16,epsilon-ranking,9,32,256,0.3333,1.0,az_good.ckpt,az_good.ckpt,223,10
27,epsilon-ranking,9,32,256,0.7333,1.0,az_good.ckpt,az_good.ckpt,125,10
19,epsilon-ranking,9,32,256,0.7,1.0,az_good.ckpt,az_good.ckpt,184,23
15,epsilon-ranking,9,32,256,0.7,1.0,az_good.ckpt,az_good.ckpt,178,22
20,epsilon-ranking,9,32,256,0.7333,1.0,az_good.ckpt,az_good.ckpt,200,16
15,epsilon-ranking,9,32,256,0.0666,1.0,az_good.ckpt,az_good.ckpt,235,6
3,epsilon-ranking,9,32,256,0.6,1.0,az_good.ckpt,az_good.ckpt,194,8
11,epsilon-ranking,9,32,256,0.6666,1.0,az_good.ckpt,az_good.ckpt,151,18
17,epsilon-ranking,9,32,256,0.1333,1.0,az_good.ckpt,az_good.ckpt,240,6
30,epsilon-ranking,9,32,256,0.3,1.0,az_good.ckpt,az_good.ckpt,216,11
11,epsilon-ranking,9,32,256,0.9666,1.0,az_good.ckpt,az_good.ckpt,7,5
19,epsilon-ranking,9,32,256,0.4,1.0,az_good.ckpt,az_good.ckpt,232,5
2,epsilon-ranking,9,32,256,0.6,1.0,az_good.ckpt,az_good.ckpt,193,17
5,epsilon-ranking,9,32,256,0.4666,1.0,az_good.ckpt,az_good.ckpt,197,7
20,epsilon-ranking,9,32,256,0.7,1.0,az_good.ckpt,az_good.ckpt,102,17
27,epsilon-ranking,9,32,256,0.7,1.0,az_good.ckpt,az_good.ckpt,199,21
19,epsilon-ranking,9,32,256,0.2333,1.0,az_good.ckpt,az_good.ckpt,229,9
25,epsilon-ranking,9,32,256,0.1,1.0,az_good.ckpt,az_good.ckpt,244,5
30,epsilon-ranking,9,32,256,0.8666,1.0,az_good.ckpt,az_good.ckpt,18,7
10,epsilon-ranking,9,32,256,0.5333,1.0,az_good.ckpt,az_good.ckpt,217,17
5,epsilon-ranking,9,32,256,0.1333,1.0,az_good.ckpt,az_good.ckpt,222,3
5,epsilon-ranking,9,32,256,0.4333,1.0,az_good.ckpt,az_good.ckpt,226,12
27,epsilon-ranking,9,32,256,0.9666,1.0,az_good.ckpt,az_good.ckpt,21,19
21,epsilon-ranking,9,32,256,0.6333,1.0,az_good.ckpt,az_good.ckpt,197,9
22,epsilon-ranking,9,32,256,0.7333,1.0,az_good.ckpt,az_good.ckpt,78,2
6,epsilon-ranking,9,32,256,0.7666,1.0,az_good.ckpt,az_good.ckpt,124,13
1,epsilon-ranking,9,32,256,0.8,1.0,az_good.ckpt,az_good.ckpt,53,12
1,epsilon-ranking,9,32,256,0.3333,1.0,az_good.ckpt,az_good.ckpt,206,11
16,epsilon-ranking,9,32,256,0.3666,1.0,az_good.ckpt,az_good.ckpt,213,8
23,epsilon-ranking,9,32,256,0.3,1.0,az_good.ckpt,az_good.ckpt,226,4
4,epsilon-ranking,9,32,256,0.9333,1.0,az_good.ckpt,az_good.ckpt,118,16
18,epsilon-ranking,9,32,256,0.4333,1.0,az_good.ckpt,az_good.ckpt,210,11
13,epsilon-ranking,9,32,256,0.9333,1.0,az_good.ckpt,az_good.ckpt,21,4
11,epsilon-ranking,9,32,256,0.7666,1.0,az_good.ckpt,az_good.ckpt,122,10
24,epsilon-ranking,9,32,256,0.0666,1.0,az_good.ckpt,az_good.ckpt,241,7
11,epsilon-ranking,9,32,256,0.1,1.0,az_good.ckpt,az_good.ckpt,236,3
1,epsilon-ranking,9,32,256,0.4,1.0,az_good.ckpt,az_good.ckpt,190,7
4,epsilon-ranking,9,32,256,0.1666,1.0,az_good.ckpt,az_good.ckpt,248,4
10,epsilon-ranking,9,32,256,0.5666,1.0,az_good.ckpt,az_good.ckpt,175,10
7,epsilon-ranking,9,32,256,0.0,1.0,az_good.ckpt,az_good.ckpt,235,2
16,epsilon-ranking,9,32,256,0.0333,1.0,az_good.ckpt,az_good.ckpt,244,5
2,epsilon-ranking,9,32,256,0.6333,1.0,az_good.ckpt,az_good.ckpt,167,15
15,epsilon-ranking,9,32,256,0.2,1.0,az_good.ckpt,az_good.ckpt,217,11
6,epsilon-ranking,9,32,256,0.0,1.0,az_good.ckpt,az_good.ckpt,225,3
7,epsilon-ranking,9,32,256,0.2,1.0,az_good.ckpt,az_good.ckpt,232,6
23,epsilon-ranking,9,32,256,0.1,1.0,az_good.ckpt,az_good.ckpt,237,2
26,epsilon-ranking,9,32,256,0.9,1.0,az_good.ckpt,az_good.ckpt,14,4
6,epsilon-ranking,9,32,256,0.6,1.0,az_good.ckpt,az_good.ckpt,186,19
7,epsilon-ranking,9,32,256,0.1333,1.0,az_good.ckpt,az_good.ckpt,239,2
25,epsilon-ranking,9,32,256,0.7666,1.0,az_good.ckpt,az_good.ckpt,148,3
5,epsilon-ranking,9,32,256,0.2666,1.0,az_good.ckpt,az_good.ckpt,238,7
29,epsilon-ranking,9,32,256,0.5666,1.0,az_good.ckpt,az_good.ckpt,175,8
14,epsilon-ranking,9,32,256,0.5333,1.0,az_good.ckpt,az_good.ckpt,200,14
11,epsilon-ranking,9,32,256,0.3333,1.0,az_good.ckpt,az_good.ckpt,210,5
2,epsilon-ranking,9,32,256,0.8333,1.0,az_good.ckpt,az_good.ckpt,31,8
30,epsilon-ranking,9,32,256,0.3333,1.0,az_good.ckpt,az_good.ckpt,211,10
12,epsilon-ranking,9,32,256,1.0,1.0,az_good.ckpt,az_good.ckpt,87,6
27,epsilon-ranking,9,32,256,0.1,1.0,az_good.ckpt,az_good.ckpt,241,6
26,epsilon-ranking,9,32,256,1.0,1.0,az_good.ckpt,az_good.ckpt,5,4
24,epsilon-ranking,9,32,256,0.9,1.0,az_good.ckpt,az_good.ckpt,12,1
6,epsilon-ranking,9,32,256,0.0666,1.0,az_good.ckpt,az_good.ckpt,249,3
18,epsilon-ranking,9,32,256,0.5666,1.0,az_good.ckpt,az_good.ckpt,193,9
22,epsilon-ranking,9,32,256,0.9666,1.0,az_good.ckpt,az_good.ckpt,7,7
18,epsilon-ranking,9,32,256,0.1,1.0,az_good.ckpt,az_good.ckpt,250,0
13,epsilon-ranking,9,32,256,0.6,1.0,az_good.ckpt,az_good.ckpt,179,9
15,epsilon-ranking,9,32,256,0.9,1.0,az_good.ckpt,az_good.ckpt,146,9
8,epsilon-ranking,9,32,256,0.4333,1.0,az_good.ckpt,az_good.ckpt,197,6
19,epsilon-ranking,9,32,256,0.9666,1.0,az_good.ckpt,az_good.ckpt,6,2
4,epsilon-ranking,9,32,256,0.5666,1.0,az_good.ckpt,az_good.ckpt,205,6
11,epsilon-ranking,9,32,256,0.9333,1.0,az_good.ckpt,az_good.ckpt,19,7
24,epsilon-ranking,9,32,256,0.2333,1.0,az_good.ckpt,az_good.ckpt,238,2
23,epsilon-ranking,9,32,256,0.1333,1.0,az_good.ckpt,az_good.ckpt,233,3
6,epsilon-ranking,9,32,256,0.4666,1.0,az_good.ckpt,az_good.ckpt,183,10
20,epsilon-ranking,9,32,256,0.1,1.0,az_good.ckpt,az_good.ckpt,230,4
10,epsilon-ranking,9,32,256,0.1,1.0,az_good.ckpt,az_good.ckpt,234,3
13,epsilon-ranking,9,32,256,0.0333,1.0,az_good.ckpt,az_good.ckpt,246,3
12,epsilon-ranking,9,32,256,0.9666,1.0,az_good.ckpt,az_good.ckpt,11,7
23,epsilon-ranking,9,32,256,0.0333,1.0,az_good.ckpt,az_good.ckpt,249,0
28,epsilon-ranking,9,32,256,0.3666,1.0,az_good.ckpt,az_good.ckpt,232,6
9,epsilon-ranking,9,32,256,0.2666,1.0,az_good.ckpt,az_good.ckpt,214,9
10,epsilon-ranking,9,32,256,0.8,1.0,az_good.ckpt,az_good.ckpt,43,10
21,epsilon-ranking,9,32,256,0.4,1.0,az_good.ckpt,az_good.ckpt,181,7
7,epsilon-ranking,9,32,256,0.4333,1.0,az_good.ckpt,az_good.ckpt,216,15
26,epsilon-ranking,9,32,256,0.2666,1.0,az_good.ckpt,az_good.ckpt,216,11
25,epsilon-ranking,9,32,256,0.5666,1.0,az_good.ckpt,az_good.ckpt,205,12
20,epsilon-ranking,9,32,256,0.3333,1.0,az_good.ckpt,az_good.ckpt,223,2
30,epsilon-ranking,9,32,256,0.2,1.0,az_good.ckpt,az_good.ckpt,225,7
29,epsilon-ranking,9,32,256,0.1,1.0,az_good.ckpt,az_good.ckpt,247,8
15,epsilon-ranking,9,32,256,0.8,1.0,az_good.ckpt,az_good.ckpt,137,15
16,epsilon-ranking,9,32,256,0.1,1.0,az_good.ckpt,az_good.ckpt,251,3
11,epsilon-ranking,9,32,256,0.7,1.0,az_good.ckpt,az_good.ckpt,164,11
2,epsilon-ranking,9,32,256,0.0,1.0,az_good.ckpt,az_good.ckpt,243,1
2,epsilon-ranking,9,32,256,0.5333,1.0,az_good.ckpt,az_good.ckpt,193,19
23,epsilon-ranking,9,32,256,0.2666,1.0,az_good.ckpt,az_good.ckpt,233,4
11,epsilon-ranking,9,32,256,0.0666,1.0,az_good.ckpt,az_good.ckpt,242,6
27,epsilon-ranking,9,32,256,0.7666,1.0,az_good.ckpt,az_good.ckpt,122,19
4,epsilon-ranking,9,32,256,0.9,1.0,az_good.ckpt,az_good.ckpt,74,19
15,epsilon-ranking,9,32,256,1.0,1.0,az_good.ckpt,az_good.ckpt,11,5
28,epsilon-ranking,9,32,256,0.9333,1.0,az_good.ckpt,az_good.ckpt,46,1
4,epsilon-ranking,9,32,256,0.2,1.0,az_good.ckpt,az_good.ckpt,238,4
14,epsilon-ranking,9,32,256,0.3,1.0,az_good.ckpt,az_good.ckpt,199,11
26,epsilon-ranking,9,32,256,0.5666,1.0,az_good.ckpt,az_good.ckpt,170,9
10,epsilon-ranking,9,32,256,1.0,1.0,az_good.ckpt,az_good.ckpt,0,9
22,epsilon-ranking,9,32,256,0.5333,1.0,az_good.ckpt,az_good.ckpt,176,11
13,epsilon-ranking,9,32,256,1.0,1.0,az_good.ckpt,az_good.ckpt,5,12
3,epsilon-ranking,9,32,256,0.5,1.0,az_good.ckpt,az_good.ckpt,168,15
7,epsilon-ranking,9,32,256,0.0333,1.0,az_good.ckpt,az_good.ckpt,244,3
18,epsilon-ranking,9,32,256,0.0,1.0,az_good.ckpt,az_good.ckpt,245,2
2,epsilon-ranking,9,32,256,0.0333,1.0,az_good.ckpt,az_good.ckpt,232,2
12,epsilon-ranking,9,32,256,0.7333,1.0,az_good.ckpt,az_good.ckpt,139,16
26,epsilon-ranking,9,32,256,0.2,1.0,az_good.ckpt,az_good.ckpt,233,3
23,epsilon-ranking,9,32,256,0.8666,1.0,az_good.ckpt,az_good.ckpt,56,11
28,epsilon-ranking,9,32,256,0.8,1.0,az_good.ckpt,az_good.ckpt,142,29
13,epsilon-ranking,9,32,256,0.2,1.0,az_good.ckpt,az_good.ckpt,224,8
1,epsilon-ranking,9,32,256,0.2666,1.0,az_good.ckpt,az_good.ckpt,208,3
18,epsilon-ranking,9,32,256,0.4666,1.0,az_good.ckpt,az_good.ckpt,190,8
15,epsilon-ranking,9,32,256,0.6333,1.0,az_good.ckpt,az_good.ckpt,156,11
10,epsilon-ranking,9,32,256,0.3,1.0,az_good.ckpt,az_good.ckpt,229,9
28,epsilon-ranking,9,32,256,0.1,1.0,az_good.ckpt,az_good.ckpt,240,2
17,epsilon-ranking,9,32,256,0.6333,1.0,az_good.ckpt,az_good.ckpt,136,14
27,epsilon-ranking,9,32,256,0.5,1.0,az_good.ckpt,az_good.ckpt,192,11
1,epsilon-ranking,9,32,256,0.7,1.0,az_good.ckpt,az_good.ckpt,126,16
3,epsilon-ranking,9,32,256,0.9,1.0,az_good.ckpt,az_good.ckpt,130,22
4,epsilon-ranking,9,32,256,0.6333,1.0,az_good.ckpt,az_good.ckpt,191,10
16,epsilon-ranking,9,32,256,0.2666,1.0,az_good.ckpt,az_good.ckpt,234,4
12,epsilon-ranking,9,32,256,0.0666,1.0,az_good.ckpt,az_good.ckpt,249,4
6,epsilon-ranking,9,32,256,0.9333,1.0,az_good.ckpt,az_good.ckpt,36,21
4,epsilon-ranking,9,32,256,0.4,1.0,az_good.ckpt,az_good.ckpt,201,3
26,epsilon-ranking,9,32,256,0.3,1.0,az_good.ckpt,az_good.ckpt,204,7
18,epsilon-ranking,9,32,256,0.2,1.0,az_good.ckpt,az_good.ckpt,247,3
19,epsilon-ranking,9,32,256,0.6,1.0,az_good.ckpt,az_good.ckpt,181,13
1,epsilon-ranking,9,32,256,0.9666,1.0,az_good.ckpt,az_good.ckpt,33,13
16,epsilon-ranking,9,32,256,0.1666,1.0,az_good.ckpt,az_good.ckpt,195,7
21,epsilon-ranking,9,32,256,0.4333,1.0,az_good.ckpt,az_good.ckpt,247,6
18,epsilon-ranking,9,32,256,0.7333,1.0,az_good.ckpt,az_good.ckpt,113,15
28,epsilon-ranking,9,32,256,0.0,1.0,az_good.ckpt,az_good.ckpt,227,2
13,epsilon-ranking,9,32,256,0.8,1.0,az_good.ckpt,az_good.ckpt,29,13
13,epsilon-ranking,9,32,256,0.5333,1.0,az_good.ckpt,az_good.ckpt,186,7
22,epsilon-ranking,9,32,256,0.4333,1.0,az_good.ckpt,az_good.ckpt,209,5
8,epsilon-ranking,9,32,256,0.1666,1.0,az_good.ckpt,az_good.ckpt,238,4
15,epsilon-ranking,9,32,256,0.1,1.0,az_good.ckpt,az_good.ckpt,244,8
13,epsilon-ranking,9,32,256,0.1333,1.0,az_good.ckpt,az_good.ckpt,241,7
7,epsilon-ranking,9,32,256,0.2333,1.0,az_good.ckpt,az_good.ckpt,212,6
11,epsilon-ranking,9,32,256,0.8666,1.0,az_good.ckpt,az_good.ckpt,24,4
25,epsilon-ranking,9,32,256,0.0666,1.0,az_good.ckpt,az_good.ckpt,242,4
12,epsilon-ranking,9,32,256,0.5666,1.0,az_good.ckpt,az_good.ckpt,208,6
5,epsilon-ranking,9,32,256,0.9,1.0,az_good.ckpt,az_good.ckpt,48,12
9,epsilon-ranking,9,32,256,0.6333,1.0,az_good.ckpt,az_good.ckpt,150,21
2,epsilon-ranking,9,32,256,0.3,1.0,az_good.ckpt,az_good.ckpt,224,10
7,epsilon-ranking,9,32,256,0.7666,1.0,az_good.ckpt,az_good.ckpt,172,11
1,epsilon-ranking,9,32,256,0.1666,1.0,az_good.ckpt,az_good.ckpt,227,3
4,epsilon-ranking,9,32,256,0.0333,1.0,az_good.ckpt,az_good.ckpt,245,4
27,epsilon-ranking,9,32,256,0.0333,1.0,az_good.ckpt,az_good.ckpt,246,0
30,epsilon-ranking,9,32,256,0.6333,1.0,az_good.ckpt,az_good.ckpt,227,5
6,epsilon-ranking,9,32,256,0.1,1.0,az_good.ckpt,az_good.ckpt,233,1
5,epsilon-ranking,9,32,256,0.0333,1.0,az_good.ckpt,az_good.ckpt,232,4
16,epsilon-ranking,9,32,256,0.9333,1.0,az_good.ckpt,az_good.ckpt,37,21
26,epsilon-ranking,9,32,256,0.4,1.0,az_good.ckpt,az_good.ckpt,205,7
3,epsilon-ranking,9,32,256,0.1,1.0,az_good.ckpt,az_good.ckpt,237,2
14,epsilon-ranking,9,32,256,0.2333,1.0,az_good.ckpt,az_good.ckpt,223,7
6,epsilon-ranking,9,32,256,0.1666,1.0,az_good.ckpt,az_good.ckpt,240,0
12,epsilon-ranking,9,32,256,0.4333,1.0,az_good.ckpt,az_good.ckpt,201,14
3,epsilon-ranking,9,32,256,0.2666,1.0,az_good.ckpt,az_good.ckpt,225,6
28,epsilon-ranking,9,32,256,0.6666,1.0,az_good.ckpt,az_good.ckpt,142,27
14,epsilon-ranking,9,32,256,0.0333,1.0,az_good.ckpt,az_good.ckpt,225,1
19,epsilon-ranking,9,32,256,0.2666,1.0,az_good.ckpt,az_good.ckpt,212,8
12,epsilon-ranking,9,32,256,0.5333,1.0,az_good.ckpt,az_good.ckpt,221,12
15,epsilon-ranking,9,32,256,0.2666,1.0,az_good.ckpt,az_good.ckpt,215,11
23,epsilon-ranking,9,32,256,0.6333,1.0,az_good.ckpt,az_good.ckpt,166,10
25,epsilon-ranking,9,32,256,0.1333,1.0,az_good.ckpt,az_good.ckpt,237,3
19,epsilon-ranking,9,32,256,0.9333,1.0,az_good.ckpt,az_good.ckpt,7,2
11,epsilon-ranking,9,32,256,0.1666,1.0,az_good.ckpt,az_good.ckpt,230,1
27,epsilon-ranking,9,32,256,0.8333,1.0,az_good.ckpt,az_good.ckpt,114,8
18,epsilon-ranking,9,32,256,0.6333,1.0,az_good.ckpt,az_good.ckpt,164,7
28,epsilon-ranking,9,32,256,0.9666,1.0,az_good.ckpt,az_good.ckpt,19,3
12,epsilon-ranking,9,32,256,0.2666,1.0,az_good.ckpt,az_good.ckpt,221,6
1,epsilon-ranking,9,32,256,0.0,1.0,az_good.ckpt,az_good.ckpt,243,1
27,epsilon-ranking,9,32,256,0.0666,1.0,az_good.ckpt,az_good.ckpt,243,16
10,epsilon-ranking,9,32,256,0.6333,1.0,az_good.ckpt,az_good.ckpt,156,17
6,epsilon-ranking,9,32,256,0.6333,1.0,az_good.ckpt,az_good.ckpt,139,16
3,epsilon-ranking,9,32,256,0.0,1.0,az_good.ckpt,az_good.ckpt,239,3
5,epsilon-ranking,9,32,256,0.6333,1.0,az_good.ckpt,az_good.ckpt,154,9
24,epsilon-ranking,9,32,256,0.8666,1.0,az_good.ckpt,az_good.ckpt,66,10
14,epsilon-ranking,9,32,256,0.0,1.0,az_good.ckpt,az_good.ckpt,248,0
16,epsilon-ranking,9,32,256,0.9666,1.0,az_good.ckpt,az_good.ckpt,62,7
4,epsilon-ranking,9,32,256,0.8666,1.0,az_good.ckpt,az_good.ckpt,119,23
1,epsilon-ranking,9,32,256,0.2333,1.0,az_good.ckpt,az_good.ckpt,231,6
30,epsilon-ranking,9,32,256,1.0,1.0,az_good.ckpt,az_good.ckpt,1,2
7,epsilon-ranking,9,32,256,0.8,1.0,az_good.ckpt,az_good.ckpt,166,6
7,epsilon-ranking,9,32,256,0.5333,1.0,az_good.ckpt,az_good.ckpt,227,11
10,epsilon-ranking,9,32,256,0.2,1.0,az_good.ckpt,az_good.ckpt,214,9
18,epsilon-ranking,9,32,256,0.6,1.0,az_good.ckpt,az_good.ckpt,192,6
22,epsilon-ranking,9,32,256,0.5,1.0,az_good.ckpt,az_good.ckpt,213,10
19,epsilon-ranking,9,32,256,0.8333,1.0,az_good.ckpt,az_good.ckpt,142,16
10,epsilon-ranking,9,32,256,0.2333,1.0,az_good.ckpt,az_good.ckpt,242,4
26,epsilon-ranking,9,32,256,0.8666,1.0,az_good.ckpt,az_good.ckpt,45,25
16,epsilon-ranking,9,32,256,0.7333,1.0,az_good.ckpt,az_good.ckpt,175,16
9,epsilon-ranking,9,32,256,0.8666,1.0,az_good.ckpt,az_good.ckpt,76,7
7,epsilon-ranking,9,32,256,0.6666,1.0,az_good.ckpt,az_good.ckpt,214,9
30,epsilon-ranking,9,32,256,0.0,1.0,az_good.ckpt,az_good.ckpt,230,3
29,epsilon-ranking,9,32,256,0.9,1.0,az_good.ckpt,az_good.ckpt,134,36
3,epsilon-ranking,9,32,256,0.4666,1.0,az_good.ckpt,az_good.ckpt,174,15
1,epsilon-ranking,9,32,256,0.6666,1.0,az_good.ckpt,az_good.ckpt,94,10
18,epsilon-ranking,9,32,256,0.2333,1.0,az_good.ckpt,az_good.ckpt,235,3
29,epsilon-ranking,9,32,256,0.3666,1.0,az_good.ckpt,az_good.ckpt,199,8
26,epsilon-ranking,9,32,256,0.7333,1.0,az_good.ckpt,az_good.ckpt,103,6
13,epsilon-ranking,9,32,256,0.6333,1.0,az_good.ckpt,az_good.ckpt,184,15
11,epsilon-ranking,9,32,256,0.3,1.0,az_good.ckpt,az_good.ckpt,200,2
9,epsilon-ranking,9,32,256,0.0333,1.0,az_good.ckpt,az_good.ckpt,233,8
14,epsilon-ranking,9,32,256,0.4666,1.0,az_good.ckpt,az_good.ckpt,211,10
25,epsilon-ranking,9,32,256,0.6666,1.0,az_good.ckpt,az_good.ckpt,166,14
16,epsilon-ranking,9,32,256,0.0666,1.0,az_good.ckpt,az_good.ckpt,249,3
24,epsilon-ranking,9,32,256,0.2,1.0,az_good.ckpt,az_good.ckpt,228,7
23,epsilon-ranking,9,32,256,1.0,1.0,az_good.ckpt,az_good.ckpt,1,4
29,epsilon-ranking,9,32,256,0.7,1.0,az_good.ckpt,az_good.ckpt,146,13
19,epsilon-ranking,9,32,256,0.1333,1.0,az_good.ckpt,az_good.ckpt,236,4
18,epsilon-ranking,9,32,256,0.8333,1.0,az_good.ckpt,az_good.ckpt,73,20
27,epsilon-ranking,9,32,256,0.2333,1.0,az_good.ckpt,az_good.ckpt,228,9
26,epsilon-ranking,9,32,256,0.4333,1.0,az_good.ckpt,az_good.ckpt,206,7
24,epsilon-ranking,9,32,256,0.5,1.0,az_good.ckpt,az_good.ckpt,201,4
26,epsilon-ranking,9,32,256,0.1333,1.0,az_good.ckpt,az_good.ckpt,249,3
5,epsilon-ranking,9,32,256,0.4,1.0,az_good.ckpt,az_good.ckpt,232,6
30,epsilon-ranking,9,32,256,0.7333,1.0,az_good.ckpt,az_good.ckpt,199,25
9,epsilon-ranking,9,32,256,0.7,1.0,az_good.ckpt,az_good.ckpt,78,14
15,epsilon-ranking,9,32,256,0.9666,1.0,az_good.ckpt,az_good.ckpt,51,8
13,epsilon-ranking,9,32,256,0.3666,1.0,az_good.ckpt,az_good.ckpt,202,9
1,epsilon-ranking,9,32,256,0.7666,1.0,az_good.ckpt,az_good.ckpt,24,6
1,epsilon-ranking,9,32,256,0.5333,1.0,az_good.ckpt,az_good.ckpt,178,11
19,epsilon-ranking,9,32,256,0.0666,1.0,az_good.ckpt,az_good.ckpt,238,11
7,epsilon-ranking,9,32,256,0.3666,1.0,az_good.ckpt,az_good.ckpt,204,13
26,epsilon-ranking,9,32,256,0.7,1.0,az_good.ckpt,az_good.ckpt,199,14
30,epsilon-ranking,9,32,256,0.9,1.0,az_good.ckpt,az_good.ckpt,81,12
25,epsilon-ranking,9,32,256,0.0333,1.0,az_good.ckpt,az_good.ckpt,235,5
22,epsilon-ranking,9,32,256,0.1666,1.0,az_good.ckpt,az_good.ckpt,218,4
14,epsilon-ranking,9,32,256,0.3333,1.0,az_good.ckpt,az_good.ckpt,210,12
3,epsilon-ranking,9,32,256,0.4,1.0,az_good.ckpt,az_good.ckpt,207,19
20,epsilon-ranking,9,32,256,0.8333,1.0,az_good.ckpt,az_good.ckpt,159,18
14,epsilon-ranking,9,32,256,0.7,1.0,az_good.ckpt,az_good.ckpt,180,10
15,epsilon-ranking,9,32,256,0.5333,1.0,az_good.ckpt,az_good.ckpt,179,13
13,epsilon-ranking,9,32,256,0.8666,1.0,az_good.ckpt,az_good.ckpt,62,12
10,epsilon-ranking,9,32,256,0.2666,1.0,az_good.ckpt,az_good.ckpt,216,2
20,epsilon-ranking,9,32,256,1.0,1.0,az_good.ckpt,az_good.ckpt,0,4
17,epsilon-ranking,9,32,256,0.0333,1.0,az_good.ckpt,az_good.ckpt,243,5
23,epsilon-ranking,9,32,256,0.9666,1.0,az_good.ckpt,az_good.ckpt,46,19
15,epsilon-ranking-5.0,9,32,256,0.5333,1.0,az_good.ckpt,az_good.ckpt,184,4
9,epsilon-ranking-5.0,9,32,256,0.4,1.0,az_good.ckpt,az_good.ckpt,186,5
23,epsilon-ranking-5.0,9,32,256,1.0,1.0,az_good.ckpt,az_good.ckpt,1,4
2,epsilon-ranking-5.0,9,32,256,0.0333,1.0,az_good.ckpt,az_good.ckpt,247,3
17,epsilon-ranking-5.0,9,32,256,0.2666,1.0,az_good.ckpt,az_good.ckpt,217,7
15,epsilon-ranking-5.0,9,32,256,0.8,1.0,az_good.ckpt,az_good.ckpt,137,15
20,epsilon-ranking-5.0,9,32,256,0.1666,1.0,az_good.ckpt,az_good.ckpt,233,5
19,epsilon-ranking-5.0,9,32,256,0.5666,1.0,az_good.ckpt,az_good.ckpt,106,15
26,epsilon-ranking-5.0,9,32,256,0.2,1.0,az_good.ckpt,az_good.ckpt,226,3
25,epsilon-ranking-5.0,9,32,256,0.6,1.0,az_good.ckpt,az_good.ckpt,188,7
26,epsilon-ranking-5.0,9,32,256,0.2666,1.0,az_good.ckpt,az_good.ckpt,227,5
28,epsilon-ranking-5.0,9,32,256,0.2333,1.0,az_good.ckpt,az_good.ckpt,236,4
19,epsilon-ranking-5.0,9,32,256,0.6,1.0,az_good.ckpt,az_good.ckpt,200,14
30,epsilon-ranking-5.0,9,32,256,0.2333,1.0,az_good.ckpt,az_good.ckpt,224,5
19,epsilon-ranking-5.0,9,32,256,0.3333,1.0,az_good.ckpt,az_good.ckpt,222,4
27,epsilon-ranking-5.0,9,32,256,0.4333,1.0,az_good.ckpt,az_good.ckpt,195,12
28,epsilon-ranking-5.0,9,32,256,0.1,1.0,az_good.ckpt,az_good.ckpt,240,4
5,epsilon-ranking-5.0,9,32,256,0.7333,1.0,az_good.ckpt,az_good.ckpt,141,15
9,epsilon-ranking-5.0,9,32,256,0.9666,1.0,az_good.ckpt,az_good.ckpt,21,20
13,epsilon-ranking-5.0,9,32,256,0.7,1.0,az_good.ckpt,az_good.ckpt,124,19
22,epsilon-ranking-5.0,9,32,256,0.5333,1.0,az_good.ckpt,az_good.ckpt,188,6
15,epsilon-ranking-5.0,9,32,256,0.2666,1.0,az_good.ckpt,az_good.ckpt,196,8
27,epsilon-ranking-5.0,9,32,256,0.9,1.0,az_good.ckpt,az_good.ckpt,28,8
1,epsilon-ranking-5.0,9,32,256,0.4666,1.0,az_good.ckpt,az_good.ckpt,217,6
18,epsilon-ranking-5.0,9,32,256,0.9,1.0,az_good.ckpt,az_good.ckpt,12,10
1,epsilon-ranking-5.0,9,32,256,0.9333,1.0,az_good.ckpt,az_good.ckpt,7,4
27,epsilon-ranking-5.0,9,32,256,0.9666,1.0,az_good.ckpt,az_good.ckpt,21,19
2,epsilon-ranking-5.0,9,32,256,0.8,1.0,az_good.ckpt,az_good.ckpt,138,26
18,epsilon-ranking-5.0,9,32,256,0.7333,1.0,az_good.ckpt,az_good.ckpt,93,9
13,epsilon-ranking-5.0,9,32,256,0.4666,1.0,az_good.ckpt,az_good.ckpt,188,12
27,epsilon-ranking-5.0,9,32,256,0.1,1.0,az_good.ckpt,az_good.ckpt,248,1
26,epsilon-ranking-5.0,9,32,256,0.1,1.0,az_good.ckpt,az_good.ckpt,251,2
7,epsilon-ranking-5.0,9,32,256,0.1333,1.0,az_good.ckpt,az_good.ckpt,241,6
5,epsilon-ranking-5.0,9,32,256,0.0666,1.0,az_good.ckpt,az_good.ckpt,252,4
10,epsilon-ranking-5.0,9,32,256,0.3333,1.0,az_good.ckpt,az_good.ckpt,196,3
29,epsilon-ranking-5.0,9,32,256,0.7666,1.0,az_good.ckpt,az_good.ckpt,146,12
26,epsilon-ranking-5.0,9,32,256,0.1666,1.0,az_good.ckpt,az_good.ckpt,239,3
23,epsilon-ranking-5.0,9,32,256,0.1333,1.0,az_good.ckpt,az_good.ckpt,240,10
17,epsilon-ranking-5.0,9,32,256,0.0333,1.0,az_good.ckpt,az_good.ckpt,249,3
6,epsilon-ranking-5.0,9,32,256,0.7666,1.0,az_good.ckpt,az_good.ckpt,197,13
15,epsilon-ranking-5.0,9,32,256,0.7333,1.0,az_good.ckpt,az_good.ckpt,125,16
25,epsilon-ranking-5.0,9,32,256,0.3333,1.0,az_good.ckpt,az_good.ckpt,228,10
25,epsilon-ranking-5.0,9,32,256,0.9666,1.0,az_good.ckpt,az_good.ckpt,34,6
2,epsilon-ranking-5.0,9,32,256,1.0,1.0,az_good.ckpt,az_good.ckpt,11,12
1,epsilon-ranking-5.0,9,32,256,1.0,1.0,az_good.ckpt,az_good.ckpt,31,9
3,epsilon-ranking-5.0,9,32,256,0.0,1.0,az_good.ckpt,az_good.ckpt,239,3
14,epsilon-ranking-5.0,9,32,256,0.7333,1.0,az_good.ckpt,az_good.ckpt,175,11
7,epsilon-ranking-5.0,9,32,256,0.7,1.0,az_good.ckpt,az_good.ckpt,172,11
9,epsilon-ranking-5.0,9,32,256,0.3,1.0,az_good.ckpt,az_good.ckpt,217,9
8,epsilon-ranking-5.0,9,32,256,0.3666,1.0,az_good.ckpt,az_good.ckpt,208,6
14,epsilon-ranking-5.0,9,32,256,0.5666,1.0,az_good.ckpt,az_good.ckpt,168,3
15,epsilon-ranking-5.0,9,32,256,0.4,1.0,az_good.ckpt,az_good.ckpt,193,6
24,epsilon-ranking-5.0,9,32,256,0.3,1.0,az_good.ckpt,az_good.ckpt,232,7
20,epsilon-ranking-5.0,9,32,256,0.7666,1.0,az_good.ckpt,az_good.ckpt,95,18
10,epsilon-ranking-5.0,9,32,256,0.4666,1.0,az_good.ckpt,az_good.ckpt,190,4
26,epsilon-ranking-5.0,9,32,256,0.6333,1.0,az_good.ckpt,az_good.ckpt,166,4
9,epsilon-ranking-5.0,9,32,256,0.5666,1.0,az_good.ckpt,az_good.ckpt,204,12
7,epsilon-ranking-5.0,9,32,256,0.1,1.0,az_good.ckpt,az_good.ckpt,240,1
19,epsilon-ranking-5.0,9,32,256,0.9,1.0,az_good.ckpt,az_good.ckpt,43,7
15,epsilon-ranking-5.0,9,32,256,0.8333,1.0,az_good.ckpt,az_good.ckpt,141,18
4,epsilon-ranking-5.0,9,32,256,1.0,1.0,az_good.ckpt,az_good.ckpt,62,7
29,epsilon-ranking-5.0,9,32,256,0.4333,1.0,az_good.ckpt,az_good.ckpt,185,6
29,epsilon-ranking-5.0,9,32,256,0.6,1.0,az_good.ckpt,az_good.ckpt,184,11
16,epsilon-ranking-5.0,9,32,256,0.0333,1.0,az_good.ckpt,az_good.ckpt,246,3
1,epsilon-ranking-5.0,9,32,256,0.5333,1.0,az_good.ckpt,az_good.ckpt,199,8
24,epsilon-ranking-5.0,9,32,256,0.4666,1.0,az_good.ckpt,az_good.ckpt,186,5
25,epsilon-ranking-5.0,9,32,256,0.1333,1.0,az_good.ckpt,az_good.ckpt,245,3
24,epsilon-ranking-5.0,9,32,256,0.8333,1.0,az_good.ckpt,az_good.ckpt,62,17
11,epsilon-ranking-5.0,9,32,256,0.6,1.0,az_good.ckpt,az_good.ckpt,107,14
15,epsilon-ranking-5.0,9,32,256,0.3,1.0,az_good.ckpt,az_good.ckpt,203,9
13,epsilon-ranking-5.0,9,32,256,0.3666,1.0,az_good.ckpt,az_good.ckpt,217,9
2,epsilon-ranking-5.0,9,32,256,0.9666,1.0,az_good.ckpt,az_good.ckpt,75,11
17,epsilon-ranking-5.0,9,32,256,0.4333,1.0,az_good.ckpt,az_good.ckpt,189,8
9,epsilon-ranking-5.0,9,32,256,0.7666,1.0,az_good.ckpt,az_good.ckpt,154,22
3,epsilon-ranking-5.0,9,32,256,0.3,1.0,az_good.ckpt,az_good.ckpt,196,3
25,epsilon-ranking-5.0,9,32,256,0.2,1.0,az_good.ckpt,az_good.ckpt,228,2
15,epsilon-ranking-5.0,9,32,256,0.0333,1.0,az_good.ckpt,az_good.ckpt,247,3
15,epsilon-ranking-5.0,9,32,256,0.9333,1.0,az_good.ckpt,az_good.ckpt,65,14
30,epsilon-ranking-5.0,9,32,256,0.6333,1.0,az_good.ckpt,az_good.ckpt,174,17
28,epsilon-ranking-5.0,9,32,256,0.6333,1.0,az_good.ckpt,az_good.ckpt,163,12
30,epsilon-ranking-5.0,9,32,256,0.1666,1.0,az_good.ckpt,az_good.ckpt,231,7
10,epsilon-ranking-5.0,9,32,256,0.5666,1.0,az_good.ckpt,az_good.ckpt,147,13
6,epsilon-ranking-5.0,9,32,256,0.2666,1.0,az_good.ckpt,az_good.ckpt,203,14
8,epsilon-ranking-5.0,9,32,256,0.7333,1.0,az_good.ckpt,az_good.ckpt,144,17
27,epsilon-ranking-5.0,9,32,256,0.8,1.0,az_good.ckpt,az_good.ckpt,176,24
20,epsilon-ranking-5.0,9,32,256,0.0666,1.0,az_good.ckpt,az_good.ckpt,251,2
3,epsilon-ranking-5.0,9,32,256,0.3666,1.0,az_good.ckpt,az_good.ckpt,219,7
17,epsilon-ranking-5.0,9,32,256,0.5,1.0,az_good.ckpt,az_good.ckpt,198,12
26,epsilon-ranking-5.0,9,32,256,0.9,1.0,az_good.ckpt,az_good.ckpt,14,4
15,epsilon-ranking-5.0,9,32,256,0.5,1.0,az_good.ckpt,az_good.ckpt,220,11
23,epsilon-ranking-5.0,9,32,256,0.7666,1.0,az_good.ckpt,az_good.ckpt,142,6
19,epsilon-ranking-5.0,9,32,256,0.7333,1.0,az_good.ckpt,az_good.ckpt,128,8
29,epsilon-ranking-5.0,9,32,256,0.5,1.0,az_good.ckpt,az_good.ckpt,176,11
5,epsilon-ranking-5.0,9,32,256,0.3333,1.0,az_good.ckpt,az_good.ckpt,203,7
15,epsilon-ranking-5.0,9,32,256,1.0,1.0,az_good.ckpt,az_good.ckpt,11,5
8,epsilon-ranking-5.0,9,32,256,0.5,1.0,az_good.ckpt,az_good.ckpt,198,7
12,epsilon-ranking-5.0,9,32,256,0.9666,1.0,az_good.ckpt,az_good.ckpt,11,7
12,epsilon-ranking-5.0,9,32,256,0.4666,1.0,az_good.ckpt,az_good.ckpt,199,11
15,epsilon-ranking-5.0,9,32,256,0.1333,1.0,az_good.ckpt,az_good.ckpt,237,6
21,epsilon-ranking-5.0,9,32,256,0.4333,1.0,az_good.ckpt,az_good.ckpt,211,14
11,epsilon-ranking-5.0,9,32,256,0.4666,1.0,az_good.ckpt,az_good.ckpt,181,10
25,epsilon-ranking-5.0,9,32,256,0.7,1.0,az_good.ckpt,az_good.ckpt,170,15
9,epsilon-ranking-5.0,9,32,256,0.5,1.0,az_good.ckpt,az_good.ckpt,161,17
24,epsilon-ranking-5.0,9,32,256,0.0,1.0,az_good.ckpt,az_good.ckpt,240,4
27,epsilon-ranking-5.0,9,32,256,0.7,1.0,az_good.ckpt,az_good.ckpt,139,5
8,epsilon-ranking-5.0,9,32,256,0.0666,1.0,az_good.ckpt,az_good.ckpt,244,5
24,epsilon-ranking-5.0,9,32,256,0.4333,1.0,az_good.ckpt,az_good.ckpt,194,11
26,epsilon-ranking-5.0,9,32,256,0.0333,1.0,az_good.ckpt,az_good.ckpt,239,1
21,epsilon-ranking-5.0,9,32,256,0.7666,1.0,az_good.ckpt,az_good.ckpt,163,11
20,epsilon-ranking-5.0,9,32,256,0.5333,1.0,az_good.ckpt,az_good.ckpt,196,7
8,epsilon-ranking-5.0,9,32,256,0.6333,1.0,az_good.ckpt,az_good.ckpt,165,8
24,epsilon-ranking-5.0,9,32,256,0.7666,1.0,az_good.ckpt,az_good.ckpt,133,17
11,epsilon-ranking-5.0,9,32,256,0.3333,1.0,az_good.ckpt,az_good.ckpt,229,10
30,epsilon-ranking-5.0,9,32,256,0.3,1.0,az_good.ckpt,az_good.ckpt,199,5
11,epsilon-ranking-5.0,9,32,256,0.5333,1.0,az_good.ckpt,az_good.ckpt,216,11
30,epsilon-ranking-5.0,9,32,256,0.1333,1.0,az_good.ckpt,az_good.ckpt,240,4
5,epsilon-ranking-5.0,9,32,256,0.1,1.0,az_good.ckpt,az_good.ckpt,241,6
18,epsilon-ranking-5.0,9,32,256,0.5666,1.0,az_good.ckpt,az_good.ckpt,174,5
20,epsilon-ranking-5.0,9,32,256,0.8,1.0,az_good.ckpt,az_good.ckpt,88,16
8,epsilon-ranking-5.0,9,32,256,0.8333,1.0,az_good.ckpt,az_good.ckpt,90,8
11,epsilon-ranking-5.0,9,32,256,0.7333,1.0,az_good.ckpt,az_good.ckpt,140,9
27,epsilon-ranking-5.0,9,32,256,0.4,1.0,az_good.ckpt,az_good.ckpt,187,11
4,epsilon-ranking-5.0,9,32,256,0.7666,1.0,az_good.ckpt,az_good.ckpt,183,12
2,epsilon-ranking-5.0,9,32,256,0.6,1.0,az_good.ckpt,az_good.ckpt,180,8
2,epsilon-ranking-5.0,9,32,256,0.2,1.0,az_good.ckpt,az_good.ckpt,247,4
7,epsilon-ranking-5.0,9,32,256,0.2333,1.0,az_good.ckpt,az_good.ckpt,230,2
1,epsilon-ranking-5.0,9,32,256,0.1666,1.0,az_good.ckpt,az_good.ckpt,237,0
5,epsilon-ranking-5.0,9,32,256,0.1666,1.0,az_good.ckpt,az_good.ckpt,219,6
16,epsilon-ranking-5.0,9,32,256,0.8666,1.0,az_good.ckpt,az_good.ckpt,70,18
28,epsilon-ranking-5.0,9,32,256,0.8666,1.0,az_good.ckpt,az_good.ckpt,146,20
22,epsilon-ranking-5.0,9,32,256,0.0,1.0,az_good.ckpt,az_good.ckpt,245,1
26,epsilon-ranking-5.0,9,32,256,0.7666,1.0,az_good.ckpt,az_good.ckpt,179,25
9,epsilon-ranking-5.0,9,32,256,0.8333,1.0,az_good.ckpt,az_good.ckpt,69,19
18,epsilon-ranking-5.0,9,32,256,0.7666,1.0,az_good.ckpt,az_good.ckpt,135,18
30,epsilon-ranking-5.0,9,32,256,0.9333,1.0,az_good.ckpt,az_good.ckpt,33,17
17,epsilon-ranking-5.0,9,32,256,0.6,1.0,az_good.ckpt,az_good.ckpt,186,8
29,epsilon-ranking-5.0,9,32,256,0.2333,1.0,az_good.ckpt,az_good.ckpt,238,3
8,epsilon-ranking-5.0,9,32,256,0.5333,1.0,az_good.ckpt,az_good.ckpt,187,9
11,epsilon-ranking-5.0,9,32,256,0.9,1.0,az_good.ckpt,az_good.ckpt,62,13
4,epsilon-ranking-5.0,9,32,256,0.2666,1.0,az_good.ckpt,az_good.ckpt,234,9
18,epsilon-ranking-5.0,9,32,256,0.9333,1.0,az_good.ckpt,az_good.ckpt,62,33
30,epsilon-ranking-5.0,9,32,256,1.0,1.0,az_good.ckpt,az_good.ckpt,1,2
16,epsilon-ranking-5.0,9,32,256,0.3333,1.0,az_good.ckpt,az_good.ckpt,215,7
7,epsilon-ranking-5.0,9,32,256,0.9333,1.0,az_good.ckpt,az_good.ckpt,138,29
14,epsilon-ranking-5.0,9,32,256,0.9333,1.0,az_good.ckpt,az_good.ckpt,24,9
10,epsilon-ranking-5.0,9,32,256,0.9,1.0,az_good.ckpt,az_good.ckpt,82,6
22,epsilon-ranking-5.0,9,32,256,0.9666,1.0,az_good.ckpt,az_good.ckpt,7,7
4,epsilon-ranking-5.0,9,32,256,0.0333,1.0,az_good.ckpt,az_good.ckpt,249,5
1,epsilon-ranking-5.0,9,32,256,0.5,1.0,az_good.ckpt,az_good.ckpt,184,8
25,epsilon-ranking-5.0,9,32,256,0.5666,1.0,az_good.ckpt,az_good.ckpt,205,6
7,epsilon-ranking-5.0,9,32,256,0.9,1.0,az_good.ckpt,az_good.ckpt,162,28
16,epsilon-ranking-5.0,9,32,256,0.9666,1.0,az_good.ckpt,az_good.ckpt,62,7
14,epsilon-ranking-5.0,9,32,256,0.6,1.0,az_good.ckpt,az_good.ckpt,182,23
14,epsilon-ranking-5.0,9,32,256,0.0333,1.0,az_good.ckpt,az_good.ckpt,245,0
27,epsilon-ranking-5.0,9,32,256,0.6,1.0,az_good.ckpt,az_good.ckpt,203,8
22,epsilon-ranking-5.0,9,32,256,0.8,1.0,az_good.ckpt,az_good.ckpt,78,2
20,epsilon-ranking-5.0,9,32,256,0.5666,1.0,az_good.ckpt,az_good.ckpt,188,14
8,epsilon-ranking-5.0,9,32,256,0.9,1.0,az_good.ckpt,az_good.ckpt,35,8
23,epsilon-ranking-5.0,9,32,256,0.6333,1.0,az_good.ckpt,az_good.ckpt,222,14
18,epsilon-ranking-5.0,9,32,256,0.1666,1.0,az_good.ckpt,az_good.ckpt,237,3
22,epsilon-ranking-5.0,9,32,256,0.3,1.0,az_good.ckpt,az_good.ckpt,224,6
21,epsilon-ranking-5.0,9,32,256,0.6333,1.0,az_good.ckpt,az_good.ckpt,161,8
1,epsilon-ranking-5.0,9,32,256,0.7666,1.0,az_good.ckpt,az_good.ckpt,73,7
15,epsilon-ranking-5.0,9,32,256,0.4333,1.0,az_good.ckpt,az_good.ckpt,213,11
7,epsilon-ranking-5.0,9,32,256,0.5,1.0,az_good.ckpt,az_good.ckpt,196,16
26,epsilon-ranking-5.0,9,32,256,0.4,1.0,az_good.ckpt,az_good.ckpt,201,7
22,epsilon-ranking-5.0,9,32,256,0.7666,1.0,az_good.ckpt,az_good.ckpt,10,1
28,epsilon-ranking-5.0,9,32,256,0.0666,1.0,az_good.ckpt,az_good.ckpt,245,9
28,epsilon-ranking-5.0,9,32,256,0.3666,1.0,az_good.ckpt,az_good.ckpt,211,9
23,epsilon-ranking-5.0,9,32,256,0.3,1.0,az_good.ckpt,az_good.ckpt,171,7
17,epsilon-ranking-5.0,9,32,256,0.2333,1.0,az_good.ckpt,az_good.ckpt,220,3
14,epsilon-ranking-5.0,9,32,256,0.3,1.0,az_good.ckpt,az_good.ckpt,214,7
20,epsilon-ranking-5.0,9,32,256,0.1333,1.0,az_good.ckpt,az_good.ckpt,234,3
10,epsilon-ranking-5.0,9,32,256,0.2333,1.0,az_good.ckpt,az_good.ckpt,221,5
10,epsilon-ranking-5.0,9,32,256,0.4333,1.0,az_good.ckpt,az_good.ckpt,187,6
10,epsilon-ranking-5.0,9,32,256,0.0333,1.0,az_good.ckpt,az_good.ckpt,245,3
7,epsilon-ranking-5.0,9,32,256,0.4666,1.0,az_good.ckpt,az_good.ckpt,212,12
17,epsilon-ranking-5.0,9,32,256,0.7,1.0,az_good.ckpt,az_good.ckpt,103,15
13,epsilon-ranking-5.0,9,32,256,0.4,1.0,az_good.ckpt,az_good.ckpt,239,10
26,epsilon-ranking-5.0,9,32,256,0.1333,1.0,az_good.ckpt,az_good.ckpt,232,8
11,epsilon-ranking-5.0,9,32,256,0.0333,1.0,az_good.ckpt,az_good.ckpt,243,0
18,epsilon-ranking-5.0,9,32,256,0.4,1.0,az_good.ckpt,az_good.ckpt,212,10
29,epsilon-ranking-5.0,9,32,256,0.1666,1.0,az_good.ckpt,az_good.ckpt,218,5
10,epsilon-ranking-5.0,9,32,256,0.9333,1.0,az_good.ckpt,az_good.ckpt,127,13
28,epsilon-ranking-5.0,9,32,256,0.1666,1.0,az_good.ckpt,az_good.ckpt,248,8
28,epsilon-ranking-5.0,9,32,256,0.3333,1.0,az_good.ckpt,az_good.ckpt,221,5
10,epsilon-ranking-5.0,9,32,256,0.3,1.0,az_good.ckpt,az_good.ckpt,202,6
19,epsilon-ranking-5.0,9,32,256,0.0666,1.0,az_good.ckpt,az_good.ckpt,250,3
1,epsilon-ranking-5.0,9,32,256,0.6333,1.0,az_good.ckpt,az_good.ckpt,169,12
2,epsilon-ranking-5.0,9,32,256,0.9333,1.0,az_good.ckpt,az_good.ckpt,56,14
16,epsilon-ranking-5.0,9,32,256,0.7,1.0,az_good.ckpt,az_good.ckpt,175,5
11,epsilon-ranking-5.0,9,32,256,0.2666,1.0,az_good.ckpt,az_good.ckpt,210,9
27,epsilon-ranking-5.0,9,32,256,0.1333,1.0,az_good.ckpt,az_good.ckpt,243,3
20,epsilon-ranking-5.0,9,32,256,0.6,1.0,az_good.ckpt,az_good.ckpt,176,9
5,epsilon-ranking-5.0,9,32,256,0.9666,1.0,az_good.ckpt,az_good.ckpt,101,12
1,epsilon-ranking-5.0,9,32,256,0.5666,1.0,az_good.ckpt,az_good.ckpt,199,13
4,epsilon-ranking-5.0,9,32,256,0.7,1.0,az_good.ckpt,az_good.ckpt,185,10
10,epsilon-ranking-5.0,9,32,256,0.5333,1.0,az_good.ckpt,az_good.ckpt,225,5
21,epsilon-ranking-5.0,9,32,256,0.3333,1.0,az_good.ckpt,az_good.ckpt,214,5
1,epsilon-ranking-5.0,9,32,256,0.1,1.0,az_good.ckpt,az_good.ckpt,239,4
26,epsilon-ranking-5.0,9,32,256,0.0666,1.0,az_good.ckpt,az_good.ckpt,247,3
24,epsilon-ranking-5.0,9,32,256,0.9,1.0,az_good.ckpt,az_good.ckpt,19,2
20,epsilon-ranking-5.0,9,32,256,0.9,1.0,az_good.ckpt,az_good.ckpt,92,12
13,epsilon-ranking-5.0,9,32,256,0.6,1.0,az_good.ckpt,az_good.ckpt,190,13
22,epsilon-ranking-5.0,9,32,256,0.2333,1.0,az_good.ckpt,az_good.ckpt,227,2
22,epsilon-ranking-5.0,9,32,256,0.9333,1.0,az_good.ckpt,az_good.ckpt,13,3
27,epsilon-ranking-5.0,9,32,256,0.3666,1.0,az_good.ckpt,az_good.ckpt,181,7
27,epsilon-ranking-5.0,9,32,256,0.3333,1.0,az_good.ckpt,az_good.ckpt,176,12
12,epsilon-ranking-5.0,9,32,256,0.6333,1.0,az_good.ckpt,az_good.ckpt,193,19
20,epsilon-ranking-5.0,9,32,256,1.0,1.0,az_good.ckpt,az_good.ckpt,0,4
17,epsilon-ranking-5.0,9,32,256,0.1333,1.0,az_good.ckpt,az_good.ckpt,239,9
4,epsilon-ranking-5.0,9,32,256,0.1,1.0,az_good.ckpt,az_good.ckpt,239,6
9,epsilon-ranking-5.0,9,32,256,0.0333,1.0,az_good.ckpt,az_good.ckpt,247,4
8,epsilon-ranking-5.0,9,32,256,0.1666,1.0,az_good.ckpt,az_good.ckpt,228,10
25,epsilon-ranking-5.0,9,32,256,0.3,1.0,az_good.ckpt,az_good.ckpt,210,5
24,epsilon-ranking-5.0,9,32,256,0.1333,1.0,az_good.ckpt,az_good.ckpt,244,4
22,epsilon-ranking-5.0,9,32,256,0.1666,1.0,az_good.ckpt,az_good.ckpt,227,10
6,epsilon-ranking-5.0,9,32,256,0.7333,1.0,az_good.ckpt,az_good.ckpt,85,25
6,epsilon-ranking-5.0,9,32,256,0.1,1.0,az_good.ckpt,az_good.ckpt,241,7
4,epsilon-ranking-5.0,9,32,256,0.4666,1.0,az_good.ckpt,az_good.ckpt,188,9
21,epsilon-ranking-5.0,9,32,256,0.9666,1.0,az_good.ckpt,az_good.ckpt,5,4
30,epsilon-ranking-5.0,9,32,256,0.4,1.0,az_good.ckpt,az_good.ckpt,198,12
29,epsilon-ranking-5.0,9,32,256,0.1333,1.0,az_good.ckpt,az_good.ckpt,245,10
30,epsilon-ranking-5.0,9,32,256,0.3333,1.0,az_good.ckpt,az_good.ckpt,227,3
23,epsilon-ranking-5.0,9,32,256,0.4666,1.0,az_good.ckpt,az_good.ckpt,160,2
10,epsilon-ranking-5.0,9,32,256,0.7333,1.0,az_good.ckpt,az_good.ckpt,51,3
17,epsilon-ranking-5.0,9,32,256,0.5333,1.0,az_good.ckpt,az_good.ckpt,170,21
13,epsilon-ranking-5.0,9,32,256,0.0333,1.0,az_good.ckpt,az_good.ckpt,252,4
12,epsilon-ranking-5.0,9,32,256,0.7,1.0,az_good.ckpt,az_good.ckpt,152,16
20,epsilon-ranking-5.0,9,32,256,0.8666,1.0,az_good.ckpt,az_good.ckpt,102,8
5,epsilon-ranking-5.0,9,32,256,0.8666,1.0,az_good.ckpt,az_good.ckpt,82,12
25,epsilon-ranking-5.0,9,32,256,0.9,1.0,az_good.ckpt,az_good.ckpt,99,7
3,epsilon-ranking-5.0,9,32,256,0.4666,1.0,az_good.ckpt,az_good.ckpt,183,8
12,epsilon-ranking-5.0,9,32,256,0.4,1.0,az_good.ckpt,az_good.ckpt,205,5
18,epsilon-ranking-5.0,9,32,256,0.6333,1.0,az_good.ckpt,az_good.ckpt,201,12
14,epsilon-ranking-5.0,9,32,256,0.5,1.0,az_good.ckpt,az_good.ckpt,188,14
20,epsilon-ranking-5.0,9,32,256,0.4666,1.0,az_good.ckpt,az_good.ckpt,211,8
18,epsilon-ranking-5.0,9,32,256,1.0,1.0,az_good.ckpt,az_good.ckpt,6,13
9,epsilon-ranking-5.0,9,32,256,0.2333,1.0,az_good.ckpt,az_good.ckpt,214,5
9,epsilon-ranking-5.0,9,32,256,0.3333,1.0,az_good.ckpt,az_good.ckpt,226,7
27,epsilon-ranking-5.0,9,32,256,0.0,1.0,az_good.ckpt,az_good.ckpt,241,2
21,epsilon-ranking-5.0,9,32,256,0.1333,1.0,az_good.ckpt,az_good.ckpt,239,4
12,epsilon-ranking-5.0,9,32,256,0.8333,1.0,az_good.ckpt,az_good.ckpt,112,11
27,epsilon-ranking-5.0,9,32,256,0.8333,1.0,az_good.ckpt,az_good.ckpt,114,8
13,epsilon-ranking-5.0,9,32,256,0.7333,1.0,az_good.ckpt,az_good.ckpt,151,18
8,epsilon-ranking-5.0,9,32,256,0.6666,1.0,az_good.ckpt,az_good.ckpt,194,9
14,epsilon-ranking-5.0,9,32,256,0.2,1.0,az_good.ckpt,az_good.ckpt,216,2
25,epsilon-ranking-5.0,9,32,256,0.8666,1.0,az_good.ckpt,az_good.ckpt,165,12
11,epsilon-ranking-5.0,9,32,256,0.7666,1.0,az_good.ckpt,az_good.ckpt,11,5
1,epsilon-ranking-5.0,9,32,256,0.8666,1.0,az_good.ckpt,az_good.ckpt,20,11
24,epsilon-ranking-5.0,9,32,256,0.8666,1.0,az_good.ckpt,az_good.ckpt,66,10
13,epsilon-ranking-5.0,9,32,256,0.3333,1.0,az_good.ckpt,az_good.ckpt,234,5
13,epsilon-ranking-5.0,9,32,256,0.2,1.0,az_good.ckpt,az_good.ckpt,223,5
5,epsilon-ranking-5.0,9,32,256,0.0,1.0,az_good.ckpt,az_good.ckpt,244,6
28,epsilon-ranking-5.0,9,32,256,0.5,1.0,az_good.ckpt,az_good.ckpt,173,8
1,epsilon-ranking-5.0,9,32,256,0.0,1.0,az_good.ckpt,az_good.ckpt,243,1
13,epsilon-ranking-5.0,9,32,256,0.9333,1.0,az_good.ckpt,az_good.ckpt,13,1
29,epsilon-ranking-5.0,9,32,256,0.8666,1.0,az_good.ckpt,az_good.ckpt,75,10
6,epsilon-ranking-5.0,9,32,256,0.6,1.0,az_good.ckpt,az_good.ckpt,208,17
5,epsilon-ranking-5.0,9,32,256,0.5666,1.0,az_good.ckpt,az_good.ckpt,193,13
2,epsilon-ranking-5.0,9,32,256,0.7333,1.0,az_good.ckpt,az_good.ckpt,13,4
25,epsilon-ranking-5.0,9,32,256,0.3666,1.0,az_good.ckpt,az_good.ckpt,204,13
12,epsilon-ranking-5.0,9,32,256,0.3666,1.0,az_good.ckpt,az_good.ckpt,194,13
7,epsilon-ranking-5.0,9,32,256,0.2,1.0,az_good.ckpt,az_good.ckpt,226,2
3,epsilon-ranking-5.0,9,32,256,0.9,1.0,az_good.ckpt,az_good.ckpt,126,18
23,epsilon-ranking-5.0,9,32,256,0.7,1.0,az_good.ckpt,az_good.ckpt,173,7
15,epsilon-ranking-5.0,9,32,256,0.3666,1.0,az_good.ckpt,az_good.ckpt,203,6
14,epsilon-ranking-5.0,9,32,256,0.6666,1.0,az_good.ckpt,az_good.ckpt,168,11
18,epsilon-ranking-5.0,9,32,256,0.4666,1.0,az_good.ckpt,az_good.ckpt,197,5
16,epsilon-ranking-5.0,9,32,256,0.2333,1.0,az_good.ckpt,az_good.ckpt,246,14
11,epsilon-ranking-5.0,9,32,256,0.9666,1.0,az_good.ckpt,az_good.ckpt,7,1
15,epsilon-ranking-5.0,9,32,256,0.2,1.0,az_good.ckpt,az_good.ckpt,220,15
4,epsilon-ranking-5.0,9,32,256,0.6333,1.0,az_good.ckpt,az_good.ckpt,140,11
30,epsilon-ranking-5.0,9,32,256,0.8333,1.0,az_good.ckpt,az_good.ckpt,22,7
27,epsilon-ranking-5.0,9,32,256,0.2,1.0,az_good.ckpt,az_good.ckpt,231,1
25,epsilon-ranking-5.0,9,32,256,0.4333,1.0,az_good.ckpt,az_good.ckpt,194,9
5,epsilon-ranking-5.0,9,32,256,0.6333,1.0,az_good.ckpt,az_good.ckpt,197,8
14,epsilon-ranking-5.0,9,32,256,0.7,1.0,az_good.ckpt,az_good.ckpt,191,11
5,epsilon-ranking-5.0,9,32,256,0.3666,1.0,az_good.ckpt,az_good.ckpt,197,9
11,epsilon-ranking-5.0,9,32,256,0.8333,1.0,az_good.ckpt,az_good.ckpt,44,4
8,epsilon-ranking-5.0,9,32,256,0.9666,1.0,az_good.ckpt,az_good.ckpt,28,4
16,epsilon-ranking-5.0,9,32,256,0.4333,1.0,az_good.ckpt,az_good.ckpt,204,6
17,epsilon-ranking-5.0,9,32,256,0.3,1.0,az_good.ckpt,az_good.ckpt,210,9
24,epsilon-ranking-5.0,9,32,256,0.5333,1.0,az_good.ckpt,az_good.ckpt,188,6
29,epsilon-ranking-5.0,9,32,256,0.7,1.0,az_good.ckpt,az_good.ckpt,138,8
5,epsilon-ranking-5.0,9,32,256,0.8333,1.0,az_good.ckpt,az_good.ckpt,79,16
23,epsilon-ranking-5.0,9,32,256,0.7333,1.0,az_good.ckpt,az_good.ckpt,152,10
25,epsilon-ranking-5.0,9,32,256,1.0,1.0,az_good.ckpt,az_good.ckpt,7,6
5,epsilon-ranking-5.0,9,32,256,0.4,1.0,az_good.ckpt,az_good.ckpt,209,12
5,epsilon-ranking-5.0,9,32,256,0.5333,1.0,az_good.ckpt,az_good.ckpt,142,7
24,epsilon-ranking-5.0,9,32,256,0.2666,1.0,az_good.ckpt,az_good.ckpt,224,2
26,epsilon-ranking-5.0,9,32,256,0.4333,1.0,az_good.ckpt,az_good.ckpt,205,5
15,epsilon-ranking-5.0,9,32,256,0.7,1.0,az_good.ckpt,az_good.ckpt,177,15
19,epsilon-ranking-5.0,9,32,256,1.0,1.0,az_good.ckpt,az_good.ckpt,0,0
3,epsilon-ranking-5.0,9,32,256,0.9666,1.0,az_good.ckpt,az_good.ckpt,10,11
11,epsilon-ranking-5.0,9,32,256,0.8666,1.0,az_good.ckpt,az_good.ckpt,11,1
26,epsilon-ranking-5.0,9,32,256,0.9666,1.0,az_good.ckpt,az_good.ckpt,4,2
29,epsilon-ranking-5.0,9,32,256,0.9,1.0,az_good.ckpt,az_good.ckpt,134,36
28,epsilon-ranking-5.0,9,32,256,0.8,1.0,az_good.ckpt,az_good.ckpt,142,29
1,epsilon-ranking-5.0,9,32,256,0.0333,1.0,az_good.ckpt,az_good.ckpt,243,4
14,epsilon-ranking-5.0,9,32,256,0.9,1.0,az_good.ckpt,az_good.ckpt,31,26
13,epsilon-ranking-5.0,9,32,256,0.0666,1.0,az_good.ckpt,az_good.ckpt,246,5
6,epsilon-ranking-5.0,9,32,256,0.1666,1.0,az_good.ckpt,az_good.ckpt,233,4
3,epsilon-ranking-5.0,9,32,256,0.0666,1.0,az_good.ckpt,az_good.ckpt,244,1
1,epsilon-ranking-5.0,9,32,256,0.8333,1.0,az_good.ckpt,az_good.ckpt,63,10
14,epsilon-ranking-5.0,9,32,256,0.3333,1.0,az_good.ckpt,az_good.ckpt,200,10
15,epsilon-ranking-5.0,9,32,256,0.9,1.0,az_good.ckpt,az_good.ckpt,93,9
23,epsilon-ranking-5.0,9,32,256,0.2,1.0,az_good.ckpt,az_good.ckpt,209,5
9,epsilon-ranking-5.0,9,32,256,0.2666,1.0,az_good.ckpt,az_good.ckpt,229,4
11,epsilon-ranking-5.0,9,32,256,0.6333,1.0,az_good.ckpt,az_good.ckpt,143,18
9,epsilon-ranking-5.0,9,32,256,0.9,1.0,az_good.ckpt,az_good.ckpt,70,6
12,epsilon-ranking-5.0,9,32,256,0.0333,1.0,az_good.ckpt,az_good.ckpt,245,4
1,epsilon-ranking-5.0,9,32,256,0.3333,1.0,az_good.ckpt,az_good.ckpt,212,17
29,epsilon-ranking-5.0,9,32,256,0.8333,1.0,az_good.ckpt,az_good.ckpt,156,21
5,epsilon-ranking-5.0,9,32,256,0.2333,1.0,az_good.ckpt,az_good.ckpt,219,4
4,epsilon-ranking-5.0,9,32,256,0.9333,1.0,az_good.ckpt,az_good.ckpt,118,16
5,epsilon-ranking-5.0,9,32,256,0.4666,1.0,az_good.ckpt,az_good.ckpt,194,15
17,epsilon-ranking-5.0,9,32,256,0.5666,1.0,az_good.ckpt,az_good.ckpt,168,4
7,epsilon-ranking-5.0,9,32,256,0.4,1.0,az_good.ckpt,az_good.ckpt,209,7
14,epsilon-ranking-5.0,9,32,256,0.8666,1.0,az_good.ckpt,az_good.ckpt,39,16
3,epsilon-ranking-5.0,9,32,256,0.7,1.0,az_good.ckpt,az_good.ckpt,139,14
16,epsilon-ranking-5.0,9,32,256,0.0,1.0,az_good.ckpt,az_good.ckpt,234,1
10,epsilon-ranking-5.0,9,32,256,0.1666,1.0,az_good.ckpt,az_good.ckpt,235,0
5,epsilon-ranking-5.0,9,32,256,0.7,1.0,az_good.ckpt,az_good.ckpt,130,11
6,epsilon-ranking-5.0,9,32,256,0.0333,1.0,az_good.ckpt,az_good.ckpt,250,5
30,epsilon-ranking-5.0,9,32,256,0.7666,1.0,az_good.ckpt,az_good.ckpt,106,5
28,epsilon-ranking-5.0,9,32,256,0.1333,1.0,az_good.ckpt,az_good.ckpt,243,8
17,epsilon-ranking-5.0,9,32,256,0.7333,1.0,az_good.ckpt,az_good.ckpt,92,16
28,epsilon-ranking-5.0,9,32,256,0.4666,1.0,az_good.ckpt,az_good.ckpt,189,6
2,epsilon-ranking-5.0,9,32,256,0.1666,1.0,az_good.ckpt,az_good.ckpt,240,3
22,epsilon-ranking-5.0,9,32,256,0.3666,1.0,az_good.ckpt,az_good.ckpt,207,8
13,epsilon-ranking-5.0,9,32,256,0.3,1.0,az_good.ckpt,az_good.ckpt,226,4
14,epsilon-ranking-5.0,9,32,256,0.6333,1.0,az_good.ckpt,az_good.ckpt,191,13
7,epsilon-ranking-5.0,9,32,256,0.0333,1.0,az_good.ckpt,az_good.ckpt,254,5
27,epsilon-ranking-5.0,9,32,256,0.6666,1.0,az_good.ckpt,az_good.ckpt,157,21
6,epsilon-ranking-5.0,9,32,256,0.4333,1.0,az_good.ckpt,az_good.ckpt,181,7
5,epsilon-ranking-5.0,9,32,256,0.0333,1.0,az_good.ckpt,az_good.ckpt,249,2
25,epsilon-ranking-5.0,9,32,256,0.9333,1.0,az_good.ckpt,az_good.ckpt,60,12
19,epsilon-ranking-5.0,9,32,256,0.0,1.0,az_good.ckpt,az_good.ckpt,236,0
23,epsilon-ranking-5.0,9,32,256,0.6666,1.0,az_good.ckpt,az_good.ckpt,138,6
16,epsilon-ranking-5.0,9,32,256,0.0666,1.0,az_good.ckpt,az_good.ckpt,250,4
6,epsilon-ranking-5.0,9,32,256,1.0,1.0,az_good.ckpt,az_good.ckpt,17,12
1,epsilon-ranking-5.0,9,32,256,0.8,1.0,az_good.ckpt,az_good.ckpt,53,12
22,epsilon-ranking-5.0,9,32,256,0.8666,1.0,az_good.ckpt,az_good.ckpt,155,14
12,epsilon-ranking-5.0,9,32,256,0.1333,1.0,az_good.ckpt,az_good.ckpt,235,3
23,epsilon-ranking-5.0,9,32,256,0.0333,1.0,az_good.ckpt,az_good.ckpt,249,1
29,epsilon-ranking-5.0,9,32,256,0.4,1.0,az_good.ckpt,az_good.ckpt,204,11
8,epsilon-ranking-5.0,9,32,256,0.5666,1.0,az_good.ckpt,az_good.ckpt,167,8
7,epsilon-ranking-5.0,9,32,256,0.1666,1.0,az_good.ckpt,az_good.ckpt,242,3
8,epsilon-ranking-5.0,9,32,256,0.2666,1.0,az_good.ckpt,az_good.ckpt,203,6
27,epsilon-ranking-5.0,9,32,256,0.2333,1.0,az_good.ckpt,az_good.ckpt,232,3
13,epsilon-ranking-5.0,9,32,256,0.8,1.0,az_good.ckpt,az_good.ckpt,39,10
1,epsilon-ranking-5.0,9,32,256,0.3666,1.0,az_good.ckpt,az_good.ckpt,202,11
24,epsilon-ranking-5.0,9,32,256,0.2,1.0,az_good.ckpt,az_good.ckpt,230,5
8,epsilon-ranking-5.0,9,32,256,0.4333,1.0,az_good.ckpt,az_good.ckpt,212,6
18,epsilon-ranking-5.0,9,32,256,0.6666,1.0,az_good.ckpt,az_good.ckpt,176,7
16,epsilon-ranking-5.0,9,32,256,0.6,1.0,az_good.ckpt,az_good.ckpt,156,10
12,epsilon-ranking-5.0,9,32,256,0.3333,1.0,az_good.ckpt,az_good.ckpt,203,7
14,epsilon-ranking-5.0,9,32,256,0.2666,1.0,az_good.ckpt,az_good.ckpt,219,3
17,epsilon-ranking-5.0,9,32,256,0.2,1.0,az_good.ckpt,az_good.ckpt,238,3
8,epsilon-ranking-5.0,9,32,256,0.4,1.0,az_good.ckpt,az_good.ckpt,210,16
9,epsilon-ranking-5.0,9,32,256,0.7,1.0,az_good.ckpt,az_good.ckpt,75,9
14,epsilon-ranking-5.0,9,32,256,0.8333,1.0,az_good.ckpt,az_good.ckpt,60,35
10,epsilon-ranking-5.0,9,32,256,0.0666,1.0,az_good.ckpt,az_good.ckpt,235,6
22,epsilon-ranking-5.0,9,32,256,0.4666,1.0,az_good.ckpt,az_good.ckpt,188,8
3,epsilon-ranking-5.0,9,32,256,0.9333,1.0,az_good.ckpt,az_good.ckpt,116,5
8,epsilon-ranking-5.0,9,32,256,0.2333,1.0,az_good.ckpt,az_good.ckpt,199,4
17,epsilon-ranking-5.0,9,32,256,0.7666,1.0,az_good.ckpt,az_good.ckpt,112,19
6,epsilon-ranking-5.0,9,32,256,0.4,1.0,az_good.ckpt,az_good.ckpt,204,9
29,epsilon-ranking-5.0,9,32,256,0.1,1.0,az_good.ckpt,az_good.ckpt,238,6
16,epsilon-ranking-5.0,9,32,256,0.2666,1.0,az_good.ckpt,az_good.ckpt,232,3
3,epsilon-ranking-5.0,9,32,256,0.8666,1.0,az_good.ckpt,az_good.ckpt,179,19
21,epsilon-ranking-5.0,9,32,256,0.7333,1.0,az_good.ckpt,az_good.ckpt,155,7
18,epsilon-ranking-5.0,9,32,256,0.2666,1.0,az_good.ckpt,az_good.ckpt,237,5
7,epsilon-ranking-5.0,9,32,256,0.9666,1.0,az_good.ckpt,az_good.ckpt,123,25
18,epsilon-ranking-5.0,9,32,256,0.5,1.0,az_good.ckpt,az_good.ckpt,191,7
18,epsilon-ranking-5.0,9,32,256,0.8,1.0,az_good.ckpt,az_good.ckpt,166,13
20,epsilon-ranking-5.0,9,32,256,0.0,1.0,az_good.ckpt,az_good.ckpt,219,2
15,epsilon-ranking-5.0,9,32,256,0.5666,1.0,az_good.ckpt,az_good.ckpt,189,9
17,epsilon-ranking-5.0,9,32,256,0.4,1.0,az_good.ckpt,az_good.ckpt,208,9
29,epsilon-ranking-5.0,9,32,256,0.6333,1.0,az_good.ckpt,az_good.ckpt,176,8
21,epsilon-ranking-5.0,9,32,256,0.4666,1.0,az_good.ckpt,az_good.ckpt,197,17
21,epsilon-ranking-5.0,9,32,256,0.2333,1.0,az_good.ckpt,az_good.ckpt,211,4
8,epsilon-ranking-5.0,9,32,256,0.1333,1.0,az_good.ckpt,az_good.ckpt,238,8
11,epsilon-ranking-5.0,9,32,256,0.1,1.0,az_good.ckpt,az_good.ckpt,240,1
17,epsilon-ranking-5.0,9,32,256,0.1,1.0,az_good.ckpt,az_good.ckpt,246,5
4,epsilon-ranking-5.0,9,32,256,0.3666,1.0,az_good.ckpt,az_good.ckpt,209,8
15,epsilon-ranking-5.0,9,32,256,0.0666,1.0,az_good.ckpt,az_good.ckpt,252,1
8,epsilon-ranking-5.0,9,32,256,0.2,1.0,az_good.ckpt,az_good.ckpt,237,6
1,epsilon-ranking-5.0,9,32,256,0.4,1.0,az_good.ckpt,az_good.ckpt,201,12
2,epsilon-ranking-5.0,9,32,256,0.5666,1.0,az_good.ckpt,az_good.ckpt,186,9
3,epsilon-ranking-5.0,9,32,256,0.1333,1.0,az_good.ckpt,az_good.ckpt,237,4
3,epsilon-ranking-5.0,9,32,256,0.4,1.0,az_good.ckpt,az_good.ckpt,187,9
9,epsilon-ranking-5.0,9,32,256,0.7333,1.0,az_good.ckpt,az_good.ckpt,156,28
1,epsilon-ranking-5.0,9,32,256,0.0666,1.0,az_good.ckpt,az_good.ckpt,246,4
16,epsilon-ranking-5.0,9,32,256,0.8333,1.0,az_good.ckpt,az_good.ckpt,181,21
18,epsilon-ranking-5.0,9,32,256,0.4333,1.0,az_good.ckpt,az_good.ckpt,222,16
5,epsilon-ranking-5.0,9,32,256,0.3,1.0,az_good.ckpt,az_good.ckpt,207,8
23,epsilon-ranking-5.0,9,32,256,0.2666,1.0,az_good.ckpt,az_good.ckpt,214,7
29,epsilon-ranking-5.0,9,32,256,0.8,1.0,az_good.ckpt,az_good.ckpt,212,17
15,epsilon-ranking-5.0,9,32,256,0.8666,1.0,az_good.ckpt,az_good.ckpt,129,5
3,epsilon-ranking-5.0,9,32,256,0.7333,1.0,az_good.ckpt,az_good.ckpt,99,11
11,epsilon-ranking-5.0,9,32,256,0.5,1.0,az_good.ckpt,az_good.ckpt,203,9
19,epsilon-ranking-5.0,9,32,256,0.1666,1.0,az_good.ckpt,az_good.ckpt,222,6
14,epsilon-ranking-5.0,9,32,256,0.4333,1.0,az_good.ckpt,az_good.ckpt,206,5
2,epsilon-ranking-5.0,9,32,256,0.6333,1.0,az_good.ckpt,az_good.ckpt,223,13
4,epsilon-ranking-5.0,9,32,256,0.1666,1.0,az_good.ckpt,az_good.ckpt,233,4
19,epsilon-ranking-5.0,9,32,256,0.5,1.0,az_good.ckpt,az_good.ckpt,184,5
12,epsilon-ranking-5.0,9,32,256,0.4333,1.0,az_good.ckpt,az_good.ckpt,201,9
27,epsilon-ranking-5.0,9,32,256,0.0666,1.0,az_good.ckpt,az_good.ckpt,248,2
22,epsilon-ranking-5.0,9,32,256,0.8333,1.0,az_good.ckpt,az_good.ckpt,15,2
29,epsilon-ranking-5.0,9,32,256,0.2666,1.0,az_good.ckpt,az_good.ckpt,225,3
16,epsilon-ranking-5.0,9,32,256,0.7333,1.0,az_good.ckpt,az_good.ckpt,149,7
2,epsilon-ranking-5.0,9,32,256,0.1333,1.0,az_good.ckpt,az_good.ckpt,244,4
29,epsilon-ranking-5.0,9,32,256,0.5666,1.0,az_good.ckpt,az_good.ckpt,168,3
30,epsilon-ranking-5.0,9,32,256,0.0333,1.0,az_good.ckpt,az_good.ckpt,251,4
12,epsilon-ranking-5.0,9,32,256,0.5333,1.0,az_good.ckpt,az_good.ckpt,177,7
19,epsilon-ranking-5.0,9,32,256,0.2333,1.0,az_good.ckpt,az_good.ckpt,234,7
4,epsilon-ranking-5.0,9,32,256,0.2333,1.0,az_good.ckpt,az_good.ckpt,233,1
21,epsilon-ranking-5.0,9,32,256,0.9,1.0,az_good.ckpt,az_good.ckpt,22,3
7,epsilon-ranking-5.0,9,32,256,0.8666,1.0,az_good.ckpt,az_good.ckpt,112,14
22,epsilon-ranking-5.0,9,32,256,0.5,1.0,az_good.ckpt,az_good.ckpt,192,4
8,epsilon-ranking-5.0,9,32,256,1.0,1.0,az_good.ckpt,az_good.ckpt,8,2
14,epsilon-ranking-5.0,9,32,256,0.0,1.0,az_good.ckpt,az_good.ckpt,248,0
9,epsilon-ranking-5.0,9,32,256,0.4333,1.0,az_good.ckpt,az_good.ckpt,200,7
21,epsilon-ranking-5.0,9,32,256,0.8,1.0,az_good.ckpt,az_good.ckpt,58,3
9,epsilon-ranking-5.0,9,32,256,0.1333,1.0,az_good.ckpt,az_good.ckpt,221,2
24,epsilon-ranking-5.0,9,32,256,0.6,1.0,az_good.ckpt,az_good.ckpt,196,6
29,epsilon-ranking-5.0,9,32,256,0.3666,1.0,az_good.ckpt,az_good.ckpt,204,4
26,epsilon-ranking-5.0,9,32,256,0.8333,1.0,az_good.ckpt,az_good.ckpt,69,14
22,epsilon-ranking-5.0,9,32,256,0.4,1.0,az_good.ckpt,az_good.ckpt,190,10
7,epsilon-ranking-5.0,9,32,256,0.6333,1.0,az_good.ckpt,az_good.ckpt,156,8
23,epsilon-ranking-5.0,9,32,256,0.8666,1.0,az_good.ckpt,az_good.ckpt,50,12
18,epsilon-ranking-5.0,9,32,256,0.3,1.0,az_good.ckpt,az_good.ckpt,221,15
18,epsilon-ranking-5.0,9,32,256,0.2333,1.0,az_good.ckpt,az_good.ckpt,226,3
19,epsilon-ranking-5.0,9,32,256,0.5333,1.0,az_good.ckpt,az_good.ckpt,189,6
20,epsilon-ranking-5.0,9,32,256,0.7,1.0,az_good.ckpt,az_good.ckpt,155,17
15,epsilon-ranking-5.0,9,32,256,0.1666,1.0,az_good.ckpt,az_good.ckpt,215,8
1,epsilon-ranking-5.0,9,32,256,0.2,1.0,az_good.ckpt,az_good.ckpt,228,6
3,epsilon-ranking-5.0,9,32,256,1.0,1.0,az_good.ckpt,az_good.ckpt,69,11
1,epsilon-ranking-5.0,9,32,256,0.2666,1.0,az_good.ckpt,az_good.ckpt,202,11
3,epsilon-ranking-5.0,9,32,256,0.1,1.0,az_good.ckpt,az_good.ckpt,241,2
10,epsilon-ranking-5.0,9,32,256,0.6,1.0,az_good.ckpt,az_good.ckpt,184,7
2,epsilon-ranking-5.0,9,32,256,0.3,1.0,az_good.ckpt,az_good.ckpt,216,9
18,epsilon-ranking-5.0,9,32,256,0.5333,1.0,az_good.ckpt,az_good.ckpt,177,5
13,epsilon-ranking-5.0,9,32,256,0.1333,1.0,az_good.ckpt,az_good.ckpt,239,8
7,epsilon-ranking-5.0,9,32,256,1.0,1.0,az_good.ckpt,az_good.ckpt,6,5
6,epsilon-ranking-5.0,9,32,256,0.7,1.0,az_good.ckpt,az_good.ckpt,134,8
30,epsilon-ranking-5.0,9,32,256,0.7333,1.0,az_good.ckpt,az_good.ckpt,158,24
17,epsilon-ranking-5.0,9,32,256,0.3666,1.0,az_good.ckpt,az_good.ckpt,198,9
25,epsilon-ranking-5.0,9,32,256,0.4666,1.0,az_good.ckpt,az_good.ckpt,194,15
18,epsilon-ranking-5.0,9,32,256,0.1,1.0,az_good.ckpt,az_good.ckpt,252,3
13,epsilon-ranking-5.0,9,32,256,0.1666,1.0,az_good.ckpt,az_good.ckpt,227,2
17,epsilon-ranking-5.0,9,32,256,0.0666,1.0,az_good.ckpt,az_good.ckpt,250,0
20,epsilon-ranking-5.0,9,32,256,0.6666,1.0,az_good.ckpt,az_good.ckpt,183,15
30,epsilon-ranking-5.0,9,32,256,0.5666,1.0,az_good.ckpt,az_good.ckpt,182,8
14,epsilon-ranking-5.0,9,32,256,0.1333,1.0,az_good.ckpt,az_good.ckpt,249,3
7,epsilon-ranking-5.0,9,32,256,0.4333,1.0,az_good.ckpt,az_good.ckpt,213,6
24,epsilon-ranking-5.0,9,32,256,1.0,1.0,az_good.ckpt,az_good.ckpt,162,18
26,epsilon-ranking-5.0,9,32,256,0.6,1.0,az_good.ckpt,az_good.ckpt,176,16
2,epsilon-ranking-5.0,9,32,256,0.6666,1.0,az_good.ckpt,az_good.ckpt,183,18
15,epsilon-ranking-5.0,9,32,256,0.1,1.0,az_good.ckpt,az_good.ckpt,244,5
19,epsilon-ranking-5.0,9,32,256,0.1333,1.0,az_good.ckpt,az_good.ckpt,247,0
13,epsilon-ranking-5.0,9,32,256,0.9,1.0,az_good.ckpt,az_good.ckpt,29,8
9,epsilon-ranking-5.0,9,32,256,0.2,1.0,az_good.ckpt,az_good.ckpt,206,6
23,epsilon-ranking-5.0,9,32,256,0.3333,1.0,az_good.ckpt,az_good.ckpt,192,10
2,epsilon-ranking-5.0,9,32,256,0.0666,1.0,az_good.ckpt,az_good.ckpt,243,6
17,epsilon-ranking-5.0,9,32,256,0.1666,1.0,az_good.ckpt,az_good.ckpt,234,6
26,epsilon-ranking-5.0,9,32,256,0.5333,1.0,az_good.ckpt,az_good.ckpt,201,9
26,epsilon-ranking-5.0,9,32,256,0.8666,1.0,az_good.ckpt,az_good.ckpt,45,25
21,epsilon-ranking-5.0,9,32,256,0.3666,1.0,az_good.ckpt,az_good.ckpt,215,12
6,epsilon-ranking-5.0,9,32,256,0.8333,1.0,az_good.ckpt,az_good.ckpt,120,20
14,epsilon-ranking-5.0,9,32,256,1.0,1.0,az_good.ckpt,az_good.ckpt,5,65
23,epsilon-ranking-5.0,9,32,256,0.2333,1.0,az_good.ckpt,az_good.ckpt,220,7
22,epsilon-ranking-5.0,9,32,256,0.1,1.0,az_good.ckpt,az_good.ckpt,245,0
21,epsilon-ranking-5.0,9,32,256,0.3,1.0,az_good.ckpt,az_good.ckpt,228,2
28,epsilon-ranking-5.0,9,32,256,0.7666,1.0,az_good.ckpt,az_good.ckpt,189,17
30,epsilon-ranking-5.0,9,32,256,0.2666,1.0,az_good.ckpt,az_good.ckpt,222,13
22,epsilon-ranking-5.0,9,32,256,0.3333,1.0,az_good.ckpt,az_good.ckpt,206,11
24,epsilon-ranking-5.0,9,32,256,0.1666,1.0,az_good.ckpt,az_good.ckpt,217,4
12,epsilon-ranking-5.0,9,32,256,0.9,1.0,az_good.ckpt,az_good.ckpt,79,21
1,epsilon-ranking-5.0,9,32,256,0.9666,1.0,az_good.ckpt,az_good.ckpt,33,13
27,epsilon-ranking-5.0,9,32,256,0.5,1.0,az_good.ckpt,az_good.ckpt,197,10
23,epsilon-ranking-5.0,9,32,256,0.3666,1.0,az_good.ckpt,az_good.ckpt,197,6
19,epsilon-ranking-5.0,9,32,256,0.6333,1.0,az_good.ckpt,az_good.ckpt,166,9
19,epsilon-ranking-5.0,9,32,256,0.0333,1.0,az_good.ckpt,az_good.ckpt,251,3
28,epsilon-ranking-5.0,9,32,256,1.0,1.0,az_good.ckpt,az_good.ckpt,4,2
21,epsilon-ranking-5.0,9,32,256,1.0,1.0,az_good.ckpt,az_good.ckpt,6,4
13,epsilon-ranking-5.0,9,32,256,0.5,1.0,az_good.ckpt,az_good.ckpt,206,8
24,epsilon-ranking-5.0,9,32,256,0.6333,1.0,az_good.ckpt,az_good.ckpt,169,5
14,epsilon-ranking-5.0,9,32,256,0.7666,1.0,az_good.ckpt,az_good.ckpt,121,27
5,epsilon-ranking-5.0,9,32,256,0.6,1.0,az_good.ckpt,az_good.ckpt,201,11
10,epsilon-ranking-5.0,9,32,256,0.2,1.0,az_good.ckpt,az_good.ckpt,218,3
21,epsilon-ranking-5.0,9,32,256,0.7,1.0,az_good.ckpt,az_good.ckpt,151,5
11,epsilon-ranking-5.0,9,32,256,0.9333,1.0,az_good.ckpt,az_good.ckpt,12,1
10,epsilon-ranking-5.0,9,32,256,0.7,1.0,az_good.ckpt,az_good.ckpt,195,22
5,epsilon-ranking-5.0,9,32,256,0.2,1.0,az_good.ckpt,az_good.ckpt,221,3
14,epsilon-ranking-5.0,9,32,256,0.0666,1.0,az_good.ckpt,az_good.ckpt,243,3
25,epsilon-ranking-5.0,9,32,256,0.5,1.0,az_good.ckpt,az_good.ckpt,187,6
12,epsilon-ranking-5.0,9,32,256,0.1666,1.0,az_good.ckpt,az_good.ckpt,227,6
18,epsilon-ranking-5.0,9,32,256,0.6,1.0,az_good.ckpt,az_good.ckpt,214,16
16,epsilon-ranking-5.0,9,32,256,0.4,1.0,az_good.ckpt,az_good.ckpt,200,13
17,epsilon-ranking-5.0,9,32,256,0.4666,1.0,az_good.ckpt,az_good.ckpt,213,13
25,epsilon-ranking-5.0,9,32,256,0.1666,1.0,az_good.ckpt,az_good.ckpt,235,1
4,epsilon-ranking-5.0,9,32,256,0.5333,1.0,az_good.ckpt,az_good.ckpt,210,16
2,epsilon-ranking-5.0,9,32,256,0.4,1.0,az_good.ckpt,az_good.ckpt,212,15
28,epsilon-ranking-5.0,9,32,256,0.0,1.0,az_good.ckpt,az_good.ckpt,227,2
13,epsilon-ranking-5.0,9,32,256,0.2666,1.0,az_good.ckpt,az_good.ckpt,240,5
25,epsilon-ranking-5.0,9,32,256,0.5333,1.0,az_good.ckpt,az_good.ckpt,161,4
1,epsilon-ranking-5.0,9,32,256,0.7,1.0,az_good.ckpt,az_good.ckpt,109,12
24,epsilon-ranking-5.0,9,32,256,0.7333,1.0,az_good.ckpt,az_good.ckpt,135,23
4,epsilon-ranking-5.0,9,32,256,0.7333,1.0,az_good.ckpt,az_good.ckpt,162,17
9,epsilon-ranking-5.0,9,32,256,0.1666,1.0,az_good.ckpt,az_good.ckpt,222,4
17,epsilon-ranking-5.0,9,32,256,0.9333,1.0,az_good.ckpt,az_good.ckpt,26,7
28,epsilon-ranking-5.0,9,32,256,0.6666,1.0,az_good.ckpt,az_good.ckpt,211,13
19,epsilon-ranking-5.0,9,32,256,0.7,1.0,az_good.ckpt,az_good.ckpt,161,21
28,epsilon-ranking-5.0,9,32,256,0.9333,1.0,az_good.ckpt,az_good.ckpt,46,1
1,epsilon-ranking-5.0,9,32,256,0.9,1.0,az_good.ckpt,az_good.ckpt,10,3
20,epsilon-ranking-5.0,9,32,256,0.9666,1.0,az_good.ckpt,az_good.ckpt,8,28
24,epsilon-ranking-5.0,9,32,256,0.1,1.0,az_good.ckpt,az_good.ckpt,237,3
1,epsilon-ranking-5.0,9,32,256,0.4333,1.0,az_good.ckpt,az_good.ckpt,200,12
9,epsilon-ranking-5.0,9,32,256,0.6,1.0,az_good.ckpt,az_good.ckpt,152,7
22,epsilon-ranking-5.0,9,32,256,0.6666,1.0,az_good.ckpt,az_good.ckpt,154,8
10,epsilon-ranking-5.0,9,32,256,0.8333,1.0,az_good.ckpt,az_good.ckpt,10,0
10,epsilon-ranking-5.0,9,32,256,0.8666,1.0,az_good.ckpt,az_good.ckpt,8,2
5,epsilon-ranking-5.0,9,32,256,0.1333,1.0,az_good.ckpt,az_good.ckpt,238,2
16,epsilon-ranking-5.0,9,32,256,0.4666,1.0,az_good.ckpt,az_good.ckpt,218,10
6,epsilon-ranking-5.0,9,32,256,0.4666,1.0,az_good.ckpt,az_good.ckpt,187,3
7,epsilon-ranking-5.0,9,32,256,0.0666,1.0,az_good.ckpt,az_good.ckpt,241,4
26,epsilon-ranking-5.0,9,32,256,0.5666,1.0,az_good.ckpt,az_good.ckpt,166,5
21,epsilon-ranking-5.0,9,32,256,0.9333,1.0,az_good.ckpt,az_good.ckpt,2,1
9,epsilon-ranking-5.0,9,32,256,0.0,1.0,az_good.ckpt,az_good.ckpt,227,1
2,epsilon-ranking-5.0,9,32,256,0.7666,1.0,az_good.ckpt,az_good.ckpt,17,3
3,epsilon-ranking-5.0,9,32,256,0.8333,1.0,az_good.ckpt,az_good.ckpt,134,16
21,epsilon-ranking-5.0,9,32,256,0.4,1.0,az_good.ckpt,az_good.ckpt,207,15
3,epsilon-ranking-5.0,9,32,256,0.2,1.0,az_good.ckpt,az_good.ckpt,214,3
11,epsilon-ranking-5.0,9,32,256,1.0,1.0,az_good.ckpt,az_good.ckpt,4,2
12,epsilon-ranking-5.0,9,32,256,1.0,1.0,az_good.ckpt,az_good.ckpt,87,6
28,epsilon-ranking-5.0,9,32,256,0.3,1.0,az_good.ckpt,az_good.ckpt,210,8
12,epsilon-ranking-5.0,9,32,256,0.7333,1.0,az_good.ckpt,az_good.ckpt,157,17
19,epsilon-ranking-5.0,9,32,256,0.8333,1.0,az_good.ckpt,az_good.ckpt,161,14
30,epsilon-ranking-5.0,9,32,256,0.8,1.0,az_good.ckpt,az_good.ckpt,79,5
7,epsilon-ranking-5.0,9,32,256,0.6666,1.0,az_good.ckpt,az_good.ckpt,156,12
27,epsilon-ranking-5.0,9,32,256,1.0,1.0,az_good.ckpt,az_good.ckpt,6,7
5,epsilon-ranking-5.0,9,32,256,0.8,1.0,az_good.ckpt,az_good.ckpt,117,14
16,epsilon-ranking-5.0,9,32,256,0.8,1.0,az_good.ckpt,az_good.ckpt,177,13
6,epsilon-ranking-5.0,9,32,256,0.2333,1.0,az_good.ckpt,az_good.ckpt,214,7
13,epsilon-ranking-5.0,9,32,256,0.5333,1.0,az_good.ckpt,az_good.ckpt,205,13
25,epsilon-ranking-5.0,9,32,256,0.2666,1.0,az_good.ckpt,az_good.ckpt,237,8
25,epsilon-ranking-5.0,9,32,256,0.4,1.0,az_good.ckpt,az_good.ckpt,209,6
29,epsilon-ranking-5.0,9,32,256,0.2,1.0,az_good.ckpt,az_good.ckpt,240,5
6,epsilon-ranking-5.0,9,32,256,0.9,1.0,az_good.ckpt,az_good.ckpt,128,17
4,epsilon-ranking-5.0,9,32,256,0.0666,1.0,az_good.ckpt,az_good.ckpt,248,0
3,epsilon-ranking-5.0,9,32,256,0.6,1.0,az_good.ckpt,az_good.ckpt,195,5
16,epsilon-ranking-5.0,9,32,256,0.2,1.0,az_good.ckpt,az_good.ckpt,225,3
20,epsilon-ranking-5.0,9,32,256,0.4,1.0,az_good.ckpt,az_good.ckpt,211,7
2,epsilon-ranking-5.0,9,32,256,0.7,1.0,az_good.ckpt,az_good.ckpt,176,17
3,epsilon-ranking-5.0,9,32,256,0.4333,1.0,az_good.ckpt,az_good.ckpt,185,8
23,epsilon-ranking-5.0,9,32,256,0.9666,1.0,az_good.ckpt,az_good.ckpt,46,19
4,epsilon-ranking-5.0,9,32,256,0.5666,1.0,az_good.ckpt,az_good.ckpt,189,9
5,epsilon-ranking-5.0,9,32,256,0.7666,1.0,az_good.ckpt,az_good.ckpt,185,15
4,epsilon-ranking-5.0,9,32,256,0.3333,1.0,az_good.ckpt,az_good.ckpt,212,5
20,epsilon-ranking-5.0,9,32,256,0.0333,1.0,az_good.ckpt,az_good.ckpt,249,2
6,epsilon-ranking-5.0,9,32,256,0.8666,1.0,az_good.ckpt,az_good.ckpt,130,23
12,epsilon-ranking-5.0,9,32,256,0.5,1.0,az_good.ckpt,az_good.ckpt,158,11
24,epsilon-ranking-5.0,9,32,256,0.7,1.0,az_good.ckpt,az_good.ckpt,107,7
29,epsilon-ranking-5.0,9,32,256,0.0666,1.0,az_good.ckpt,az_good.ckpt,249,10
23,epsilon-ranking-5.0,9,32,256,0.4,1.0,az_good.ckpt,az_good.ckpt,201,9
10,epsilon-ranking-5.0,9,32,256,0.6666,1.0,az_good.ckpt,az_good.ckpt,153,8
7,epsilon-ranking-5.0,9,32,256,0.7666,1.0,az_good.ckpt,az_good.ckpt,177,22
1,epsilon-ranking-5.0,9,32,256,0.6,1.0,az_good.ckpt,az_good.ckpt,144,24
11,epsilon-ranking-5.0,9,32,256,0.1333,1.0,az_good.ckpt,az_good.ckpt,236,0
15,epsilon-ranking-5.0,9,32,256,0.3333,1.0,az_good.ckpt,az_good.ckpt,203,14
14,epsilon-ranking-5.0,9,32,256,0.8,1.0,az_good.ckpt,az_good.ckpt,72,17
30,epsilon-ranking-5.0,9,32,256,0.0,1.0,az_good.ckpt,az_good.ckpt,230,3
17,epsilon-ranking-5.0,9,32,256,0.6666,1.0,az_good.ckpt,az_good.ckpt,135,18
17,epsilon-ranking-5.0,9,32,256,0.9,1.0,az_good.ckpt,az_good.ckpt,14,16
18,epsilon-ranking-5.0,9,32,256,0.8333,1.0,az_good.ckpt,az_good.ckpt,61,17
24,epsilon-ranking-5.0,9,32,256,0.9666,1.0,az_good.ckpt,az_good.ckpt,25,18
24,epsilon-ranking-5.0,9,32,256,0.5,1.0,az_good.ckpt,az_good.ckpt,198,6
3,epsilon-ranking-5.0,9,32,256,0.1666,1.0,az_good.ckpt,az_good.ckpt,240,2
6,epsilon-ranking-5.0,9,32,256,0.0666,1.0,az_good.ckpt,az_good.ckpt,250,4
19,epsilon-ranking-5.0,9,32,256,0.4333,1.0,az_good.ckpt,az_good.ckpt,193,6
20,epsilon-ranking-5.0,9,32,256,0.1,1.0,az_good.ckpt,az_good.ckpt,232,2
20,epsilon-ranking-5.0,9,32,256,0.2,1.0,az_good.ckpt,az_good.ckpt,235,4
8,epsilon-ranking-5.0,9,32,256,0.0333,1.0,az_good.ckpt,az_good.ckpt,246,2
8,epsilon-ranking-5.0,9,32,256,0.4666,1.0,az_good.ckpt,az_good.ckpt,196,6
19,epsilon-ranking-5.0,9,32,256,0.3666,1.0,az_good.ckpt,az_good.ckpt,198,6
6,epsilon-ranking-5.0,9,32,256,0.0,1.0,az_good.ckpt,az_good.ckpt,225,3
3,epsilon-ranking-5.0,9,32,256,0.2666,1.0,az_good.ckpt,az_good.ckpt,219,6
10,epsilon-ranking-5.0,9,32,256,0.9666,1.0,az_good.ckpt,az_good.ckpt,6,7
12,epsilon-ranking-5.0,9,32,256,0.0666,1.0,az_good.ckpt,az_good.ckpt,247,6
13,epsilon-ranking-5.0,9,32,256,0.5666,1.0,az_good.ckpt,az_good.ckpt,194,10
29,epsilon-ranking-5.0,9,32,256,0.0333,1.0,az_good.ckpt,az_good.ckpt,249,1
10,epsilon-ranking-5.0,9,32,256,0.7666,1.0,az_good.ckpt,az_good.ckpt,59,0
6,epsilon-ranking-5.0,9,32,256,0.6333,1.0,az_good.ckpt,az_good.ckpt,157,12
3,epsilon-ranking-5.0,9,32,256,0.3333,1.0,az_good.ckpt,az_good.ckpt,225,8
29,epsilon-ranking-5.0,9,32,256,0.9333,1.0,az_good.ckpt,az_good.ckpt,27,7
9,epsilon-ranking-5.0,9,32,256,0.4666,1.0,az_good.ckpt,az_good.ckpt,201,8
2,epsilon-ranking-5.0,9,32,256,0.5333,1.0,az_good.ckpt,az_good.ckpt,190,8
3,epsilon-ranking-5.0,9,32,256,0.6333,1.0,az_good.ckpt,az_good.ckpt,144,6
18,epsilon-ranking-5.0,9,32,256,0.2,1.0,az_good.ckpt,az_good.ckpt,243,6
24,epsilon-ranking-5.0,9,32,256,0.0333,1.0,az_good.ckpt,az_good.ckpt,239,4
28,epsilon-ranking-5.0,9,32,256,0.9,1.0,az_good.ckpt,az_good.ckpt,77,7
2,epsilon-ranking-5.0,9,32,256,0.9,1.0,az_good.ckpt,az_good.ckpt,101,15
7,epsilon-ranking-5.0,9,32,256,0.8,1.0,az_good.ckpt,az_good.ckpt,130,16
21,epsilon-ranking-5.0,9,32,256,0.0333,1.0,az_good.ckpt,az_good.ckpt,250,6
20,epsilon-ranking-5.0,9,32,256,0.3333,1.0,az_good.ckpt,az_good.ckpt,236,6
25,epsilon-ranking-5.0,9,32,256,0.8333,1.0,az_good.ckpt,az_good.ckpt,143,1
11,epsilon-ranking-5.0,9,32,256,0.2333,1.0,az_good.ckpt,az_good.ckpt,225,4
16,epsilon-ranking-5.0,9,32,256,0.3,1.0,az_good.ckpt,az_good.ckpt,233,3
3,epsilon-ranking-5.0,9,32,256,0.5,1.0,az_good.ckpt,az_good.ckpt,172,20
10,epsilon-ranking-5.0,9,32,256,0.4,1.0,az_good.ckpt,az_good.ckpt,205,13
28,epsilon-ranking-5.0,9,32,256,0.5333,1.0,az_good.ckpt,az_good.ckpt,190,11
17,epsilon-ranking-5.0,9,32,256,1.0,1.0,az_good.ckpt,az_good.ckpt,2,14
11,epsilon-ranking-5.0,9,32,256,0.4333,1.0,az_good.ckpt,az_good.ckpt,194,8
8,epsilon-ranking-5.0,9,32,256,0.0,1.0,az_good.ckpt,az_good.ckpt,244,0
27,epsilon-ranking-5.0,9,32,256,0.2666,1.0,az_good.ckpt,az_good.ckpt,214,5
27,epsilon-ranking-5.0,9,32,256,0.9333,1.0,az_good.ckpt,az_good.ckpt,100,5
30,epsilon-ranking-5.0,9,32,256,0.7,1.0,az_good.ckpt,az_good.ckpt,168,5
12,epsilon-ranking-5.0,9,32,256,0.9333,1.0,az_good.ckpt,az_good.ckpt,94,14
6,epsilon-ranking-5.0,9,32,256,0.3,1.0,az_good.ckpt,az_good.ckpt,208,4
27,epsilon-ranking-5.0,9,32,256,0.3,1.0,az_good.ckpt,az_good.ckpt,188,4
29,epsilon-ranking-5.0,9,32,256,0.7333,1.0,az_good.ckpt,az_good.ckpt,160,8
8,epsilon-ranking-5.0,9,32,256,0.6,1.0,az_good.ckpt,az_good.ckpt,178,3
16,epsilon-ranking-5.0,9,32,256,0.1,1.0,az_good.ckpt,az_good.ckpt,246,6
7,epsilon-ranking-5.0,9,32,256,0.0,1.0,az_good.ckpt,az_good.ckpt,235,2
19,epsilon-ranking-5.0,9,32,256,0.6666,1.0,az_good.ckpt,az_good.ckpt,185,15
21,epsilon-ranking-5.0,9,32,256,0.5,1.0,az_good.ckpt,az_good.ckpt,194,13
30,epsilon-ranking-5.0,9,32,256,0.2,1.0,az_good.ckpt,az_good.ckpt,229,7
3,epsilon-ranking-5.0,9,32,256,0.0333,1.0,az_good.ckpt,az_good.ckpt,223,3
21,epsilon-ranking-5.0,9,32,256,0.0666,1.0,az_good.ckpt,az_good.ckpt,250,2
19,epsilon-ranking-5.0,9,32,256,0.1,1.0,az_good.ckpt,az_good.ckpt,241,2
19,epsilon-ranking-5.0,9,32,256,0.4666,1.0,az_good.ckpt,az_good.ckpt,168,10
6,epsilon-ranking-5.0,9,32,256,0.2,1.0,az_good.ckpt,az_good.ckpt,228,7
23,epsilon-ranking-5.0,9,32,256,0.8333,1.0,az_good.ckpt,az_good.ckpt,174,13
27,epsilon-ranking-5.0,9,32,256,0.1666,1.0,az_good.ckpt,az_good.ckpt,234,7
25,epsilon-ranking-5.0,9,32,256,0.0333,1.0,az_good.ckpt,az_good.ckpt,250,4
20,epsilon-ranking-5.0,9,32,256,0.8333,1.0,az_good.ckpt,az_good.ckpt,55,10
14,epsilon-ranking-5.0,9,32,256,0.1666,1.0,az_good.ckpt,az_good.ckpt,224,7
18,epsilon-ranking-5.0,9,32,256,0.3666,1.0,az_good.ckpt,az_good.ckpt,218,12
28,epsilon-ranking-5.0,9,32,256,0.2666,1.0,az_good.ckpt,az_good.ckpt,222,6
13,epsilon-ranking-5.0,9,32,256,1.0,1.0,az_good.ckpt,az_good.ckpt,5,12
4,epsilon-ranking-5.0,9,32,256,0.6,1.0,az_good.ckpt,az_good.ckpt,179,5
21,epsilon-ranking-5.0,9,32,256,0.8666,1.0,az_good.ckpt,az_good.ckpt,6,1
30,epsilon-ranking-5.0,9,32,256,0.5,1.0,az_good.ckpt,az_good.ckpt,196,7
4,epsilon-ranking-5.0,9,32,256,0.8,1.0,az_good.ckpt,az_good.ckpt,135,16
11,epsilon-ranking-5.0,9,32,256,0.1666,1.0,az_good.ckpt,az_good.ckpt,220,3
7,epsilon-ranking-5.0,9,32,256,0.3666,1.0,az_good.ckpt,az_good.ckpt,224,8
18,epsilon-ranking-5.0,9,32,256,0.3333,1.0,az_good.ckpt,az_good.ckpt,214,2
6,epsilon-ranking-5.0,9,32,256,0.5333,1.0,az_good.ckpt,az_good.ckpt,177,16
18,epsilon-ranking-5.0,9,32,256,0.7,1.0,az_good.ckpt,az_good.ckpt,187,11
10,epsilon-ranking-5.0,9,32,256,0.5,1.0,az_good.ckpt,az_good.ckpt,205,8
15,epsilon-ranking-5.0,9,32,256,0.0,1.0,az_good.ckpt,az_good.ckpt,243,0
28,epsilon-ranking-5.0,9,32,256,0.4,1.0,az_good.ckpt,az_good.ckpt,203,10
13,epsilon-ranking-5.0,9,32,256,0.6666,1.0,az_good.ckpt,az_good.ckpt,177,8
23,epsilon-ranking-5.0,9,32,256,0.8,1.0,az_good.ckpt,az_good.ckpt,145,6
20,epsilon-ranking-5.0,9,32,256,0.3666,1.0,az_good.ckpt,az_good.ckpt,194,8
19,epsilon-ranking-5.0,9,32,256,0.3,1.0,az_good.ckpt,az_good.ckpt,228,2
21,epsilon-ranking-5.0,9,32,256,0.1,1.0,az_good.ckpt,az_good.ckpt,247,5
13,epsilon-ranking-5.0,9,32,256,0.2333,1.0,az_good.ckpt,az_good.ckpt,231,5
26,epsilon-ranking-5.0,9,32,256,0.3666,1.0,az_good.ckpt,az_good.ckpt,205,15
2,epsilon-ranking-5.0,9,32,256,0.3333,1.0,az_good.ckpt,az_good.ckpt,215,6
18,epsilon-ranking-5.0,9,32,256,0.0,1.0,az_good.ckpt,az_good.ckpt,245,2
10,epsilon-ranking-5.0,9,32,256,0.1,1.0,az_good.ckpt,az_good.ckpt,239,3
9,epsilon-ranking-5.0,9,32,256,0.3666,1.0,az_good.ckpt,az_good.ckpt,199,3
23,epsilon-ranking-5.0,9,32,256,0.0,1.0,az_good.ckpt,az_good.ckpt,230,0
25,epsilon-ranking-5.0,9,32,256,0.7666,1.0,az_good.ckpt,az_good.ckpt,155,9
7,epsilon-ranking-5.0,9,32,256,0.8333,1.0,az_good.ckpt,az_good.ckpt,110,19
17,epsilon-ranking-5.0,9,32,256,0.6333,1.0,az_good.ckpt,az_good.ckpt,174,16
7,epsilon-ranking-5.0,9,32,256,0.3,1.0,az_good.ckpt,az_good.ckpt,213,6
22,epsilon-ranking-5.0,9,32,256,0.2,1.0,az_good.ckpt,az_good.ckpt,227,7
10,epsilon-ranking-5.0,9,32,256,0.6333,1.0,az_good.ckpt,az_good.ckpt,185,18
24,epsilon-ranking-5.0,9,32,256,0.2333,1.0,az_good.ckpt,az_good.ckpt,229,3
13,epsilon-ranking-5.0,9,32,256,0.8666,1.0,az_good.ckpt,az_good.ckpt,62,12
9,epsilon-ranking-5.0,9,32,256,0.6333,1.0,az_good.ckpt,az_good.ckpt,211,12
9,epsilon-ranking-5.0,9,32,256,0.9333,1.0,az_good.ckpt,az_good.ckpt,38,10
8,epsilon-ranking-5.0,9,32,256,0.3,1.0,az_good.ckpt,az_good.ckpt,223,6
29,epsilon-ranking-5.0,9,32,256,0.6666,1.0,az_good.ckpt,az_good.ckpt,190,20
13,epsilon-ranking-5.0,9,32,256,0.4333,1.0,az_good.ckpt,az_good.ckpt,191,8
10,epsilon-ranking-5.0,9,32,256,0.1333,1.0,az_good.ckpt,az_good.ckpt,225,13
15,epsilon-ranking-5.0,9,32,256,0.6666,1.0,az_good.ckpt,az_good.ckpt,188,16
25,epsilon-ranking-5.0,9,32,256,0.2333,1.0,az_good.ckpt,az_good.ckpt,215,8
16,epsilon-ranking-5.0,9,32,256,0.5333,1.0,az_good.ckpt,az_good.ckpt,181,11
14,epsilon-ranking-5.0,9,32,256,0.2333,1.0,az_good.ckpt,az_good.ckpt,225,5
24,epsilon-ranking-5.0,9,32,256,0.3333,1.0,az_good.ckpt,az_good.ckpt,210,4
21,epsilon-ranking-5.0,9,32,256,0.2,1.0,az_good.ckpt,az_good.ckpt,227,2
5,epsilon-ranking-5.0,9,32,256,0.2666,1.0,az_good.ckpt,az_good.ckpt,187,8
20,epsilon-ranking-5.0,9,32,256,0.4333,1.0,az_good.ckpt,az_good.ckpt,173,2
1,epsilon-ranking-5.0,9,32,256,0.1333,1.0,az_good.ckpt,az_good.ckpt,236,5
6,epsilon-ranking-5.0,9,32,256,0.1333,1.0,az_good.ckpt,az_good.ckpt,232,6
2,epsilon-ranking-5.0,9,32,256,0.4666,1.0,az_good.ckpt,az_good.ckpt,233,11
3,epsilon-ranking-5.0,9,32,256,0.5333,1.0,az_good.ckpt,az_good.ckpt,178,10
17,epsilon-ranking-5.0,9,32,256,0.3333,1.0,az_good.ckpt,az_good.ckpt,207,6
15,epsilon-ranking-5.0,9,32,256,0.7666,1.0,az_good.ckpt,az_good.ckpt,161,12
24,epsilon-ranking-5.0,9,32,256,0.8,1.0,az_good.ckpt,az_good.ckpt,97,8
9,epsilon-ranking-5.0,9,32,256,0.0666,1.0,az_good.ckpt,az_good.ckpt,238,4
28,epsilon-ranking-5.0,9,32,256,0.7,1.0,az_good.ckpt,az_good.ckpt,144,15
12,epsilon-ranking-5.0,9,32,256,0.2,1.0,az_good.ckpt,az_good.ckpt,227,11
2,epsilon-ranking-5.0,9,32,256,0.2333,1.0,az_good.ckpt,az_good.ckpt,220,7
4,epsilon-ranking-5.0,9,32,256,0.8333,1.0,az_good.ckpt,az_good.ckpt,110,17
22,epsilon-ranking-5.0,9,32,256,0.2666,1.0,az_good.ckpt,az_good.ckpt,234,7
20,epsilon-ranking-5.0,9,32,256,0.2666,1.0,az_good.ckpt,az_good.ckpt,221,4
2,epsilon-ranking-5.0,9,32,256,0.8333,1.0,az_good.ckpt,az_good.ckpt,31,8
19,epsilon-ranking-5.0,9,32,256,0.9333,1.0,az_good.ckpt,az_good.ckpt,8,1
13,epsilon-ranking-5.0,9,32,256,0.1,1.0,az_good.ckpt,az_good.ckpt,244,0
8,epsilon-ranking-5.0,9,32,256,0.3333,1.0,az_good.ckpt,az_good.ckpt,203,8
22,epsilon-ranking-5.0,9,32,256,0.1333,1.0,az_good.ckpt,az_good.ckpt,233,6
27,epsilon-ranking-5.0,9,32,256,0.0333,1.0,az_good.ckpt,az_good.ckpt,249,4
1,epsilon-ranking-5.0,9,32,256,0.2333,1.0,az_good.ckpt,az_good.ckpt,222,6
30,epsilon-ranking-5.0,9,32,256,0.3666,1.0,az_good.ckpt,az_good.ckpt,212,3
21,epsilon-ranking-5.0,9,32,256,0.6666,1.0,az_good.ckpt,az_good.ckpt,206,17
2,epsilon-ranking-5.0,9,32,256,0.2666,1.0,az_good.ckpt,az_good.ckpt,231,6
27,epsilon-ranking-5.0,9,32,256,0.6333,1.0,az_good.ckpt,az_good.ckpt,161,16
26,epsilon-ranking-5.0,9,32,256,1.0,1.0,az_good.ckpt,az_good.ckpt,5,4
9,epsilon-ranking-5.0,9,32,256,0.1,1.0,az_good.ckpt,az_good.ckpt,237,3
8,epsilon-ranking-5.0,9,32,256,0.8666,1.0,az_good.ckpt,az_good.ckpt,114,17
4,epsilon-ranking-5.0,9,32,256,0.5,1.0,az_good.ckpt,az_good.ckpt,169,9
3,epsilon-ranking-5.0,9,32,256,0.7666,1.0,az_good.ckpt,az_good.ckpt,101,14
23,epsilon-ranking-5.0,9,32,256,0.6,1.0,az_good.ckpt,az_good.ckpt,184,7
4,epsilon-ranking-5.0,9,32,256,0.9666,1.0,az_good.ckpt,az_good.ckpt,59,9
3,epsilon-ranking-5.0,9,32,256,0.5666,1.0,az_good.ckpt,az_good.ckpt,201,15
2,epsilon-ranking-5.0,9,32,256,0.5,1.0,az_good.ckpt,az_good.ckpt,207,6
22,epsilon-ranking-5.0,9,32,256,0.0666,1.0,az_good.ckpt,az_good.ckpt,248,4
29,epsilon-ranking-5.0,9,32,256,0.3333,1.0,az_good.ckpt,az_good.ckpt,217,2
12,epsilon-ranking-5.0,9,32,256,0.1,1.0,az_good.ckpt,az_good.ckpt,249,0
30,epsilon-ranking-5.0,9,32,256,0.4333,1.0,az_good.ckpt,az_good.ckpt,190,5
28,epsilon-ranking-5.0,9,32,256,0.8333,1.0,az_good.ckpt,az_good.ckpt,48,21
29,epsilon-ranking-5.0,9,32,256,0.4666,1.0,az_good.ckpt,az_good.ckpt,192,8
25,epsilon-ranking-5.0,9,32,256,0.6666,1.0,az_good.ckpt,az_good.ckpt,187,15
5,epsilon-ranking-5.0,9,32,256,0.9,1.0,az_good.ckpt,az_good.ckpt,142,16
25,epsilon-ranking-5.0,9,32,256,0.6333,1.0,az_good.ckpt,az_good.ckpt,184,5
4,epsilon-ranking-5.0,9,32,256,0.0,1.0,az_good.ckpt,az_good.ckpt,215,2
21,epsilon-ranking-5.0,9,32,256,0.6,1.0,az_good.ckpt,az_good.ckpt,165,16
6,epsilon-ranking-5.0,9,32,256,0.9333,1.0,az_good.ckpt,az_good.ckpt,73,16
9,epsilon-ranking-5.0,9,32,256,0.8666,1.0,az_good.ckpt,az_good.ckpt,76,7
5,epsilon-ranking-5.0,9,32,256,0.5,1.0,az_good.ckpt,az_good.ckpt,217,4
5,epsilon-ranking-5.0,9,32,256,0.9333,1.0,az_good.ckpt,az_good.ckpt,32,39
23,epsilon-ranking-5.0,9,32,256,0.9,1.0,az_good.ckpt,az_good.ckpt,40,6
13,epsilon-ranking-5.0,9,32,256,0.7666,1.0,az_good.ckpt,az_good.ckpt,181,9
30,epsilon-ranking-5.0,9,32,256,0.0666,1.0,az_good.ckpt,az_good.ckpt,250,3
9,epsilon-ranking-5.0,9,32,256,0.8,1.0,az_good.ckpt,az_good.ckpt,148,19
17,epsilon-ranking-5.0,9,32,256,0.9666,1.0,az_good.ckpt,az_good.ckpt,2,7
10,epsilon-ranking-5.0,9,32,256,0.3666,1.0,az_good.ckpt,az_good.ckpt,199,5
30,epsilon-ranking-5.0,9,32,256,0.8666,1.0,az_good.ckpt,az_good.ckpt,22,13
6,epsilon-ranking-5.0,9,32,256,0.8,1.0,az_good.ckpt,az_good.ckpt,93,11
25,epsilon-ranking-5.0,9,32,256,0.8,1.0,az_good.ckpt,az_good.ckpt,181,9
22,epsilon-ranking-5.0,9,32,256,0.4333,1.0,az_good.ckpt,az_good.ckpt,214,6
10,epsilon-ranking-5.0,9,32,256,0.8,1.0,az_good.ckpt,az_good.ckpt,46,2
29,epsilon-ranking-5.0,9,32,256,0.0,1.0,az_good.ckpt,az_good.ckpt,231,4
17,epsilon-ranking-5.0,9,32,256,0.8,1.0,az_good.ckpt,az_good.ckpt,25,21
27,epsilon-ranking-5.0,9,32,256,0.5333,1.0,az_good.ckpt,az_good.ckpt,206,8
11,epsilon-ranking-5.0,9,32,256,0.0,1.0,az_good.ckpt,az_good.ckpt,239,0
28,epsilon-ranking-5.0,9,32,256,0.4333,1.0,az_good.ckpt,az_good.ckpt,196,6
25,epsilon-ranking-5.0,9,32,256,0.0666,1.0,az_good.ckpt,az_good.ckpt,241,8
19,epsilon-ranking-5.0,9,32,256,0.2666,1.0,az_good.ckpt,az_good.ckpt,211,12
16,epsilon-ranking-5.0,9,32,256,0.1666,1.0,az_good.ckpt,az_good.ckpt,239,3
25,epsilon-ranking-5.0,9,32,256,0.1,1.0,az_good.ckpt,az_good.ckpt,243,7
17,epsilon-ranking-5.0,9,32,256,0.0,1.0,az_good.ckpt,az_good.ckpt,248,7
14,epsilon-ranking-5.0,9,32,256,0.5333,1.0,az_good.ckpt,az_good.ckpt,186,7
12,epsilon-ranking-5.0,9,32,256,0.0,1.0,az_good.ckpt,az_good.ckpt,239,2
21,epsilon-ranking-5.0,9,32,256,0.0,1.0,az_good.ckpt,az_good.ckpt,239,2
28,epsilon-ranking-5.0,9,32,256,0.2,1.0,az_good.ckpt,az_good.ckpt,226,5
14,epsilon-ranking-5.0,9,32,256,0.3666,1.0,az_good.ckpt,az_good.ckpt,204,6
5,epsilon-ranking-5.0,9,32,256,1.0,1.0,az_good.ckpt,az_good.ckpt,18,5
15,epsilon-ranking-5.0,9,32,256,0.6,1.0,az_good.ckpt,az_good.ckpt,178,8
22,epsilon-ranking-5.0,9,32,256,0.5666,1.0,az_good.ckpt,az_good.ckpt,194,16
12,epsilon-ranking-5.0,9,32,256,0.2666,1.0,az_good.ckpt,az_good.ckpt,219,12
27,epsilon-ranking-5.0,9,32,256,0.5666,1.0,az_good.ckpt,az_good.ckpt,175,9
6,epsilon-ranking-5.0,9,32,256,0.6666,1.0,az_good.ckpt,az_good.ckpt,179,14
19,epsilon-ranking-5.0,9,32,256,0.8,1.0,az_good.ckpt,az_good.ckpt,185,14
27,epsilon-ranking-5.0,9,32,256,0.7666,1.0,az_good.ckpt,az_good.ckpt,174,3
16,epsilon-ranking-5.0,9,32,256,0.6333,1.0,az_good.ckpt,az_good.ckpt,195,7
18,epsilon-ranking-5.0,9,32,256,0.0333,1.0,az_good.ckpt,az_good.ckpt,252,3
28,epsilon-ranking-5.0,9,32,256,0.6,1.0,az_good.ckpt,az_good.ckpt,189,10
11,epsilon-ranking-5.0,9,32,256,0.4,1.0,az_good.ckpt,az_good.ckpt,195,6
11,epsilon-ranking-5.0,9,32,256,0.3666,1.0,az_good.ckpt,az_good.ckpt,214,11
23,epsilon-ranking-5.0,9,32,256,0.1666,1.0,az_good.ckpt,az_good.ckpt,230,8
30,epsilon-ranking-5.0,9,32,256,0.6666,1.0,az_good.ckpt,az_good.ckpt,188,13
4,epsilon-ranking-5.0,9,32,256,0.6666,1.0,az_good.ckpt,az_good.ckpt,128,13
11,epsilon-ranking-5.0,9,32,256,0.3,1.0,az_good.ckpt,az_good.ckpt,211,8
21,epsilon-ranking-5.0,9,32,256,0.5666,1.0,az_good.ckpt,az_good.ckpt,173,6
16,epsilon-ranking-5.0,9,32,256,0.9333,1.0,az_good.ckpt,az_good.ckpt,116,28
6,epsilon-ranking-5.0,9,32,256,0.5666,1.0,az_good.ckpt,az_good.ckpt,155,4
30,epsilon-ranking-5.0,9,32,256,0.5333,1.0,az_good.ckpt,az_good.ckpt,196,11
26,epsilon-ranking-5.0,9,32,256,0.8,1.0,az_good.ckpt,az_good.ckpt,40,2
25,epsilon-ranking-5.0,9,32,256,0.0,1.0,az_good.ckpt,az_good.ckpt,238,1
29,epsilon-ranking-5.0,9,32,256,0.5333,1.0,az_good.ckpt,az_good.ckpt,206,7
27,epsilon-ranking-5.0,9,32,256,0.7333,1.0,az_good.ckpt,az_good.ckpt,117,6
15,epsilon-ranking-5.0,9,32,256,0.2333,1.0,az_good.ckpt,az_good.ckpt,215,4
20,epsilon-ranking-5.0,9,32,256,0.6333,1.0,az_good.ckpt,az_good.ckpt,166,7
23,epsilon-ranking-5.0,9,32,256,0.9333,1.0,az_good.ckpt,az_good.ckpt,30,9
8,epsilon-ranking-5.0,9,32,256,0.9333,1.0,az_good.ckpt,az_good.ckpt,16,11
23,epsilon-ranking-5.0,9,32,256,0.0666,1.0,az_good.ckpt,az_good.ckpt,241,4
30,epsilon-ranking-5.0,9,32,256,0.1,1.0,az_good.ckpt,az_good.ckpt,250,0
21,epsilon-ranking-5.0,9,32,256,0.5333,1.0,az_good.ckpt,az_good.ckpt,201,16
23,epsilon-ranking-5.0,9,32,256,0.5,1.0,az_good.ckpt,az_good.ckpt,219,11
26,epsilon-ranking-5.0,9,32,256,0.2333,1.0,az_good.ckpt,az_good.ckpt,228,11
16,epsilon-ranking-5.0,9,32,256,0.5,1.0,az_good.ckpt,az_good.ckpt,220,10
13,epsilon-ranking-5.0,9,32,256,0.0,1.0,az_good.ckpt,az_good.ckpt,238,1
23,epsilon-ranking-5.0,9,32,256,0.5666,1.0,az_good.ckpt,az_good.ckpt,178,10
18,epsilon-ranking-5.0,9,32,256,0.9666,1.0,az_good.ckpt,az_good.ckpt,3,7
14,epsilon-ranking-5.0,9,32,256,0.4666,1.0,az_good.ckpt,az_good.ckpt,186,2
15,epsilon-ranking-5.0,9,32,256,0.9666,1.0,az_good.ckpt,az_good.ckpt,51,8
24,epsilon-ranking-5.0,9,32,256,0.3666,1.0,az_good.ckpt,az_good.ckpt,186,4
8,epsilon-ranking-5.0,9,32,256,0.7,1.0,az_good.ckpt,az_good.ckpt,194,13
26,epsilon-ranking-5.0,9,32,256,0.0,1.0,az_good.ckpt,az_good.ckpt,244,2
30,epsilon-ranking-5.0,9,32,256,0.6,1.0,az_good.ckpt,az_good.ckpt,188,15
27,epsilon-ranking-5.0,9,32,256,0.4666,1.0,az_good.ckpt,az_good.ckpt,166,7
20,epsilon-ranking-5.0,9,32,256,0.3,1.0,az_good.ckpt,az_good.ckpt,212,1
3,epsilon-ranking-5.0,9,32,256,0.8,1.0,az_good.ckpt,az_good.ckpt,83,15
30,epsilon-ranking-5.0,9,32,256,0.9,1.0,az_good.ckpt,az_good.ckpt,81,12
23,epsilon-ranking-5.0,9,32,256,0.1,1.0,az_good.ckpt,az_good.ckpt,234,13
2,epsilon-ranking-5.0,9,32,256,0.4333,1.0,az_good.ckpt,az_good.ckpt,193,12
8,epsilon-ranking-5.0,9,32,256,0.8,1.0,az_good.ckpt,az_good.ckpt,127,6
12,epsilon-ranking-5.0,9,32,256,0.6666,1.0,az_good.ckpt,az_good.ckpt,151,18
6,epsilon-ranking-5.0,9,32,256,0.3666,1.0,az_good.ckpt,az_good.ckpt,192,21
13,epsilon-ranking-5.0,9,32,256,0.8333,1.0,az_good.ckpt,az_good.ckpt,42,30
10,epsilon-ranking-5.0,9,32,256,1.0,1.0,az_good.ckpt,az_good.ckpt,0,9
6,epsilon-ranking-5.0,9,32,256,0.3333,1.0,az_good.ckpt,az_good.ckpt,210,5
30,epsilon-ranking-5.0,9,32,256,0.4666,1.0,az_good.ckpt,az_good.ckpt,186,8
19,epsilon-ranking-5.0,9,32,256,0.4,1.0,az_good.ckpt,az_good.ckpt,192,4
4,epsilon-ranking-5.0,9,32,256,0.3,1.0,az_good.ckpt,az_good.ckpt,213,11
4,epsilon-ranking-5.0,9,32,256,0.4333,1.0,az_good.ckpt,az_good.ckpt,187,11
24,epsilon-ranking-5.0,9,32,256,0.0666,1.0,az_good.ckpt,az_good.ckpt,243,5
16,epsilon-ranking-5.0,9,32,256,0.5666,1.0,az_good.ckpt,az_good.ckpt,203,9
19,epsilon-ranking-5.0,9,32,256,0.2,1.0,az_good.ckpt,az_good.ckpt,224,4
21,epsilon-ranking-5.0,9,32,256,0.1666,1.0,az_good.ckpt,az_good.ckpt,239,2
26,epsilon-ranking-5.0,9,32,256,0.7,1.0,az_good.ckpt,az_good.ckpt,122,10
29,epsilon-ranking-5.0,9,32,256,0.9666,1.0,az_good.ckpt,az_good.ckpt,13,4
22,epsilon-ranking-5.0,9,32,256,0.7,1.0,az_good.ckpt,az_good.ckpt,175,18
28,epsilon-ranking-5.0,9,32,256,0.5666,1.0,az_good.ckpt,az_good.ckpt,227,17
15,epsilon-ranking-5.0,9,32,256,0.4666,1.0,az_good.ckpt,az_good.ckpt,192,7
6,epsilon-ranking-5.0,9,32,256,0.9666,1.0,az_good.ckpt,az_good.ckpt,33,26
22,epsilon-ranking-5.0,9,32,256,0.9,1.0,az_good.ckpt,az_good.ckpt,23,4
12,epsilon-ranking-5.0,9,32,256,0.8,1.0,az_good.ckpt,az_good.ckpt,165,23
26,epsilon-ranking-5.0,9,32,256,0.7333,1.0,az_good.ckpt,az_good.ckpt,185,14
26,epsilon-ranking-5.0,9,32,256,0.4666,1.0,az_good.ckpt,az_good.ckpt,202,16
15,epsilon-ranking-5.0,9,32,256,0.6333,1.0,az_good.ckpt,az_good.ckpt,213,14
8,epsilon-ranking-5.0,9,32,256,0.7666,1.0,az_good.ckpt,az_good.ckpt,158,14
11,epsilon-ranking-5.0,9,32,256,0.5666,1.0,az_good.ckpt,az_good.ckpt,184,12
17,epsilon-ranking-5.0,9,32,256,0.8333,1.0,az_good.ckpt,az_good.ckpt,45,23
4,epsilon-ranking-5.0,9,32,256,0.8666,1.0,az_good.ckpt,az_good.ckpt,119,23
12,epsilon-ranking-5.0,9,32,256,0.2333,1.0,az_good.ckpt,az_good.ckpt,221,3
16,epsilon-ranking-5.0,9,32,256,0.7666,1.0,az_good.ckpt,az_good.ckpt,205,11
21,epsilon-ranking-5.0,9,32,256,0.2666,1.0,az_good.ckpt,az_good.ckpt,222,7
28,epsilon-ranking-5.0,9,32,256,0.9666,1.0,az_good.ckpt,az_good.ckpt,19,3
16,epsilon-ranking-5.0,9,32,256,0.6666,1.0,az_good.ckpt,az_good.ckpt,186,10
18,epsilon-ranking-5.0,9,32,256,0.1333,1.0,az_good.ckpt,az_good.ckpt,224,5
27,epsilon-ranking-5.0,9,32,256,0.8666,1.0,az_good.ckpt,az_good.ckpt,177,18
1,epsilon-ranking-5.0,9,32,256,0.7333,1.0,az_good.ckpt,az_good.ckpt,72,8
10,epsilon-ranking-5.0,9,32,256,0.0,1.0,az_good.ckpt,az_good.ckpt,242,1
16,epsilon-ranking-5.0,9,32,256,0.1333,1.0,az_good.ckpt,az_good.ckpt,240,7
7,epsilon-ranking-5.0,9,32,256,0.2666,1.0,az_good.ckpt,az_good.ckpt,223,8
13,epsilon-ranking-5.0,9,32,256,0.6333,1.0,az_good.ckpt,az_good.ckpt,170,15
4,epsilon-ranking-5.0,9,32,256,0.1333,1.0,az_good.ckpt,az_good.ckpt,241,6
19,epsilon-ranking-5.0,9,32,256,0.7666,1.0,az_good.ckpt,az_good.ckpt,90,16
24,epsilon-ranking-5.0,9,32,256,0.9333,1.0,az_good.ckpt,az_good.ckpt,59,16
1,epsilon-ranking-5.0,9,32,256,0.6666,1.0,az_good.ckpt,az_good.ckpt,23,7
26,epsilon-ranking-5.0,9,32,256,0.3,1.0,az_good.ckpt,az_good.ckpt,209,4
2,epsilon-ranking-5.0,9,32,256,0.0,1.0,az_good.ckpt,az_good.ckpt,243,1
23,epsilon-ranking-5.0,9,32,256,0.4333,1.0,az_good.ckpt,az_good.ckpt,190,6
22,epsilon-ranking-5.0,9,32,256,0.6333,1.0,az_good.ckpt,az_good.ckpt,195,12
23,epsilon-ranking-5.0,9,32,256,0.5333,1.0,az_good.ckpt,az_good.ckpt,219,10
16,epsilon-ranking-5.0,9,32,256,0.3666,1.0,az_good.ckpt,az_good.ckpt,217,5
14,epsilon-ranking-5.0,9,32,256,0.4,1.0,az_good.ckpt,az_good.ckpt,193,10
7,epsilon-ranking-5.0,9,32,256,0.6,1.0,az_good.ckpt,az_good.ckpt,194,14
20,epsilon-ranking-5.0,9,32,256,0.5,1.0,az_good.ckpt,az_good.ckpt,198,11
14,epsilon-ranking-5.0,9,32,256,0.1,1.0,az_good.ckpt,az_good.ckpt,243,2
12,epsilon-ranking-5.0,9,32,256,0.3,1.0,az_good.ckpt,az_good.ckpt,223,6
22,epsilon-ranking-5.0,9,32,256,0.6,1.0,az_good.ckpt,az_good.ckpt,188,10
22,epsilon-ranking-5.0,9,32,256,1.0,1.0,az_good.ckpt,az_good.ckpt,8,12
26,epsilon-ranking-5.0,9,32,256,0.9333,1.0,az_good.ckpt,az_good.ckpt,6,4
16,epsilon-ranking-5.0,9,32,256,1.0,1.0,az_good.ckpt,az_good.ckpt,7,6
10,epsilon-ranking-5.0,9,32,256,0.2666,1.0,az_good.ckpt,az_good.ckpt,219,9
19,epsilon-ranking-5.0,9,32,256,0.8666,1.0,az_good.ckpt,az_good.ckpt,150,17
11,epsilon-ranking-5.0,9,32,256,0.6666,1.0,az_good.ckpt,az_good.ckpt,150,17
12,epsilon-ranking-5.0,9,32,256,0.6,1.0,az_good.ckpt,az_good.ckpt,180,7
11,epsilon-ranking-5.0,9,32,256,0.0666,1.0,az_good.ckpt,az_good.ckpt,251,2
16,epsilon-ranking-5.0,9,32,256,0.9,1.0,az_good.ckpt,az_good.ckpt,61,16
4,epsilon-ranking-5.0,9,32,256,0.2,1.0,az_good.ckpt,az_good.ckpt,234,4
21,epsilon-ranking-5.0,9,32,256,0.8333,1.0,az_good.ckpt,az_good.ckpt,32,14
30,epsilon-ranking-5.0,9,32,256,0.9666,1.0,az_good.ckpt,az_good.ckpt,10,29
9,epsilon-ranking-5.0,9,32,256,1.0,1.0,az_good.ckpt,az_good.ckpt,16,12
2,epsilon-ranking-5.0,9,32,256,0.1,1.0,az_good.ckpt,az_good.ckpt,244,1
7,epsilon-ranking-5.0,9,32,256,0.5666,1.0,az_good.ckpt,az_good.ckpt,162,3
20,epsilon-ranking-5.0,9,32,256,0.9333,1.0,az_good.ckpt,az_good.ckpt,51,5
1,epsilon-ranking-5.0,9,32,256,0.3,1.0,az_good.ckpt,az_good.ckpt,198,8
3,epsilon-ranking-5.0,9,32,256,0.2333,1.0,az_good.ckpt,az_good.ckpt,219,3
29,epsilon-ranking-5.0,9,32,256,0.3,1.0,az_good.ckpt,az_good.ckpt,209,6
26,epsilon-ranking-5.0,9,32,256,0.3333,1.0,az_good.ckpt,az_good.ckpt,208,6
7,epsilon-ranking-5.0,9,32,256,0.3333,1.0,az_good.ckpt,az_good.ckpt,226,6
12,epsilon-ranking-5.0,9,32,256,0.7666,1.0,az_good.ckpt,az_good.ckpt,109,28
22,epsilon-ranking-5.0,9,32,256,0.0333,1.0,az_good.ckpt,az_good.ckpt,250,2
5,epsilon-ranking-5.0,9,32,256,0.6666,1.0,az_good.ckpt,az_good.ckpt,137,7
2,epsilon-ranking-5.0,9,32,256,0.3666,1.0,az_good.ckpt,az_good.ckpt,227,9
26,epsilon-ranking-5.0,9,32,256,0.5,1.0,az_good.ckpt,az_good.ckpt,221,12
12,epsilon-ranking-5.0,9,32,256,0.5666,1.0,az_good.ckpt,az_good.ckpt,206,24
24,epsilon-ranking-5.0,9,32,256,0.4,1.0,az_good.ckpt,az_good.ckpt,218,7
29,epsilon-ranking-5.0,9,32,256,1.0,1.0,az_good.ckpt,az_good.ckpt,2,3
24,epsilon-ranking-5.0,9,32,256,0.6666,1.0,az_good.ckpt,az_good.ckpt,175,13
7,epsilon-ranking-5.0,9,32,256,0.5333,1.0,az_good.ckpt,az_good.ckpt,198,11
5,epsilon-ranking-5.0,9,32,256,0.4333,1.0,az_good.ckpt,az_good.ckpt,192,3
8,epsilon-ranking-5.0,9,32,256,0.1,1.0,az_good.ckpt,az_good.ckpt,252,4
17,epsilon-ranking-5.0,9,32,256,0.8666,1.0,az_good.ckpt,az_good.ckpt,48,38
4,epsilon-ranking-5.0,9,32,256,0.4,1.0,az_good.ckpt,az_good.ckpt,192,2
2,epsilon-ranking-5.0,9,32,256,0.8666,1.0,az_good.ckpt,az_good.ckpt,91,15
12,epsilon-ranking-5.0,9,32,256,0.8666,1.0,az_good.ckpt,az_good.ckpt,101,13
9,epsilon-ranking-5.0,9,32,256,0.6666,1.0,az_good.ckpt,az_good.ckpt,160,16
4,epsilon-ranking-5.0,9,32,256,0.9,1.0,az_good.ckpt,az_good.ckpt,74,19
20,epsilon-ranking-5.0,9,32,256,0.7333,1.0,az_good.ckpt,az_good.ckpt,129,11
18,epsilon-ranking-5.0,9,32,256,0.0666,1.0,az_good.ckpt,az_good.ckpt,252,1
28,epsilon-ranking-5.0,9,32,256,0.7333,1.0,az_good.ckpt,az_good.ckpt,107,14
7,epsilon-ranking-5.0,9,32,256,0.7333,1.0,az_good.ckpt,az_good.ckpt,145,8
22,epsilon-ranking-5.0,9,32,256,0.7333,1.0,az_good.ckpt,az_good.ckpt,108,3
3,epsilon-ranking-5.0,9,32,256,0.6666,1.0,az_good.ckpt,az_good.ckpt,135,11
11,epsilon-ranking-5.0,9,32,256,0.2,1.0,az_good.ckpt,az_good.ckpt,212,5
28,epsilon-ranking-5.0,9,32,256,0.0333,1.0,az_good.ckpt,az_good.ckpt,254,3
18,epsilon-ranking-5.0,9,32,256,0.8666,1.0,az_good.ckpt,az_good.ckpt,27,10
13,epsilon-ranking-5.0,9,32,256,0.9666,1.0,az_good.ckpt,az_good.ckpt,28,12
6,epsilon-ranking-5.0,9,32,256,0.5,1.0,az_good.ckpt,az_good.ckpt,185,14
11,epsilon-ranking-5.0,9,32,256,0.8,1.0,az_good.ckpt,az_good.ckpt,82,17
24,epsilon-ranking-5.0,9,32,256,0.5666,1.0,az_good.ckpt,az_good.ckpt,198,7
25,epsilon-ranking-5.0,9,32,256,0.7333,1.0,az_good.ckpt,az_good.ckpt,157,24
14,epsilon-ranking-5.0,9,32,256,0.9666,1.0,az_good.ckpt,az_good.ckpt,10,5
20,epsilon-ranking-5.0,9,32,256,0.2333,1.0,az_good.ckpt,az_good.ckpt,232,7
26,epsilon-ranking-5.0,9,32,256,0.6666,1.0,az_good.ckpt,az_good.ckpt,179,20
11,epsilon-ranking-5.0,9,32,256,0.7,1.0,az_good.ckpt,az_good.ckpt,153,12
9,epsilon-ranking-5.0,9,32,256,0.5333,1.0,az_good.ckpt,az_good.ckpt,161,15
19,epsilon-ranking-5.0,9,32,256,0.9666,1.0,az_good.ckpt,az_good.ckpt,11,7
16,epsilon-ranking-10.0,9,32,256,0.0,1.0,az_good.ckpt,az_good.ckpt,234,1
14,epsilon-ranking-10.0,9,32,256,0.9,1.0,az_good.ckpt,az_good.ckpt,31,26
4,epsilon-ranking-10.0,9,32,256,0.9,1.0,az_good.ckpt,az_good.ckpt,74,19
11,epsilon-ranking-10.0,9,32,256,0.8,1.0,az_good.ckpt,az_good.ckpt,82,17
10,epsilon-ranking-10.0,9,32,256,0.7666,1.0,az_good.ckpt,az_good.ckpt,59,0
3,epsilon-ranking-10.0,9,32,256,0.7666,1.0,az_good.ckpt,az_good.ckpt,101,14
21,epsilon-ranking-10.0,9,32,256,0.4333,1.0,az_good.ckpt,az_good.ckpt,198,7
26,epsilon-ranking-10.0,9,32,256,0.8666,1.0,az_good.ckpt,az_good.ckpt,45,25
10,epsilon-ranking-10.0,9,32,256,0.2,1.0,az_good.ckpt,az_good.ckpt,228,5
10,epsilon-ranking-10.0,9,32,256,0.5,1.0,az_good.ckpt,az_good.ckpt,202,10
10,epsilon-ranking-10.0,9,32,256,0.4,1.0,az_good.ckpt,az_good.ckpt,210,5
3,epsilon-ranking-10.0,9,32,256,0.5,1.0,az_good.ckpt,az_good.ckpt,168,16
6,epsilon-ranking-10.0,9,32,256,0.0666,1.0,az_good.ckpt,az_good.ckpt,251,2
7,epsilon-ranking-10.0,9,32,256,0.1666,1.0,az_good.ckpt,az_good.ckpt,227,2
25,epsilon-ranking-10.0,9,32,256,0.5666,1.0,az_good.ckpt,az_good.ckpt,206,7
8,epsilon-ranking-10.0,9,32,256,0.1333,1.0,az_good.ckpt,az_good.ckpt,245,2
18,epsilon-ranking-10.0,9,32,256,0.1666,1.0,az_good.ckpt,az_good.ckpt,228,4
29,epsilon-ranking-10.0,9,32,256,0.2666,1.0,az_good.ckpt,az_good.ckpt,231,6
13,epsilon-ranking-10.0,9,32,256,0.0333,1.0,az_good.ckpt,az_good.ckpt,249,2
16,epsilon-ranking-10.0,9,32,256,0.6,1.0,az_good.ckpt,az_good.ckpt,218,13
7,epsilon-ranking-10.0,9,32,256,0.1,1.0,az_good.ckpt,az_good.ckpt,248,1
25,epsilon-ranking-10.0,9,32,256,0.2333,1.0,az_good.ckpt,az_good.ckpt,227,6
12,epsilon-ranking-10.0,9,32,256,0.8333,1.0,az_good.ckpt,az_good.ckpt,112,11
30,epsilon-ranking-10.0,9,32,256,0.5666,1.0,az_good.ckpt,az_good.ckpt,218,10
1,epsilon-ranking-10.0,9,32,256,0.8333,1.0,az_good.ckpt,az_good.ckpt,63,10
19,epsilon-ranking-10.0,9,32,256,0.2,1.0,az_good.ckpt,az_good.ckpt,239,7
1,epsilon-ranking-10.0,9,32,256,0.6666,1.0,az_good.ckpt,az_good.ckpt,28,6
15,epsilon-ranking-10.0,9,32,256,0.0333,1.0,az_good.ckpt,az_good.ckpt,246,4
24,epsilon-ranking-10.0,9,32,256,0.1666,1.0,az_good.ckpt,az_good.ckpt,225,11
20,epsilon-ranking-10.0,9,32,256,0.5,1.0,az_good.ckpt,az_good.ckpt,183,6
9,epsilon-ranking-10.0,9,32,256,0.4333,1.0,az_good.ckpt,az_good.ckpt,212,12
18,epsilon-ranking-10.0,9,32,256,0.3666,1.0,az_good.ckpt,az_good.ckpt,214,8
3,epsilon-ranking-10.0,9,32,256,0.9333,1.0,az_good.ckpt,az_good.ckpt,116,5
25,epsilon-ranking-10.0,9,32,256,0.0666,1.0,az_good.ckpt,az_good.ckpt,242,6
29,epsilon-ranking-10.0,9,32,256,0.6666,1.0,az_good.ckpt,az_good.ckpt,150,27
9,epsilon-ranking-10.0,9,32,256,0.5,1.0,az_good.ckpt,az_good.ckpt,184,19
23,epsilon-ranking-10.0,9,32,256,0.1666,1.0,az_good.ckpt,az_good.ckpt,243,5
14,epsilon-ranking-10.0,9,32,256,0.3666,1.0,az_good.ckpt,az_good.ckpt,217,5
1,epsilon-ranking-10.0,9,32,256,0.1666,1.0,az_good.ckpt,az_good.ckpt,222,3
6,epsilon-ranking-10.0,9,32,256,0.3666,1.0,az_good.ckpt,az_good.ckpt,181,6
13,epsilon-ranking-10.0,9,32,256,0.6333,1.0,az_good.ckpt,az_good.ckpt,159,6
3,epsilon-ranking-10.0,9,32,256,0.0666,1.0,az_good.ckpt,az_good.ckpt,241,5
13,epsilon-ranking-10.0,9,32,256,0.2333,1.0,az_good.ckpt,az_good.ckpt,215,7
19,epsilon-ranking-10.0,9,32,256,0.5,1.0,az_good.ckpt,az_good.ckpt,180,4
23,epsilon-ranking-10.0,9,32,256,0.1333,1.0,az_good.ckpt,az_good.ckpt,230,2
26,epsilon-ranking-10.0,9,32,256,1.0,1.0,az_good.ckpt,az_good.ckpt,5,4
23,epsilon-ranking-10.0,9,32,256,0.6333,1.0,az_good.ckpt,az_good.ckpt,115,24
13,epsilon-ranking-10.0,9,32,256,0.8,1.0,az_good.ckpt,az_good.ckpt,39,10
10,epsilon-ranking-10.0,9,32,256,0.0666,1.0,az_good.ckpt,az_good.ckpt,235,3
4,epsilon-ranking-10.0,9,32,256,0.8666,1.0,az_good.ckpt,az_good.ckpt,119,23
14,epsilon-ranking-10.0,9,32,256,0.2666,1.0,az_good.ckpt,az_good.ckpt,236,8
29,epsilon-ranking-10.0,9,32,256,0.4666,1.0,az_good.ckpt,az_good.ckpt,176,12
19,epsilon-ranking-10.0,9,32,256,0.1666,1.0,az_good.ckpt,az_good.ckpt,228,7
26,epsilon-ranking-10.0,9,32,256,0.7,1.0,az_good.ckpt,az_good.ckpt,143,10
4,epsilon-ranking-10.0,9,32,256,0.8,1.0,az_good.ckpt,az_good.ckpt,194,18
27,epsilon-ranking-10.0,9,32,256,0.1333,1.0,az_good.ckpt,az_good.ckpt,238,4
19,epsilon-ranking-10.0,9,32,256,0.4,1.0,az_good.ckpt,az_good.ckpt,213,14
24,epsilon-ranking-10.0,9,32,256,0.9333,1.0,az_good.ckpt,az_good.ckpt,59,16
12,epsilon-ranking-10.0,9,32,256,0.0333,1.0,az_good.ckpt,az_good.ckpt,252,3
19,epsilon-ranking-10.0,9,32,256,0.9,1.0,az_good.ckpt,az_good.ckpt,43,7
15,epsilon-ranking-10.0,9,32,256,0.0666,1.0,az_good.ckpt,az_good.ckpt,250,1
20,epsilon-ranking-10.0,9,32,256,0.1333,1.0,az_good.ckpt,az_good.ckpt,238,1
6,epsilon-ranking-10.0,9,32,256,0.3333,1.0,az_good.ckpt,az_good.ckpt,215,6
10,epsilon-ranking-10.0,9,32,256,0.7,1.0,az_good.ckpt,az_good.ckpt,195,22
6,epsilon-ranking-10.0,9,32,256,0.5666,1.0,az_good.ckpt,az_good.ckpt,189,11
28,epsilon-ranking-10.0,9,32,256,0.7666,1.0,az_good.ckpt,az_good.ckpt,143,13
4,epsilon-ranking-10.0,9,32,256,0.6666,1.0,az_good.ckpt,az_good.ckpt,184,12
17,epsilon-ranking-10.0,9,32,256,0.7333,1.0,az_good.ckpt,az_good.ckpt,113,20
30,epsilon-ranking-10.0,9,32,256,1.0,1.0,az_good.ckpt,az_good.ckpt,1,2
20,epsilon-ranking-10.0,9,32,256,0.9,1.0,az_good.ckpt,az_good.ckpt,92,12
22,epsilon-ranking-10.0,9,32,256,0.5333,1.0,az_good.ckpt,az_good.ckpt,213,12
9,epsilon-ranking-10.0,9,32,256,0.9,1.0,az_good.ckpt,az_good.ckpt,70,6
2,epsilon-ranking-10.0,9,32,256,0.9,1.0,az_good.ckpt,az_good.ckpt,101,15
23,epsilon-ranking-10.0,9,32,256,0.7666,1.0,az_good.ckpt,az_good.ckpt,142,6
27,epsilon-ranking-10.0,9,32,256,0.6666,1.0,az_good.ckpt,az_good.ckpt,156,19
16,epsilon-ranking-10.0,9,32,256,0.2333,1.0,az_good.ckpt,az_good.ckpt,227,6
10,epsilon-ranking-10.0,9,32,256,0.0,1.0,az_good.ckpt,az_good.ckpt,242,1
20,epsilon-ranking-10.0,9,32,256,0.4,1.0,az_good.ckpt,az_good.ckpt,222,8
30,epsilon-ranking-10.0,9,32,256,0.9333,1.0,az_good.ckpt,az_good.ckpt,33,17
24,epsilon-ranking-10.0,9,32,256,0.9,1.0,az_good.ckpt,az_good.ckpt,19,2
8,epsilon-ranking-10.0,9,32,256,0.5666,1.0,az_good.ckpt,az_good.ckpt,167,8
12,epsilon-ranking-10.0,9,32,256,0.6666,1.0,az_good.ckpt,az_good.ckpt,149,18
8,epsilon-ranking-10.0,9,32,256,0.0,1.0,az_good.ckpt,az_good.ckpt,244,0
13,epsilon-ranking-10.0,9,32,256,1.0,1.0,az_good.ckpt,az_good.ckpt,5,12
23,epsilon-ranking-10.0,9,32,256,0.8,1.0,az_good.ckpt,az_good.ckpt,145,6
2,epsilon-ranking-10.0,9,32,256,0.0666,1.0,az_good.ckpt,az_good.ckpt,247,4
5,epsilon-ranking-10.0,9,32,256,0.5,1.0,az_good.ckpt,az_good.ckpt,187,4
12,epsilon-ranking-10.0,9,32,256,1.0,1.0,az_good.ckpt,az_good.ckpt,87,6
28,epsilon-ranking-10.0,9,32,256,0.6333,1.0,az_good.ckpt,az_good.ckpt,183,17
22,epsilon-ranking-10.0,9,32,256,0.7,1.0,az_good.ckpt,az_good.ckpt,173,17
30,epsilon-ranking-10.0,9,32,256,0.2666,1.0,az_good.ckpt,az_good.ckpt,225,7
26,epsilon-ranking-10.0,9,32,256,0.2666,1.0,az_good.ckpt,az_good.ckpt,224,8
12,epsilon-ranking-10.0,9,32,256,0.2333,1.0,az_good.ckpt,az_good.ckpt,211,6
21,epsilon-ranking-10.0,9,32,256,0.6333,1.0,az_good.ckpt,az_good.ckpt,176,9
17,epsilon-ranking-10.0,9,32,256,0.0,1.0,az_good.ckpt,az_good.ckpt,248,7
13,epsilon-ranking-10.0,9,32,256,0.3666,1.0,az_good.ckpt,az_good.ckpt,223,4
23,epsilon-ranking-10.0,9,32,256,0.4333,1.0,az_good.ckpt,az_good.ckpt,198,5
5,epsilon-ranking-10.0,9,32,256,0.8333,1.0,az_good.ckpt,az_good.ckpt,79,16
16,epsilon-ranking-10.0,9,32,256,0.3333,1.0,az_good.ckpt,az_good.ckpt,231,9
5,epsilon-ranking-10.0,9,32,256,0.8,1.0,az_good.ckpt,az_good.ckpt,162,13
2,epsilon-ranking-10.0,9,32,256,0.3666,1.0,az_good.ckpt,az_good.ckpt,236,9
20,epsilon-ranking-10.0,9,32,256,0.9333,1.0,az_good.ckpt,az_good.ckpt,51,5
23,epsilon-ranking-10.0,9,32,256,0.7333,1.0,az_good.ckpt,az_good.ckpt,200,13
26,epsilon-ranking-10.0,9,32,256,0.5333,1.0,az_good.ckpt,az_good.ckpt,214,22
13,epsilon-ranking-10.0,9,32,256,0.1333,1.0,az_good.ckpt,az_good.ckpt,226,3
27,epsilon-ranking-10.0,9,32,256,0.1,1.0,az_good.ckpt,az_good.ckpt,239,2
24,epsilon-ranking-10.0,9,32,256,0.4,1.0,az_good.ckpt,az_good.ckpt,201,3
21,epsilon-ranking-10.0,9,32,256,0.8666,1.0,az_good.ckpt,az_good.ckpt,2,1
5,epsilon-ranking-10.0,9,32,256,1.0,1.0,az_good.ckpt,az_good.ckpt,18,5
21,epsilon-ranking-10.0,9,32,256,0.1,1.0,az_good.ckpt,az_good.ckpt,244,5
8,epsilon-ranking-10.0,9,32,256,0.8666,1.0,az_good.ckpt,az_good.ckpt,114,17
28,epsilon-ranking-10.0,9,32,256,0.7,1.0,az_good.ckpt,az_good.ckpt,109,14
7,epsilon-ranking-10.0,9,32,256,0.3666,1.0,az_good.ckpt,az_good.ckpt,212,6
16,epsilon-ranking-10.0,9,32,256,0.8,1.0,az_good.ckpt,az_good.ckpt,177,13
7,epsilon-ranking-10.0,9,32,256,0.9666,1.0,az_good.ckpt,az_good.ckpt,123,25
2,epsilon-ranking-10.0,9,32,256,0.4333,1.0,az_good.ckpt,az_good.ckpt,197,4
11,epsilon-ranking-10.0,9,32,256,0.9,1.0,az_good.ckpt,az_good.ckpt,62,13
4,epsilon-ranking-10.0,9,32,256,0.8333,1.0,az_good.ckpt,az_good.ckpt,133,11
22,epsilon-ranking-10.0,9,32,256,0.2666,1.0,az_good.ckpt,az_good.ckpt,214,5
15,epsilon-ranking-10.0,9,32,256,0.7,1.0,az_good.ckpt,az_good.ckpt,156,18
2,epsilon-ranking-10.0,9,32,256,0.2666,1.0,az_good.ckpt,az_good.ckpt,231,13
23,epsilon-ranking-10.0,9,32,256,0.3,1.0,az_good.ckpt,az_good.ckpt,207,1
17,epsilon-ranking-10.0,9,32,256,0.1666,1.0,az_good.ckpt,az_good.ckpt,224,4
23,epsilon-ranking-10.0,9,32,256,0.2,1.0,az_good.ckpt,az_good.ckpt,222,8
23,epsilon-ranking-10.0,9,32,256,0.9,1.0,az_good.ckpt,az_good.ckpt,40,6
29,epsilon-ranking-10.0,9,32,256,0.8666,1.0,az_good.ckpt,az_good.ckpt,75,10
30,epsilon-ranking-10.0,9,32,256,0.5,1.0,az_good.ckpt,az_good.ckpt,178,8
4,epsilon-ranking-10.0,9,32,256,0.4333,1.0,az_good.ckpt,az_good.ckpt,194,11
13,epsilon-ranking-10.0,9,32,256,0.6666,1.0,az_good.ckpt,az_good.ckpt,146,11
17,epsilon-ranking-10.0,9,32,256,0.5666,1.0,az_good.ckpt,az_good.ckpt,172,7
22,epsilon-ranking-10.0,9,32,256,0.1666,1.0,az_good.ckpt,az_good.ckpt,221,6
25,epsilon-ranking-10.0,9,32,256,0.9333,1.0,az_good.ckpt,az_good.ckpt,60,12
13,epsilon-ranking-10.0,9,32,256,0.4666,1.0,az_good.ckpt,az_good.ckpt,208,8
2,epsilon-ranking-10.0,9,32,256,0.2,1.0,az_good.ckpt,az_good.ckpt,225,5
22,epsilon-ranking-10.0,9,32,256,0.8333,1.0,az_good.ckpt,az_good.ckpt,15,2
27,epsilon-ranking-10.0,9,32,256,0.6,1.0,az_good.ckpt,az_good.ckpt,208,6
19,epsilon-ranking-10.0,9,32,256,0.8666,1.0,az_good.ckpt,az_good.ckpt,150,17
16,epsilon-ranking-10.0,9,32,256,0.3,1.0,az_good.ckpt,az_good.ckpt,219,7
16,epsilon-ranking-10.0,9,32,256,0.6666,1.0,az_good.ckpt,az_good.ckpt,183,14
22,epsilon-ranking-10.0,9,32,256,0.8666,1.0,az_good.ckpt,az_good.ckpt,155,14
27,epsilon-ranking-10.0,9,32,256,0.9333,1.0,az_good.ckpt,az_good.ckpt,100,5
22,epsilon-ranking-10.0,9,32,256,0.6333,1.0,az_good.ckpt,az_good.ckpt,202,10
3,epsilon-ranking-10.0,9,32,256,0.0333,1.0,az_good.ckpt,az_good.ckpt,251,3
27,epsilon-ranking-10.0,9,32,256,0.9,1.0,az_good.ckpt,az_good.ckpt,28,8
14,epsilon-ranking-10.0,9,32,256,0.7333,1.0,az_good.ckpt,az_good.ckpt,175,11
27,epsilon-ranking-10.0,9,32,256,0.7666,1.0,az_good.ckpt,az_good.ckpt,174,3
1,epsilon-ranking-10.0,9,32,256,0.3333,1.0,az_good.ckpt,az_good.ckpt,199,11
18,epsilon-ranking-10.0,9,32,256,0.5666,1.0,az_good.ckpt,az_good.ckpt,169,7
15,epsilon-ranking-10.0,9,32,256,0.1333,1.0,az_good.ckpt,az_good.ckpt,238,8
28,epsilon-ranking-10.0,9,32,256,0.3666,1.0,az_good.ckpt,az_good.ckpt,207,10
4,epsilon-ranking-10.0,9,32,256,0.4,1.0,az_good.ckpt,az_good.ckpt,195,6
9,epsilon-ranking-10.0,9,32,256,0.3333,1.0,az_good.ckpt,az_good.ckpt,202,9
15,epsilon-ranking-10.0,9,32,256,0.4,1.0,az_good.ckpt,az_good.ckpt,211,5
19,epsilon-ranking-10.0,9,32,256,0.4666,1.0,az_good.ckpt,az_good.ckpt,186,9
29,epsilon-ranking-10.0,9,32,256,0.0666,1.0,az_good.ckpt,az_good.ckpt,250,7
1,epsilon-ranking-10.0,9,32,256,0.4666,1.0,az_good.ckpt,az_good.ckpt,198,3
19,epsilon-ranking-10.0,9,32,256,0.7666,1.0,az_good.ckpt,az_good.ckpt,90,16
18,epsilon-ranking-10.0,9,32,256,0.6666,1.0,az_good.ckpt,az_good.ckpt,200,15
4,epsilon-ranking-10.0,9,32,256,0.7666,1.0,az_good.ckpt,az_good.ckpt,173,12
1,epsilon-ranking-10.0,9,32,256,0.0333,1.0,az_good.ckpt,az_good.ckpt,255,6
1,epsilon-ranking-10.0,9,32,256,0.0666,1.0,az_good.ckpt,az_good.ckpt,251,2
18,epsilon-ranking-10.0,9,32,256,0.3,1.0,az_good.ckpt,az_good.ckpt,216,6
6,epsilon-ranking-10.0,9,32,256,0.7333,1.0,az_good.ckpt,az_good.ckpt,85,25
12,epsilon-ranking-10.0,9,32,256,0.9,1.0,az_good.ckpt,az_good.ckpt,79,21
27,epsilon-ranking-10.0,9,32,256,0.5333,1.0,az_good.ckpt,az_good.ckpt,225,13
26,epsilon-ranking-10.0,9,32,256,0.4333,1.0,az_good.ckpt,az_good.ckpt,206,6
29,epsilon-ranking-10.0,9,32,256,0.3333,1.0,az_good.ckpt,az_good.ckpt,203,2
19,epsilon-ranking-10.0,9,32,256,0.2333,1.0,az_good.ckpt,az_good.ckpt,222,3
12,epsilon-ranking-10.0,9,32,256,0.4666,1.0,az_good.ckpt,az_good.ckpt,192,5
7,epsilon-ranking-10.0,9,32,256,0.7,1.0,az_good.ckpt,az_good.ckpt,109,7
24,epsilon-ranking-10.0,9,32,256,0.0,1.0,az_good.ckpt,az_good.ckpt,240,4
12,epsilon-ranking-10.0,9,32,256,0.0666,1.0,az_good.ckpt,az_good.ckpt,248,4
14,epsilon-ranking-10.0,9,32,256,0.6,1.0,az_good.ckpt,az_good.ckpt,182,23
6,epsilon-ranking-10.0,9,32,256,0.7666,1.0,az_good.ckpt,az_good.ckpt,203,15
28,epsilon-ranking-10.0,9,32,256,0.3,1.0,az_good.ckpt,az_good.ckpt,217,7
13,epsilon-ranking-10.0,9,32,256,0.9333,1.0,az_good.ckpt,az_good.ckpt,13,1
10,epsilon-ranking-10.0,9,32,256,0.1,1.0,az_good.ckpt,az_good.ckpt,235,5
25,epsilon-ranking-10.0,9,32,256,0.4,1.0,az_good.ckpt,az_good.ckpt,223,8
16,epsilon-ranking-10.0,9,32,256,0.0666,1.0,az_good.ckpt,az_good.ckpt,250,2
6,epsilon-ranking-10.0,9,32,256,0.4333,1.0,az_good.ckpt,az_good.ckpt,192,15
17,epsilon-ranking-10.0,9,32,256,0.5333,1.0,az_good.ckpt,az_good.ckpt,136,15
21,epsilon-ranking-10.0,9,32,256,0.1333,1.0,az_good.ckpt,az_good.ckpt,250,6
27,epsilon-ranking-10.0,9,32,256,0.0666,1.0,az_good.ckpt,az_good.ckpt,252,5
29,epsilon-ranking-10.0,9,32,256,0.5,1.0,az_good.ckpt,az_good.ckpt,178,13
24,epsilon-ranking-10.0,9,32,256,0.0666,1.0,az_good.ckpt,az_good.ckpt,249,2
25,epsilon-ranking-10.0,9,32,256,0.5,1.0,az_good.ckpt,az_good.ckpt,199,4
4,epsilon-ranking-10.0,9,32,256,0.6333,1.0,az_good.ckpt,az_good.ckpt,163,19
29,epsilon-ranking-10.0,9,32,256,1.0,1.0,az_good.ckpt,az_good.ckpt,2,3
15,epsilon-ranking-10.0,9,32,256,0.0,1.0,az_good.ckpt,az_good.ckpt,243,0
30,epsilon-ranking-10.0,9,32,256,0.5333,1.0,az_good.ckpt,az_good.ckpt,195,12
2,epsilon-ranking-10.0,9,32,256,1.0,1.0,az_good.ckpt,az_good.ckpt,11,12
18,epsilon-ranking-10.0,9,32,256,0.5,1.0,az_good.ckpt,az_good.ckpt,206,9
14,epsilon-ranking-10.0,9,32,256,0.7666,1.0,az_good.ckpt,az_good.ckpt,49,13
6,epsilon-ranking-10.0,9,32,256,0.9666,1.0,az_good.ckpt,az_good.ckpt,33,26
29,epsilon-ranking-10.0,9,32,256,0.9,1.0,az_good.ckpt,az_good.ckpt,134,36
6,epsilon-ranking-10.0,9,32,256,0.0333,1.0,az_good.ckpt,az_good.ckpt,249,3
2,epsilon-ranking-10.0,9,32,256,0.3333,1.0,az_good.ckpt,az_good.ckpt,229,4
13,epsilon-ranking-10.0,9,32,256,0.7666,1.0,az_good.ckpt,az_good.ckpt,188,18
7,epsilon-ranking-10.0,9,32,256,0.6,1.0,az_good.ckpt,az_good.ckpt,198,13
4,epsilon-ranking-10.0,9,32,256,1.0,1.0,az_good.ckpt,az_good.ckpt,62,7
10,epsilon-ranking-10.0,9,32,256,0.5666,1.0,az_good.ckpt,az_good.ckpt,189,16
8,epsilon-ranking-10.0,9,32,256,0.6,1.0,az_good.ckpt,az_good.ckpt,178,3
11,epsilon-ranking-10.0,9,32,256,0.3666,1.0,az_good.ckpt,az_good.ckpt,206,7
5,epsilon-ranking-10.0,9,32,256,0.2666,1.0,az_good.ckpt,az_good.ckpt,212,9
27,epsilon-ranking-10.0,9,32,256,0.1666,1.0,az_good.ckpt,az_good.ckpt,239,5
22,epsilon-ranking-10.0,9,32,256,0.5,1.0,az_good.ckpt,az_good.ckpt,196,8
6,epsilon-ranking-10.0,9,32,256,0.8333,1.0,az_good.ckpt,az_good.ckpt,131,16
20,epsilon-ranking-10.0,9,32,256,0.2666,1.0,az_good.ckpt,az_good.ckpt,221,5
12,epsilon-ranking-10.0,9,32,256,0.2666,1.0,az_good.ckpt,az_good.ckpt,218,2
4,epsilon-ranking-10.0,9,32,256,0.5666,1.0,az_good.ckpt,az_good.ckpt,187,9
6,epsilon-ranking-10.0,9,32,256,0.5333,1.0,az_good.ckpt,az_good.ckpt,176,13
9,epsilon-ranking-10.0,9,32,256,0.3666,1.0,az_good.ckpt,az_good.ckpt,202,4
30,epsilon-ranking-10.0,9,32,256,0.8666,1.0,az_good.ckpt,az_good.ckpt,22,13
22,epsilon-ranking-10.0,9,32,256,0.7666,1.0,az_good.ckpt,az_good.ckpt,10,1
20,epsilon-ranking-10.0,9,32,256,0.0,1.0,az_good.ckpt,az_good.ckpt,219,2
1,epsilon-ranking-10.0,9,32,256,0.9333,1.0,az_good.ckpt,az_good.ckpt,7,4
6,epsilon-ranking-10.0,9,32,256,0.9333,1.0,az_good.ckpt,az_good.ckpt,73,16
21,epsilon-ranking-10.0,9,32,256,0.3,1.0,az_good.ckpt,az_good.ckpt,220,4
3,epsilon-ranking-10.0,9,32,256,0.4666,1.0,az_good.ckpt,az_good.ckpt,186,12
19,epsilon-ranking-10.0,9,32,256,0.6666,1.0,az_good.ckpt,az_good.ckpt,185,15
29,epsilon-ranking-10.0,9,32,256,0.1333,1.0,az_good.ckpt,az_good.ckpt,249,3
6,epsilon-ranking-10.0,9,32,256,0.2666,1.0,az_good.ckpt,az_good.ckpt,201,7
19,epsilon-ranking-10.0,9,32,256,0.2666,1.0,az_good.ckpt,az_good.ckpt,233,4
17,epsilon-ranking-10.0,9,32,256,0.8333,1.0,az_good.ckpt,az_good.ckpt,27,26
26,epsilon-ranking-10.0,9,32,256,0.8333,1.0,az_good.ckpt,az_good.ckpt,69,14
16,epsilon-ranking-10.0,9,32,256,1.0,1.0,az_good.ckpt,az_good.ckpt,7,6
24,epsilon-ranking-10.0,9,32,256,0.2333,1.0,az_good.ckpt,az_good.ckpt,218,3
28,epsilon-ranking-10.0,9,32,256,0.4666,1.0,az_good.ckpt,az_good.ckpt,177,5
28,epsilon-ranking-10.0,9,32,256,0.7333,1.0,az_good.ckpt,az_good.ckpt,170,19
9,epsilon-ranking-10.0,9,32,256,0.0666,1.0,az_good.ckpt,az_good.ckpt,243,1
23,epsilon-ranking-10.0,9,32,256,0.0666,1.0,az_good.ckpt,az_good.ckpt,252,3
14,epsilon-ranking-10.0,9,32,256,0.3,1.0,az_good.ckpt,az_good.ckpt,225,11
5,epsilon-ranking-10.0,9,32,256,0.6666,1.0,az_good.ckpt,az_good.ckpt,137,7
1,epsilon-ranking-10.0,9,32,256,0.8,1.0,az_good.ckpt,az_good.ckpt,53,12
7,epsilon-ranking-10.0,9,32,256,0.8333,1.0,az_good.ckpt,az_good.ckpt,71,12
24,epsilon-ranking-10.0,9,32,256,1.0,1.0,az_good.ckpt,az_good.ckpt,162,18
15,epsilon-ranking-10.0,9,32,256,0.2,1.0,az_good.ckpt,az_good.ckpt,212,5
14,epsilon-ranking-10.0,9,32,256,0.4333,1.0,az_good.ckpt,az_good.ckpt,207,8
6,epsilon-ranking-10.0,9,32,256,0.3,1.0,az_good.ckpt,az_good.ckpt,197,7
21,epsilon-ranking-10.0,9,32,256,0.5666,1.0,az_good.ckpt,az_good.ckpt,175,13
14,epsilon-ranking-10.0,9,32,256,0.4,1.0,az_good.ckpt,az_good.ckpt,205,13
9,epsilon-ranking-10.0,9,32,256,0.1,1.0,az_good.ckpt,az_good.ckpt,245,1
20,epsilon-ranking-10.0,9,32,256,0.0333,1.0,az_good.ckpt,az_good.ckpt,247,1
12,epsilon-ranking-10.0,9,32,256,0.6,1.0,az_good.ckpt,az_good.ckpt,181,16
26,epsilon-ranking-10.0,9,32,256,0.1333,1.0,az_good.ckpt,az_good.ckpt,230,4
28,epsilon-ranking-10.0,9,32,256,0.1,1.0,az_good.ckpt,az_good.ckpt,248,4
19,epsilon-ranking-10.0,9,32,256,0.9666,1.0,az_good.ckpt,az_good.ckpt,11,7
13,epsilon-ranking-10.0,9,32,256,0.9666,1.0,az_good.ckpt,az_good.ckpt,28,12
14,epsilon-ranking-10.0,9,32,256,0.6666,1.0,az_good.ckpt,az_good.ckpt,205,16
15,epsilon-ranking-10.0,9,32,256,0.3,1.0,az_good.ckpt,az_good.ckpt,210,11
10,epsilon-ranking-10.0,9,32,256,0.9,1.0,az_good.ckpt,az_good.ckpt,82,6
2,epsilon-ranking-10.0,9,32,256,0.3,1.0,az_good.ckpt,az_good.ckpt,223,4
25,epsilon-ranking-10.0,9,32,256,1.0,1.0,az_good.ckpt,az_good.ckpt,7,6
16,epsilon-ranking-10.0,9,32,256,0.0333,1.0,az_good.ckpt,az_good.ckpt,251,1
13,epsilon-ranking-10.0,9,32,256,0.0666,1.0,az_good.ckpt,az_good.ckpt,252,1
13,epsilon-ranking-10.0,9,32,256,0.4,1.0,az_good.ckpt,az_good.ckpt,212,10
9,epsilon-ranking-10.0,9,32,256,0.7666,1.0,az_good.ckpt,az_good.ckpt,154,22
23,epsilon-ranking-10.0,9,32,256,0.3333,1.0,az_good.ckpt,az_good.ckpt,189,5
28,epsilon-ranking-10.0,9,32,256,0.9666,1.0,az_good.ckpt,az_good.ckpt,19,3
17,epsilon-ranking-10.0,9,32,256,0.0333,1.0,az_good.ckpt,az_good.ckpt,255,3
7,epsilon-ranking-10.0,9,32,256,0.5,1.0,az_good.ckpt,az_good.ckpt,193,9
9,epsilon-ranking-10.0,9,32,256,0.9333,1.0,az_good.ckpt,az_good.ckpt,38,10
9,epsilon-ranking-10.0,9,32,256,0.1666,1.0,az_good.ckpt,az_good.ckpt,228,4
3,epsilon-ranking-10.0,9,32,256,0.9666,1.0,az_good.ckpt,az_good.ckpt,10,11
12,epsilon-ranking-10.0,9,32,256,0.4333,1.0,az_good.ckpt,az_good.ckpt,207,4
12,epsilon-ranking-10.0,9,32,256,0.2,1.0,az_good.ckpt,az_good.ckpt,227,9
13,epsilon-ranking-10.0,9,32,256,0.3,1.0,az_good.ckpt,az_good.ckpt,203,5
29,epsilon-ranking-10.0,9,32,256,0.2,1.0,az_good.ckpt,az_good.ckpt,238,6
27,epsilon-ranking-10.0,9,32,256,0.8333,1.0,az_good.ckpt,az_good.ckpt,114,8
24,epsilon-ranking-10.0,9,32,256,0.4333,1.0,az_good.ckpt,az_good.ckpt,201,5
1,epsilon-ranking-10.0,9,32,256,0.2666,1.0,az_good.ckpt,az_good.ckpt,208,8
23,epsilon-ranking-10.0,9,32,256,0.1,1.0,az_good.ckpt,az_good.ckpt,249,4
7,epsilon-ranking-10.0,9,32,256,0.9333,1.0,az_good.ckpt,az_good.ckpt,138,29
12,epsilon-ranking-10.0,9,32,256,0.1,1.0,az_good.ckpt,az_good.ckpt,247,3
21,epsilon-ranking-10.0,9,32,256,0.5333,1.0,az_good.ckpt,az_good.ckpt,173,9
20,epsilon-ranking-10.0,9,32,256,0.3333,1.0,az_good.ckpt,az_good.ckpt,221,6
3,epsilon-ranking-10.0,9,32,256,0.9,1.0,az_good.ckpt,az_good.ckpt,126,18
4,epsilon-ranking-10.0,9,32,256,0.3333,1.0,az_good.ckpt,az_good.ckpt,204,8
8,epsilon-ranking-10.0,9,32,256,0.2333,1.0,az_good.ckpt,az_good.ckpt,229,10
18,epsilon-ranking-10.0,9,32,256,0.1333,1.0,az_good.ckpt,az_good.ckpt,234,2
21,epsilon-ranking-10.0,9,32,256,0.4,1.0,az_good.ckpt,az_good.ckpt,203,6
6,epsilon-ranking-10.0,9,32,256,0.2,1.0,az_good.ckpt,az_good.ckpt,207,8
20,epsilon-ranking-10.0,9,32,256,0.4666,1.0,az_good.ckpt,az_good.ckpt,213,12
16,epsilon-ranking-10.0,9,32,256,0.7,1.0,az_good.ckpt,az_good.ckpt,159,14
10,epsilon-ranking-10.0,9,32,256,0.1333,1.0,az_good.ckpt,az_good.ckpt,234,5
15,epsilon-ranking-10.0,9,32,256,0.5,1.0,az_good.ckpt,az_good.ckpt,212,9
7,epsilon-ranking-10.0,9,32,256,0.3333,1.0,az_good.ckpt,az_good.ckpt,208,8
3,epsilon-ranking-10.0,9,32,256,0.7,1.0,az_good.ckpt,az_good.ckpt,145,13
10,epsilon-ranking-10.0,9,32,256,0.8666,1.0,az_good.ckpt,az_good.ckpt,18,7
17,epsilon-ranking-10.0,9,32,256,0.8,1.0,az_good.ckpt,az_good.ckpt,25,21
1,epsilon-ranking-10.0,9,32,256,0.4,1.0,az_good.ckpt,az_good.ckpt,194,12
29,epsilon-ranking-10.0,9,32,256,0.0,1.0,az_good.ckpt,az_good.ckpt,231,4
19,epsilon-ranking-10.0,9,32,256,0.3,1.0,az_good.ckpt,az_good.ckpt,216,4
25,epsilon-ranking-10.0,9,32,256,0.2,1.0,az_good.ckpt,az_good.ckpt,226,6
15,epsilon-ranking-10.0,9,32,256,0.8,1.0,az_good.ckpt,az_good.ckpt,151,16
14,epsilon-ranking-10.0,9,32,256,0.0666,1.0,az_good.ckpt,az_good.ckpt,244,0
29,epsilon-ranking-10.0,9,32,256,0.5333,1.0,az_good.ckpt,az_good.ckpt,191,12
22,epsilon-ranking-10.0,9,32,256,0.3333,1.0,az_good.ckpt,az_good.ckpt,207,1
6,epsilon-ranking-10.0,9,32,256,0.7,1.0,az_good.ckpt,az_good.ckpt,134,8
2,epsilon-ranking-10.0,9,32,256,0.8666,1.0,az_good.ckpt,az_good.ckpt,91,15
20,epsilon-ranking-10.0,9,32,256,0.5666,1.0,az_good.ckpt,az_good.ckpt,226,9
26,epsilon-ranking-10.0,9,32,256,0.1666,1.0,az_good.ckpt,az_good.ckpt,224,2
23,epsilon-ranking-10.0,9,32,256,0.0333,1.0,az_good.ckpt,az_good.ckpt,247,6
17,epsilon-ranking-10.0,9,32,256,0.6,1.0,az_good.ckpt,az_good.ckpt,183,19
13,epsilon-ranking-10.0,9,32,256,0.2,1.0,az_good.ckpt,az_good.ckpt,236,8
18,epsilon-ranking-10.0,9,32,256,0.1,1.0,az_good.ckpt,az_good.ckpt,245,2
2,epsilon-ranking-10.0,9,32,256,0.4,1.0,az_good.ckpt,az_good.ckpt,197,9
28,epsilon-ranking-10.0,9,32,256,0.8333,1.0,az_good.ckpt,az_good.ckpt,48,21
13,epsilon-ranking-10.0,9,32,256,0.1,1.0,az_good.ckpt,az_good.ckpt,252,1
8,epsilon-ranking-10.0,9,32,256,0.3666,1.0,az_good.ckpt,az_good.ckpt,202,9
14,epsilon-ranking-10.0,9,32,256,1.0,1.0,az_good.ckpt,az_good.ckpt,5,65
12,epsilon-ranking-10.0,9,32,256,0.1333,1.0,az_good.ckpt,az_good.ckpt,230,7
26,epsilon-ranking-10.0,9,32,256,0.1,1.0,az_good.ckpt,az_good.ckpt,244,4
11,epsilon-ranking-10.0,9,32,256,0.0333,1.0,az_good.ckpt,az_good.ckpt,247,6
23,epsilon-ranking-10.0,9,32,256,0.4666,1.0,az_good.ckpt,az_good.ckpt,234,7
12,epsilon-ranking-10.0,9,32,256,0.9666,1.0,az_good.ckpt,az_good.ckpt,11,7
2,epsilon-ranking-10.0,9,32,256,0.7,1.0,az_good.ckpt,az_good.ckpt,170,17
26,epsilon-ranking-10.0,9,32,256,0.7333,1.0,az_good.ckpt,az_good.ckpt,185,14
18,epsilon-ranking-10.0,9,32,256,0.8,1.0,az_good.ckpt,az_good.ckpt,166,13
15,epsilon-ranking-10.0,9,32,256,0.7666,1.0,az_good.ckpt,az_good.ckpt,161,12
15,epsilon-ranking-10.0,9,32,256,0.8333,1.0,az_good.ckpt,az_good.ckpt,141,18
21,epsilon-ranking-10.0,9,32,256,0.7333,1.0,az_good.ckpt,az_good.ckpt,155,7
15,epsilon-ranking-10.0,9,32,256,0.7333,1.0,az_good.ckpt,az_good.ckpt,125,16
10,epsilon-ranking-10.0,9,32,256,0.5333,1.0,az_good.ckpt,az_good.ckpt,189,7
4,epsilon-ranking-10.0,9,32,256,0.7,1.0,az_good.ckpt,az_good.ckpt,185,10
26,epsilon-ranking-10.0,9,32,256,0.6333,1.0,az_good.ckpt,az_good.ckpt,185,16
14,epsilon-ranking-10.0,9,32,256,0.2333,1.0,az_good.ckpt,az_good.ckpt,226,10
29,epsilon-ranking-10.0,9,32,256,0.2333,1.0,az_good.ckpt,az_good.ckpt,207,8
8,epsilon-ranking-10.0,9,32,256,0.9,1.0,az_good.ckpt,az_good.ckpt,35,8
18,epsilon-ranking-10.0,9,32,256,0.9333,1.0,az_good.ckpt,az_good.ckpt,62,33
6,epsilon-ranking-10.0,9,32,256,0.5,1.0,az_good.ckpt,az_good.ckpt,183,13
21,epsilon-ranking-10.0,9,32,256,0.0666,1.0,az_good.ckpt,az_good.ckpt,246,2
19,epsilon-ranking-10.0,9,32,256,0.1333,1.0,az_good.ckpt,az_good.ckpt,244,4
11,epsilon-ranking-10.0,9,32,256,0.0666,1.0,az_good.ckpt,az_good.ckpt,243,4
26,epsilon-ranking-10.0,9,32,256,0.3,1.0,az_good.ckpt,az_good.ckpt,207,4
26,epsilon-ranking-10.0,9,32,256,0.4,1.0,az_good.ckpt,az_good.ckpt,199,8
1,epsilon-ranking-10.0,9,32,256,0.4333,1.0,az_good.ckpt,az_good.ckpt,212,10
23,epsilon-ranking-10.0,9,32,256,0.5666,1.0,az_good.ckpt,az_good.ckpt,179,10
6,epsilon-ranking-10.0,9,32,256,0.0,1.0,az_good.ckpt,az_good.ckpt,225,3
8,epsilon-ranking-10.0,9,32,256,0.8,1.0,az_good.ckpt,az_good.ckpt,33,8
11,epsilon-ranking-10.0,9,32,256,0.2333,1.0,az_good.ckpt,az_good.ckpt,233,3
2,epsilon-ranking-10.0,9,32,256,0.1,1.0,az_good.ckpt,az_good.ckpt,241,4
27,epsilon-ranking-10.0,9,32,256,0.7333,1.0,az_good.ckpt,az_good.ckpt,125,6
30,epsilon-ranking-10.0,9,32,256,0.0,1.0,az_good.ckpt,az_good.ckpt,230,3
24,epsilon-ranking-10.0,9,32,256,0.6666,1.0,az_good.ckpt,az_good.ckpt,175,13
9,epsilon-ranking-10.0,9,32,256,0.7333,1.0,az_good.ckpt,az_good.ckpt,153,29
20,epsilon-ranking-10.0,9,32,256,0.7666,1.0,az_good.ckpt,az_good.ckpt,128,13
24,epsilon-ranking-10.0,9,32,256,0.3666,1.0,az_good.ckpt,az_good.ckpt,184,6
2,epsilon-ranking-10.0,9,32,256,0.6,1.0,az_good.ckpt,az_good.ckpt,179,10
28,epsilon-ranking-10.0,9,32,256,0.8666,1.0,az_good.ckpt,az_good.ckpt,146,20
11,epsilon-ranking-10.0,9,32,256,0.7,1.0,az_good.ckpt,az_good.ckpt,130,14
20,epsilon-ranking-10.0,9,32,256,0.3666,1.0,az_good.ckpt,az_good.ckpt,215,7
5,epsilon-ranking-10.0,9,32,256,0.1333,1.0,az_good.ckpt,az_good.ckpt,243,7
11,epsilon-ranking-10.0,9,32,256,0.5333,1.0,az_good.ckpt,az_good.ckpt,195,11
26,epsilon-ranking-10.0,9,32,256,0.2333,1.0,az_good.ckpt,az_good.ckpt,212,3
26,epsilon-ranking-10.0,9,32,256,0.0,1.0,az_good.ckpt,az_good.ckpt,244,2
17,epsilon-ranking-10.0,9,32,256,0.4666,1.0,az_good.ckpt,az_good.ckpt,218,7
27,epsilon-ranking-10.0,9,32,256,0.5666,1.0,az_good.ckpt,az_good.ckpt,170,6
22,epsilon-ranking-10.0,9,32,256,0.4333,1.0,az_good.ckpt,az_good.ckpt,231,6
6,epsilon-ranking-10.0,9,32,256,0.8,1.0,az_good.ckpt,az_good.ckpt,128,13
12,epsilon-ranking-10.0,9,32,256,0.3333,1.0,az_good.ckpt,az_good.ckpt,227,8
6,epsilon-ranking-10.0,9,32,256,0.4,1.0,az_good.ckpt,az_good.ckpt,199,11
23,epsilon-ranking-10.0,9,32,256,0.2666,1.0,az_good.ckpt,az_good.ckpt,207,7
7,epsilon-ranking-10.0,9,32,256,0.5666,1.0,az_good.ckpt,az_good.ckpt,162,6
23,epsilon-ranking-10.0,9,32,256,0.0,1.0,az_good.ckpt,az_good.ckpt,230,0
22,epsilon-ranking-10.0,9,32,256,0.0333,1.0,az_good.ckpt,az_good.ckpt,253,3
21,epsilon-ranking-10.0,9,32,256,0.7666,1.0,az_good.ckpt,az_good.ckpt,163,11
2,epsilon-ranking-10.0,9,32,256,0.4666,1.0,az_good.ckpt,az_good.ckpt,194,5
9,epsilon-ranking-10.0,9,32,256,0.0,1.0,az_good.ckpt,az_good.ckpt,227,1
26,epsilon-ranking-10.0,9,32,256,0.9,1.0,az_good.ckpt,az_good.ckpt,14,4
12,epsilon-ranking-10.0,9,32,256,0.4,1.0,az_good.ckpt,az_good.ckpt,181,3
28,epsilon-ranking-10.0,9,32,256,0.1666,1.0,az_good.ckpt,az_good.ckpt,220,3
12,epsilon-ranking-10.0,9,32,256,0.5333,1.0,az_good.ckpt,az_good.ckpt,178,4
27,epsilon-ranking-10.0,9,32,256,0.8,1.0,az_good.ckpt,az_good.ckpt,178,21
2,epsilon-ranking-10.0,9,32,256,0.0,1.0,az_good.ckpt,az_good.ckpt,243,1
5,epsilon-ranking-10.0,9,32,256,0.3,1.0,az_good.ckpt,az_good.ckpt,190,5
3,epsilon-ranking-10.0,9,32,256,1.0,1.0,az_good.ckpt,az_good.ckpt,69,11
14,epsilon-ranking-10.0,9,32,256,0.8333,1.0,az_good.ckpt,az_good.ckpt,60,35
15,epsilon-ranking-10.0,9,32,256,0.8666,1.0,az_good.ckpt,az_good.ckpt,129,5
29,epsilon-ranking-10.0,9,32,256,0.7333,1.0,az_good.ckpt,az_good.ckpt,186,16
25,epsilon-ranking-10.0,9,32,256,0.8333,1.0,az_good.ckpt,az_good.ckpt,143,1
26,epsilon-ranking-10.0,9,32,256,0.0333,1.0,az_good.ckpt,az_good.ckpt,249,1
1,epsilon-ranking-10.0,9,32,256,0.1,1.0,az_good.ckpt,az_good.ckpt,252,3
20,epsilon-ranking-10.0,9,32,256,0.7,1.0,az_good.ckpt,az_good.ckpt,132,13
18,epsilon-ranking-10.0,9,32,256,0.7666,1.0,az_good.ckpt,az_good.ckpt,75,17
3,epsilon-ranking-10.0,9,32,256,0.4333,1.0,az_good.ckpt,az_good.ckpt,187,9
7,epsilon-ranking-10.0,9,32,256,0.2666,1.0,az_good.ckpt,az_good.ckpt,215,5
30,epsilon-ranking-10.0,9,32,256,0.6666,1.0,az_good.ckpt,az_good.ckpt,188,13
7,epsilon-ranking-10.0,9,32,256,0.4,1.0,az_good.ckpt,az_good.ckpt,205,9
13,epsilon-ranking-10.0,9,32,256,0.2666,1.0,az_good.ckpt,az_good.ckpt,220,5
9,epsilon-ranking-10.0,9,32,256,0.4666,1.0,az_good.ckpt,az_good.ckpt,204,11
15,epsilon-ranking-10.0,9,32,256,0.5333,1.0,az_good.ckpt,az_good.ckpt,198,12
17,epsilon-ranking-10.0,9,32,256,1.0,1.0,az_good.ckpt,az_good.ckpt,2,14
27,epsilon-ranking-10.0,9,32,256,0.5,1.0,az_good.ckpt,az_good.ckpt,199,9
13,epsilon-ranking-10.0,9,32,256,0.6,1.0,az_good.ckpt,az_good.ckpt,182,10
1,epsilon-ranking-10.0,9,32,256,0.9,1.0,az_good.ckpt,az_good.ckpt,10,3
11,epsilon-ranking-10.0,9,32,256,0.1333,1.0,az_good.ckpt,az_good.ckpt,233,5
8,epsilon-ranking-10.0,9,32,256,0.2666,1.0,az_good.ckpt,az_good.ckpt,235,11
4,epsilon-ranking-10.0,9,32,256,0.9666,1.0,az_good.ckpt,az_good.ckpt,59,9
16,epsilon-ranking-10.0,9,32,256,0.4333,1.0,az_good.ckpt,az_good.ckpt,208,8
7,epsilon-ranking-10.0,9,32,256,0.9,1.0,az_good.ckpt,az_good.ckpt,66,19
16,epsilon-ranking-10.0,9,32,256,0.9,1.0,az_good.ckpt,az_good.ckpt,61,16
21,epsilon-ranking-10.0,9,32,256,0.4666,1.0,az_good.ckpt,az_good.ckpt,197,15
1,epsilon-ranking-10.0,9,32,256,0.6,1.0,az_good.ckpt,az_good.ckpt,165,18
3,epsilon-ranking-10.0,9,32,256,0.3333,1.0,az_good.ckpt,az_good.ckpt,215,6
16,epsilon-ranking-10.0,9,32,256,0.2666,1.0,az_good.ckpt,az_good.ckpt,205,9
7,epsilon-ranking-10.0,9,32,256,0.4333,1.0,az_good.ckpt,az_good.ckpt,199,2
11,epsilon-ranking-10.0,9,32,256,0.1,1.0,az_good.ckpt,az_good.ckpt,228,5
27,epsilon-ranking-10.0,9,32,256,0.0,1.0,az_good.ckpt,az_good.ckpt,241,2
10,epsilon-ranking-10.0,9,32,256,0.6,1.0,az_good.ckpt,az_good.ckpt,175,8
2,epsilon-ranking-10.0,9,32,256,0.7666,1.0,az_good.ckpt,az_good.ckpt,17,3
20,epsilon-ranking-10.0,9,32,256,0.2333,1.0,az_good.ckpt,az_good.ckpt,229,6
20,epsilon-ranking-10.0,9,32,256,0.6666,1.0,az_good.ckpt,az_good.ckpt,147,17
27,epsilon-ranking-10.0,9,32,256,0.2666,1.0,az_good.ckpt,az_good.ckpt,169,7
27,epsilon-ranking-10.0,9,32,256,0.3666,1.0,az_good.ckpt,az_good.ckpt,215,9
20,epsilon-ranking-10.0,9,32,256,0.3,1.0,az_good.ckpt,az_good.ckpt,230,4
28,epsilon-ranking-10.0,9,32,256,0.0666,1.0,az_good.ckpt,az_good.ckpt,246,2
14,epsilon-ranking-10.0,9,32,256,0.2,1.0,az_good.ckpt,az_good.ckpt,244,5
26,epsilon-ranking-10.0,9,32,256,0.5666,1.0,az_good.ckpt,az_good.ckpt,188,17
9,epsilon-ranking-10.0,9,32,256,0.8,1.0,az_good.ckpt,az_good.ckpt,148,19
25,epsilon-ranking-10.0,9,32,256,0.7,1.0,az_good.ckpt,az_good.ckpt,176,16
21,epsilon-ranking-10.0,9,32,256,0.9333,1.0,az_good.ckpt,az_good.ckpt,2,1
21,epsilon-ranking-10.0,9,32,256,1.0,1.0,az_good.ckpt,az_good.ckpt,6,4
29,epsilon-ranking-10.0,9,32,256,0.1666,1.0,az_good.ckpt,az_good.ckpt,241,1
13,epsilon-ranking-10.0,9,32,256,0.8333,1.0,az_good.ckpt,az_good.ckpt,42,30
1,epsilon-ranking-10.0,9,32,256,0.9666,1.0,az_good.ckpt,az_good.ckpt,33,13
12,epsilon-ranking-10.0,9,32,256,0.0,1.0,az_good.ckpt,az_good.ckpt,239,2
8,epsilon-ranking-10.0,9,32,256,0.8333,1.0,az_good.ckpt,az_good.ckpt,39,15
26,epsilon-ranking-10.0,9,32,256,0.0666,1.0,az_good.ckpt,az_good.ckpt,241,6
8,epsilon-ranking-10.0,9,32,256,0.1,1.0,az_good.ckpt,az_good.ckpt,229,4
24,epsilon-ranking-10.0,9,32,256,0.2666,1.0,az_good.ckpt,az_good.ckpt,216,6
18,epsilon-ranking-10.0,9,32,256,0.0666,1.0,az_good.ckpt,az_good.ckpt,248,5
7,epsilon-ranking-10.0,9,32,256,0.6666,1.0,az_good.ckpt,az_good.ckpt,180,11
7,epsilon-ranking-10.0,9,32,256,0.4666,1.0,az_good.ckpt,az_good.ckpt,219,5
28,epsilon-ranking-10.0,9,32,256,0.2333,1.0,az_good.ckpt,az_good.ckpt,220,4
14,epsilon-ranking-10.0,9,32,256,0.9666,1.0,az_good.ckpt,az_good.ckpt,10,5
28,epsilon-ranking-10.0,9,32,256,0.5666,1.0,az_good.ckpt,az_good.ckpt,215,12
21,epsilon-ranking-10.0,9,32,256,0.2,1.0,az_good.ckpt,az_good.ckpt,230,3
1,epsilon-ranking-10.0,9,32,256,0.8666,1.0,az_good.ckpt,az_good.ckpt,20,11
22,epsilon-ranking-10.0,9,32,256,1.0,1.0,az_good.ckpt,az_good.ckpt,8,12
19,epsilon-ranking-10.0,9,32,256,0.0333,1.0,az_good.ckpt,az_good.ckpt,253,3
4,epsilon-ranking-10.0,9,32,256,0.1333,1.0,az_good.ckpt,az_good.ckpt,241,3
12,epsilon-ranking-10.0,9,32,256,0.9333,1.0,az_good.ckpt,az_good.ckpt,94,14
3,epsilon-ranking-10.0,9,32,256,0.5333,1.0,az_good.ckpt,az_good.ckpt,214,11
10,epsilon-ranking-10.0,9,32,256,0.2333,1.0,az_good.ckpt,az_good.ckpt,231,6
21,epsilon-ranking-10.0,9,32,256,0.8,1.0,az_good.ckpt,az_good.ckpt,58,6
3,epsilon-ranking-10.0,9,32,256,0.8666,1.0,az_good.ckpt,az_good.ckpt,179,19
17,epsilon-ranking-10.0,9,32,256,0.5,1.0,az_good.ckpt,az_good.ckpt,200,7
17,epsilon-ranking-10.0,9,32,256,0.3666,1.0,az_good.ckpt,az_good.ckpt,218,10
25,epsilon-ranking-10.0,9,32,256,0.6666,1.0,az_good.ckpt,az_good.ckpt,172,19
25,epsilon-ranking-10.0,9,32,256,0.4333,1.0,az_good.ckpt,az_good.ckpt,203,7
2,epsilon-ranking-10.0,9,32,256,0.6333,1.0,az_good.ckpt,az_good.ckpt,195,7
1,epsilon-ranking-10.0,9,32,256,0.2333,1.0,az_good.ckpt,az_good.ckpt,227,8
24,epsilon-ranking-10.0,9,32,256,0.9666,1.0,az_good.ckpt,az_good.ckpt,25,18
14,epsilon-ranking-10.0,9,32,256,0.8,1.0,az_good.ckpt,az_good.ckpt,72,16
12,epsilon-ranking-10.0,9,32,256,0.6333,1.0,az_good.ckpt,az_good.ckpt,156,20
11,epsilon-ranking-10.0,9,32,256,0.3333,1.0,az_good.ckpt,az_good.ckpt,216,6
4,epsilon-ranking-10.0,9,32,256,0.4666,1.0,az_good.ckpt,az_good.ckpt,207,15
29,epsilon-ranking-10.0,9,32,256,0.9666,1.0,az_good.ckpt,az_good.ckpt,13,4
5,epsilon-ranking-10.0,9,32,256,0.4333,1.0,az_good.ckpt,az_good.ckpt,180,6
1,epsilon-ranking-10.0,9,32,256,0.5333,1.0,az_good.ckpt,az_good.ckpt,170,10
8,epsilon-ranking-10.0,9,32,256,1.0,1.0,az_good.ckpt,az_good.ckpt,9,94
19,epsilon-ranking-10.0,9,32,256,0.9333,1.0,az_good.ckpt,az_good.ckpt,8,1
16,epsilon-ranking-10.0,9,32,256,0.8333,1.0,az_good.ckpt,az_good.ckpt,181,21
24,epsilon-ranking-10.0,9,32,256,0.7333,1.0,az_good.ckpt,az_good.ckpt,135,23
1,epsilon-ranking-10.0,9,32,256,0.3666,1.0,az_good.ckpt,az_good.ckpt,226,8
21,epsilon-ranking-10.0,9,32,256,0.2333,1.0,az_good.ckpt,az_good.ckpt,230,3
16,epsilon-ranking-10.0,9,32,256,0.2,1.0,az_good.ckpt,az_good.ckpt,234,5
13,epsilon-ranking-10.0,9,32,256,0.5333,1.0,az_good.ckpt,az_good.ckpt,234,14
23,epsilon-ranking-10.0,9,32,256,0.5,1.0,az_good.ckpt,az_good.ckpt,184,10
16,epsilon-ranking-10.0,9,32,256,0.1666,1.0,az_good.ckpt,az_good.ckpt,231,6
25,epsilon-ranking-10.0,9,32,256,0.2666,1.0,az_good.ckpt,az_good.ckpt,206,10
9,epsilon-ranking-10.0,9,32,256,0.2666,1.0,az_good.ckpt,az_good.ckpt,229,12
10,epsilon-ranking-10.0,9,32,256,0.4666,1.0,az_good.ckpt,az_good.ckpt,210,10
8,epsilon-ranking-10.0,9,32,256,0.9666,1.0,az_good.ckpt,az_good.ckpt,28,4
27,epsilon-ranking-10.0,9,32,256,0.4,1.0,az_good.ckpt,az_good.ckpt,205,6
30,epsilon-ranking-10.0,9,32,256,0.4666,1.0,az_good.ckpt,az_good.ckpt,206,11
22,epsilon-ranking-10.0,9,32,256,0.3,1.0,az_good.ckpt,az_good.ckpt,181,5
12,epsilon-ranking-10.0,9,32,256,0.3666,1.0,az_good.ckpt,az_good.ckpt,224,4
30,epsilon-ranking-10.0,9,32,256,0.6333,1.0,az_good.ckpt,az_good.ckpt,180,22
22,epsilon-ranking-10.0,9,32,256,0.4,1.0,az_good.ckpt,az_good.ckpt,196,15
11,epsilon-ranking-10.0,9,32,256,1.0,1.0,az_good.ckpt,az_good.ckpt,4,2
13,epsilon-ranking-10.0,9,32,256,0.0,1.0,az_good.ckpt,az_good.ckpt,238,1
15,epsilon-ranking-10.0,9,32,256,0.4666,1.0,az_good.ckpt,az_good.ckpt,190,7
9,epsilon-ranking-10.0,9,32,256,0.2,1.0,az_good.ckpt,az_good.ckpt,223,13
28,epsilon-ranking-10.0,9,32,256,0.4333,1.0,az_good.ckpt,az_good.ckpt,210,8
10,epsilon-ranking-10.0,9,32,256,0.6666,1.0,az_good.ckpt,az_good.ckpt,126,9
12,epsilon-ranking-10.0,9,32,256,0.7,1.0,az_good.ckpt,az_good.ckpt,152,16
25,epsilon-ranking-10.0,9,32,256,0.1666,1.0,az_good.ckpt,az_good.ckpt,225,4
10,epsilon-ranking-10.0,9,32,256,0.2666,1.0,az_good.ckpt,az_good.ckpt,207,5
10,epsilon-ranking-10.0,9,32,256,0.3,1.0,az_good.ckpt,az_good.ckpt,215,5
28,epsilon-ranking-10.0,9,32,256,0.6666,1.0,az_good.ckpt,az_good.ckpt,200,15
20,epsilon-ranking-10.0,9,32,256,0.7333,1.0,az_good.ckpt,az_good.ckpt,170,10
19,epsilon-ranking-10.0,9,32,256,0.3666,1.0,az_good.ckpt,az_good.ckpt,208,10
1,epsilon-ranking-10.0,9,32,256,0.1333,1.0,az_good.ckpt,az_good.ckpt,239,2
17,epsilon-ranking-10.0,9,32,256,0.2,1.0,az_good.ckpt,az_good.ckpt,232,1
19,epsilon-ranking-10.0,9,32,256,0.8,1.0,az_good.ckpt,az_good.ckpt,185,14
14,epsilon-ranking-10.0,9,32,256,0.5,1.0,az_good.ckpt,az_good.ckpt,212,4
18,epsilon-ranking-10.0,9,32,256,0.2,1.0,az_good.ckpt,az_good.ckpt,234,4
2,epsilon-ranking-10.0,9,32,256,0.5,1.0,az_good.ckpt,az_good.ckpt,181,10
30,epsilon-ranking-10.0,9,32,256,0.4333,1.0,az_good.ckpt,az_good.ckpt,191,8
28,epsilon-ranking-10.0,9,32,256,0.3333,1.0,az_good.ckpt,az_good.ckpt,237,6
28,epsilon-ranking-10.0,9,32,256,0.9,1.0,az_good.ckpt,az_good.ckpt,77,7
15,epsilon-ranking-10.0,9,32,256,0.3666,1.0,az_good.ckpt,az_good.ckpt,213,12
9,epsilon-ranking-10.0,9,32,256,0.7,1.0,az_good.ckpt,az_good.ckpt,75,9
16,epsilon-ranking-10.0,9,32,256,0.5333,1.0,az_good.ckpt,az_good.ckpt,166,22
29,epsilon-ranking-10.0,9,32,256,0.7666,1.0,az_good.ckpt,az_good.ckpt,171,17
25,epsilon-ranking-10.0,9,32,256,0.0,1.0,az_good.ckpt,az_good.ckpt,238,1
17,epsilon-ranking-10.0,9,32,256,0.2666,1.0,az_good.ckpt,az_good.ckpt,219,8
29,epsilon-ranking-10.0,9,32,256,0.1,1.0,az_good.ckpt,az_good.ckpt,245,1
9,epsilon-ranking-10.0,9,32,256,0.1333,1.0,az_good.ckpt,az_good.ckpt,222,10
3,epsilon-ranking-10.0,9,32,256,0.2,1.0,az_good.ckpt,az_good.ckpt,238,3
10,epsilon-ranking-10.0,9,32,256,0.6333,1.0,az_good.ckpt,az_good.ckpt,185,18
15,epsilon-ranking-10.0,9,32,256,0.4333,1.0,az_good.ckpt,az_good.ckpt,212,0
20,epsilon-ranking-10.0,9,32,256,1.0,1.0,az_good.ckpt,az_good.ckpt,0,4
17,epsilon-ranking-10.0,9,32,256,0.4,1.0,az_good.ckpt,az_good.ckpt,187,18
18,epsilon-ranking-10.0,9,32,256,0.2333,1.0,az_good.ckpt,az_good.ckpt,230,9
27,epsilon-ranking-10.0,9,32,256,0.4666,1.0,az_good.ckpt,az_good.ckpt,228,8
26,epsilon-ranking-10.0,9,32,256,0.3666,1.0,az_good.ckpt,az_good.ckpt,235,6
24,epsilon-ranking-10.0,9,32,256,0.1,1.0,az_good.ckpt,az_good.ckpt,250,3
9,epsilon-ranking-10.0,9,32,256,0.5333,1.0,az_good.ckpt,az_good.ckpt,178,15
9,epsilon-ranking-10.0,9,32,256,0.2333,1.0,az_good.ckpt,az_good.ckpt,225,8
2,epsilon-ranking-10.0,9,32,256,0.9666,1.0,az_good.ckpt,az_good.ckpt,75,11
13,epsilon-ranking-10.0,9,32,256,0.7333,1.0,az_good.ckpt,az_good.ckpt,150,6
18,epsilon-ranking-10.0,9,32,256,1.0,1.0,az_good.ckpt,az_good.ckpt,6,13
10,epsilon-ranking-10.0,9,32,256,0.3666,1.0,az_good.ckpt,az_good.ckpt,207,9
2,epsilon-ranking-10.0,9,32,256,0.1333,1.0,az_good.ckpt,az_good.ckpt,222,4
30,epsilon-ranking-10.0,9,32,256,0.7666,1.0,az_good.ckpt,az_good.ckpt,106,5
11,epsilon-ranking-10.0,9,32,256,0.8666,1.0,az_good.ckpt,az_good.ckpt,11,1
5,epsilon-ranking-10.0,9,32,256,0.5333,1.0,az_good.ckpt,az_good.ckpt,171,5
19,epsilon-ranking-10.0,9,32,256,0.6,1.0,az_good.ckpt,az_good.ckpt,198,13
26,epsilon-ranking-10.0,9,32,256,0.4666,1.0,az_good.ckpt,az_good.ckpt,191,11
2,epsilon-ranking-10.0,9,32,256,0.8333,1.0,az_good.ckpt,az_good.ckpt,31,8
11,epsilon-ranking-10.0,9,32,256,0.2,1.0,az_good.ckpt,az_good.ckpt,216,2
18,epsilon-ranking-10.0,9,32,256,0.4,1.0,az_good.ckpt,az_good.ckpt,231,3
18,epsilon-ranking-10.0,9,32,256,0.9666,1.0,az_good.ckpt,az_good.ckpt,3,7
24,epsilon-ranking-10.0,9,32,256,0.7,1.0,az_good.ckpt,az_good.ckpt,142,5
22,epsilon-ranking-10.0,9,32,256,0.6,1.0,az_good.ckpt,az_good.ckpt,193,17
30,epsilon-ranking-10.0,9,32,256,0.3333,1.0,az_good.ckpt,az_good.ckpt,214,4
4,epsilon-ranking-10.0,9,32,256,0.1666,1.0,az_good.ckpt,az_good.ckpt,239,4
23,epsilon-ranking-10.0,9,32,256,0.3666,1.0,az_good.ckpt,az_good.ckpt,197,18
21,epsilon-ranking-10.0,9,32,256,0.6,1.0,az_good.ckpt,az_good.ckpt,168,17
15,epsilon-ranking-10.0,9,32,256,1.0,1.0,az_good.ckpt,az_good.ckpt,11,5
27,epsilon-ranking-10.0,9,32,256,0.4333,1.0,az_good.ckpt,az_good.ckpt,206,4
9,epsilon-ranking-10.0,9,32,256,0.6333,1.0,az_good.ckpt,az_good.ckpt,173,13
30,epsilon-ranking-10.0,9,32,256,0.2333,1.0,az_good.ckpt,az_good.ckpt,231,10
3,epsilon-ranking-10.0,9,32,256,0.6,1.0,az_good.ckpt,az_good.ckpt,162,15
1,epsilon-ranking-10.0,9,32,256,0.0,1.0,az_good.ckpt,az_good.ckpt,243,1
22,epsilon-ranking-10.0,9,32,256,0.9333,1.0,az_good.ckpt,az_good.ckpt,13,3
7,epsilon-ranking-10.0,9,32,256,1.0,1.0,az_good.ckpt,az_good.ckpt,6,5
19,epsilon-ranking-10.0,9,32,256,0.0,1.0,az_good.ckpt,az_good.ckpt,236,0
5,epsilon-ranking-10.0,9,32,256,0.7333,1.0,az_good.ckpt,az_good.ckpt,189,19
3,epsilon-ranking-10.0,9,32,256,0.6333,1.0,az_good.ckpt,az_good.ckpt,173,8
11,epsilon-ranking-10.0,9,32,256,0.9333,1.0,az_good.ckpt,az_good.ckpt,12,1
23,epsilon-ranking-10.0,9,32,256,0.4,1.0,az_good.ckpt,az_good.ckpt,150,5
30,epsilon-ranking-10.0,9,32,256,0.3,1.0,az_good.ckpt,az_good.ckpt,228,8
30,epsilon-ranking-10.0,9,32,256,0.3666,1.0,az_good.ckpt,az_good.ckpt,202,4
6,epsilon-ranking-10.0,9,32,256,0.8666,1.0,az_good.ckpt,az_good.ckpt,112,12
11,epsilon-ranking-10.0,9,32,256,0.5,1.0,az_good.ckpt,az_good.ckpt,183,14
3,epsilon-ranking-10.0,9,32,256,0.8333,1.0,az_good.ckpt,az_good.ckpt,134,16
1,epsilon-ranking-10.0,9,32,256,0.7666,1.0,az_good.ckpt,az_good.ckpt,73,7
12,epsilon-ranking-10.0,9,32,256,0.3,1.0,az_good.ckpt,az_good.ckpt,223,9
13,epsilon-ranking-10.0,9,32,256,0.9,1.0,az_good.ckpt,az_good.ckpt,29,8
2,epsilon-ranking-10.0,9,32,256,0.1666,1.0,az_good.ckpt,az_good.ckpt,247,7
16,epsilon-ranking-10.0,9,32,256,0.1333,1.0,az_good.ckpt,az_good.ckpt,244,3
3,epsilon-ranking-10.0,9,32,256,0.0,1.0,az_good.ckpt,az_good.ckpt,239,3
17,epsilon-ranking-10.0,9,32,256,0.6333,1.0,az_good.ckpt,az_good.ckpt,143,20
17,epsilon-ranking-10.0,9,32,256,0.7666,1.0,az_good.ckpt,az_good.ckpt,101,16
14,epsilon-ranking-10.0,9,32,256,0.7,1.0,az_good.ckpt,az_good.ckpt,188,15
30,epsilon-ranking-10.0,9,32,256,0.0666,1.0,az_good.ckpt,az_good.ckpt,255,5
3,epsilon-ranking-10.0,9,32,256,0.1333,1.0,az_good.ckpt,az_good.ckpt,240,6
22,epsilon-ranking-10.0,9,32,256,0.6666,1.0,az_good.ckpt,az_good.ckpt,115,14
5,epsilon-ranking-10.0,9,32,256,0.8666,1.0,az_good.ckpt,az_good.ckpt,82,12
28,epsilon-ranking-10.0,9,32,256,1.0,1.0,az_good.ckpt,az_good.ckpt,4,2
6,epsilon-ranking-10.0,9,32,256,0.9,1.0,az_good.ckpt,az_good.ckpt,153,18
18,epsilon-ranking-10.0,9,32,256,0.0,1.0,az_good.ckpt,az_good.ckpt,245,2
30,epsilon-ranking-10.0,9,32,256,0.2,1.0,az_good.ckpt,az_good.ckpt,232,5
29,epsilon-ranking-10.0,9,32,256,0.5666,1.0,az_good.ckpt,az_good.ckpt,171,13
22,epsilon-ranking-10.0,9,32,256,0.9,1.0,az_good.ckpt,az_good.ckpt,23,4
7,epsilon-ranking-10.0,9,32,256,0.8666,1.0,az_good.ckpt,az_good.ckpt,55,28
24,epsilon-ranking-10.0,9,32,256,0.8,1.0,az_good.ckpt,az_good.ckpt,97,8
26,epsilon-ranking-10.0,9,32,256,0.9333,1.0,az_good.ckpt,az_good.ckpt,6,4
23,epsilon-ranking-10.0,9,32,256,0.9666,1.0,az_good.ckpt,az_good.ckpt,46,19
25,epsilon-ranking-10.0,9,32,256,0.3666,1.0,az_good.ckpt,az_good.ckpt,216,8
22,epsilon-ranking-10.0,9,32,256,0.2,1.0,az_good.ckpt,az_good.ckpt,228,5
1,epsilon-ranking-10.0,9,32,256,0.7,1.0,az_good.ckpt,az_good.ckpt,171,12
3,epsilon-ranking-10.0,9,32,256,0.6666,1.0,az_good.ckpt,az_good.ckpt,135,11
29,epsilon-ranking-10.0,9,32,256,0.4,1.0,az_good.ckpt,az_good.ckpt,195,11
13,epsilon-ranking-10.0,9,32,256,0.5,1.0,az_good.ckpt,az_good.ckpt,193,15
30,epsilon-ranking-10.0,9,32,256,0.7333,1.0,az_good.ckpt,az_good.ckpt,158,24
26,epsilon-ranking-10.0,9,32,256,0.7666,1.0,az_good.ckpt,az_good.ckpt,179,25
4,epsilon-ranking-10.0,9,32,256,0.0666,1.0,az_good.ckpt,az_good.ckpt,251,2
15,epsilon-ranking-10.0,9,32,256,0.2666,1.0,az_good.ckpt,az_good.ckpt,195,4
8,epsilon-ranking-10.0,9,32,256,0.2,1.0,az_good.ckpt,az_good.ckpt,229,4
7,epsilon-ranking-10.0,9,32,256,0.0,1.0,az_good.ckpt,az_good.ckpt,235,2
25,epsilon-ranking-10.0,9,32,256,0.9,1.0,az_good.ckpt,az_good.ckpt,99,7
18,epsilon-ranking-10.0,9,32,256,0.8666,1.0,az_good.ckpt,az_good.ckpt,27,10
17,epsilon-ranking-10.0,9,32,256,0.1,1.0,az_good.ckpt,az_good.ckpt,240,3
24,epsilon-ranking-10.0,9,32,256,0.5666,1.0,az_good.ckpt,az_good.ckpt,185,4
20,epsilon-ranking-10.0,9,32,256,0.5333,1.0,az_good.ckpt,az_good.ckpt,195,8
15,epsilon-ranking-10.0,9,32,256,0.3333,1.0,az_good.ckpt,az_good.ckpt,216,7
6,epsilon-ranking-10.0,9,32,256,0.6,1.0,az_good.ckpt,az_good.ckpt,211,10
11,epsilon-ranking-10.0,9,32,256,0.3,1.0,az_good.ckpt,az_good.ckpt,213,4
20,epsilon-ranking-10.0,9,32,256,0.8,1.0,az_good.ckpt,az_good.ckpt,135,18
6,epsilon-ranking-10.0,9,32,256,0.1666,1.0,az_good.ckpt,az_good.ckpt,230,5
15,epsilon-ranking-10.0,9,32,256,0.9,1.0,az_good.ckpt,az_good.ckpt,93,9
20,epsilon-ranking-10.0,9,32,256,0.4333,1.0,az_good.ckpt,az_good.ckpt,217,8
4,epsilon-ranking-10.0,9,32,256,0.9333,1.0,az_good.ckpt,az_good.ckpt,118,16
22,epsilon-ranking-10.0,9,32,256,0.8,1.0,az_good.ckpt,az_good.ckpt,88,9
15,epsilon-ranking-10.0,9,32,256,0.6333,1.0,az_good.ckpt,az_good.ckpt,213,14
18,epsilon-ranking-10.0,9,32,256,0.8333,1.0,az_good.ckpt,az_good.ckpt,61,17
19,epsilon-ranking-10.0,9,32,256,0.1,1.0,az_good.ckpt,az_good.ckpt,238,6
26,epsilon-ranking-10.0,9,32,256,0.5,1.0,az_good.ckpt,az_good.ckpt,192,9
29,epsilon-ranking-10.0,9,32,256,0.8,1.0,az_good.ckpt,az_good.ckpt,212,17
12,epsilon-ranking-10.0,9,32,256,0.5666,1.0,az_good.ckpt,az_good.ckpt,189,9
27,epsilon-ranking-10.0,9,32,256,0.6333,1.0,az_good.ckpt,az_good.ckpt,157,15
29,epsilon-ranking-10.0,9,32,256,0.6333,1.0,az_good.ckpt,az_good.ckpt,83,15
5,epsilon-ranking-10.0,9,32,256,0.6333,1.0,az_good.ckpt,az_good.ckpt,197,8
17,epsilon-ranking-10.0,9,32,256,0.3333,1.0,az_good.ckpt,az_good.ckpt,213,3
23,epsilon-ranking-10.0,9,32,256,0.2333,1.0,az_good.ckpt,az_good.ckpt,223,12
25,epsilon-ranking-10.0,9,32,256,0.0333,1.0,az_good.ckpt,az_good.ckpt,250,0
9,epsilon-ranking-10.0,9,32,256,0.3,1.0,az_good.ckpt,az_good.ckpt,207,9
6,epsilon-ranking-10.0,9,32,256,0.2333,1.0,az_good.ckpt,az_good.ckpt,204,2
29,epsilon-ranking-10.0,9,32,256,0.3,1.0,az_good.ckpt,az_good.ckpt,202,9
17,epsilon-ranking-10.0,9,32,256,0.1333,1.0,az_good.ckpt,az_good.ckpt,243,2
9,epsilon-ranking-10.0,9,32,256,0.6,1.0,az_good.ckpt,az_good.ckpt,186,9
4,epsilon-ranking-10.0,9,32,256,0.5,1.0,az_good.ckpt,az_good.ckpt,190,14
30,epsilon-ranking-10.0,9,32,256,0.0333,1.0,az_good.ckpt,az_good.ckpt,252,1
5,epsilon-ranking-10.0,9,32,256,0.0,1.0,az_good.ckpt,az_good.ckpt,244,6
8,epsilon-ranking-10.0,9,32,256,0.5333,1.0,az_good.ckpt,az_good.ckpt,186,14
11,epsilon-ranking-10.0,9,32,256,0.6,1.0,az_good.ckpt,az_good.ckpt,206,18
8,epsilon-ranking-10.0,9,32,256,0.4333,1.0,az_good.ckpt,az_good.ckpt,197,5
5,epsilon-ranking-10.0,9,32,256,0.7666,1.0,az_good.ckpt,az_good.ckpt,148,22
19,epsilon-ranking-10.0,9,32,256,1.0,1.0,az_good.ckpt,az_good.ckpt,0,0
11,epsilon-ranking-10.0,9,32,256,0.7666,1.0,az_good.ckpt,az_good.ckpt,11,5
30,epsilon-ranking-10.0,9,32,256,0.1333,1.0,az_good.ckpt,az_good.ckpt,236,6
4,epsilon-ranking-10.0,9,32,256,0.2,1.0,az_good.ckpt,az_good.ckpt,237,1
5,epsilon-ranking-10.0,9,32,256,0.0333,1.0,az_good.ckpt,az_good.ckpt,250,3
21,epsilon-ranking-10.0,9,32,256,0.9,1.0,az_good.ckpt,az_good.ckpt,22,3
21,epsilon-ranking-10.0,9,32,256,0.0333,1.0,az_good.ckpt,az_good.ckpt,250,0
8,epsilon-ranking-10.0,9,32,256,0.7666,1.0,az_good.ckpt,az_good.ckpt,153,14
11,epsilon-ranking-10.0,9,32,256,0.6333,1.0,az_good.ckpt,az_good.ckpt,148,14
14,epsilon-ranking-10.0,9,32,256,0.4666,1.0,az_good.ckpt,az_good.ckpt,206,9
18,epsilon-ranking-10.0,9,32,256,0.4333,1.0,az_good.ckpt,az_good.ckpt,218,15
28,epsilon-ranking-10.0,9,32,256,0.2666,1.0,az_good.ckpt,az_good.ckpt,223,8
5,epsilon-ranking-10.0,9,32,256,0.4666,1.0,az_good.ckpt,az_good.ckpt,192,4
8,epsilon-ranking-10.0,9,32,256,0.1666,1.0,az_good.ckpt,az_good.ckpt,233,2
12,epsilon-ranking-10.0,9,32,256,0.8666,1.0,az_good.ckpt,az_good.ckpt,101,13
8,epsilon-ranking-10.0,9,32,256,0.5,1.0,az_good.ckpt,az_good.ckpt,188,7
23,epsilon-ranking-10.0,9,32,256,0.6666,1.0,az_good.ckpt,az_good.ckpt,182,10
8,epsilon-ranking-10.0,9,32,256,0.0333,1.0,az_good.ckpt,az_good.ckpt,252,1
22,epsilon-ranking-10.0,9,32,256,0.4666,1.0,az_good.ckpt,az_good.ckpt,209,4
12,epsilon-ranking-10.0,9,32,256,0.7666,1.0,az_good.ckpt,az_good.ckpt,109,28
21,epsilon-ranking-10.0,9,32,256,0.6666,1.0,az_good.ckpt,az_good.ckpt,206,17
29,epsilon-ranking-10.0,9,32,256,0.6,1.0,az_good.ckpt,az_good.ckpt,168,5
19,epsilon-ranking-10.0,9,32,256,0.7,1.0,az_good.ckpt,az_good.ckpt,161,21
23,epsilon-ranking-10.0,9,32,256,0.8666,1.0,az_good.ckpt,az_good.ckpt,50,12
30,epsilon-ranking-10.0,9,32,256,0.1666,1.0,az_good.ckpt,az_good.ckpt,235,3
4,epsilon-ranking-10.0,9,32,256,0.3,1.0,az_good.ckpt,az_good.ckpt,212,4
24,epsilon-ranking-10.0,9,32,256,0.7666,1.0,az_good.ckpt,az_good.ckpt,138,7
5,epsilon-ranking-10.0,9,32,256,0.1666,1.0,az_good.ckpt,az_good.ckpt,232,4
30,epsilon-ranking-10.0,9,32,256,0.9,1.0,az_good.ckpt,az_good.ckpt,81,12
25,epsilon-ranking-10.0,9,32,256,0.8,1.0,az_good.ckpt,az_good.ckpt,181,9
7,epsilon-ranking-10.0,9,32,256,0.3,1.0,az_good.ckpt,az_good.ckpt,224,6
17,epsilon-ranking-10.0,9,32,256,0.9666,1.0,az_good.ckpt,az_good.ckpt,2,7
20,epsilon-ranking-10.0,9,32,256,0.1666,1.0,az_good.ckpt,az_good.ckpt,240,3
5,epsilon-ranking-10.0,9,32,256,0.2333,1.0,az_good.ckpt,az_good.ckpt,222,10
19,epsilon-ranking-10.0,9,32,256,0.7333,1.0,az_good.ckpt,az_good.ckpt,128,8
5,epsilon-ranking-10.0,9,32,256,0.2,1.0,az_good.ckpt,az_good.ckpt,215,9
7,epsilon-ranking-10.0,9,32,256,0.5333,1.0,az_good.ckpt,az_good.ckpt,221,13
17,epsilon-ranking-10.0,9,32,256,0.3,1.0,az_good.ckpt,az_good.ckpt,179,8
26,epsilon-ranking-10.0,9,32,256,0.6666,1.0,az_good.ckpt,az_good.ckpt,171,5
7,epsilon-ranking-10.0,9,32,256,0.1333,1.0,az_good.ckpt,az_good.ckpt,235,2
30,epsilon-ranking-10.0,9,32,256,0.8333,1.0,az_good.ckpt,az_good.ckpt,22,7
25,epsilon-ranking-10.0,9,32,256,0.8666,1.0,az_good.ckpt,az_good.ckpt,165,12
28,epsilon-ranking-10.0,9,32,256,0.6,1.0,az_good.ckpt,az_good.ckpt,189,10
19,epsilon-ranking-10.0,9,32,256,0.0666,1.0,az_good.ckpt,az_good.ckpt,238,7
9,epsilon-ranking-10.0,9,32,256,0.4,1.0,az_good.ckpt,az_good.ckpt,200,11
18,epsilon-ranking-10.0,9,32,256,0.6,1.0,az_good.ckpt,az_good.ckpt,187,5
28,epsilon-ranking-10.0,9,32,256,0.2,1.0,az_good.ckpt,az_good.ckpt,223,3
16,epsilon-ranking-10.0,9,32,256,0.5,1.0,az_good.ckpt,az_good.ckpt,152,13
10,epsilon-ranking-10.0,9,32,256,0.8,1.0,az_good.ckpt,az_good.ckpt,46,2
30,epsilon-ranking-10.0,9,32,256,0.7,1.0,az_good.ckpt,az_good.ckpt,168,5
4,epsilon-ranking-10.0,9,32,256,0.5333,1.0,az_good.ckpt,az_good.ckpt,212,15
21,epsilon-ranking-10.0,9,32,256,0.7,1.0,az_good.ckpt,az_good.ckpt,150,9
23,epsilon-ranking-10.0,9,32,256,0.8333,1.0,az_good.ckpt,az_good.ckpt,70,7
16,epsilon-ranking-10.0,9,32,256,0.4666,1.0,az_good.ckpt,az_good.ckpt,187,5
6,epsilon-ranking-10.0,9,32,256,0.1333,1.0,az_good.ckpt,az_good.ckpt,231,9
8,epsilon-ranking-10.0,9,32,256,0.3,1.0,az_good.ckpt,az_good.ckpt,204,6
19,epsilon-ranking-10.0,9,32,256,0.3333,1.0,az_good.ckpt,az_good.ckpt,227,2
8,epsilon-ranking-10.0,9,32,256,0.0666,1.0,az_good.ckpt,az_good.ckpt,245,4
22,epsilon-ranking-10.0,9,32,256,0.1333,1.0,az_good.ckpt,az_good.ckpt,243,6
22,epsilon-ranking-10.0,9,32,256,0.5666,1.0,az_good.ckpt,az_good.ckpt,186,13
18,epsilon-ranking-10.0,9,32,256,0.9,1.0,az_good.ckpt,az_good.ckpt,12,10
24,epsilon-ranking-10.0,9,32,256,0.8333,1.0,az_good.ckpt,az_good.ckpt,62,17
8,epsilon-ranking-10.0,9,32,256,0.7,1.0,az_good.ckpt,az_good.ckpt,141,9
5,epsilon-ranking-10.0,9,32,256,0.5666,1.0,az_good.ckpt,az_good.ckpt,169,12
21,epsilon-ranking-10.0,9,32,256,0.2666,1.0,az_good.ckpt,az_good.ckpt,215,5
20,epsilon-ranking-10.0,9,32,256,0.2,1.0,az_good.ckpt,az_good.ckpt,238,7
25,epsilon-ranking-10.0,9,32,256,0.5333,1.0,az_good.ckpt,az_good.ckpt,217,8
9,epsilon-ranking-10.0,9,32,256,0.5666,1.0,az_good.ckpt,az_good.ckpt,179,8
10,epsilon-ranking-10.0,9,32,256,0.4333,1.0,az_good.ckpt,az_good.ckpt,206,8
7,epsilon-ranking-10.0,9,32,256,0.6333,1.0,az_good.ckpt,az_good.ckpt,175,8
26,epsilon-ranking-10.0,9,32,256,0.3333,1.0,az_good.ckpt,az_good.ckpt,194,3
7,epsilon-ranking-10.0,9,32,256,0.0333,1.0,az_good.ckpt,az_good.ckpt,249,2
20,epsilon-ranking-10.0,9,32,256,0.0666,1.0,az_good.ckpt,az_good.ckpt,252,0
14,epsilon-ranking-10.0,9,32,256,0.1,1.0,az_good.ckpt,az_good.ckpt,235,7
22,epsilon-ranking-10.0,9,32,256,0.1,1.0,az_good.ckpt,az_good.ckpt,241,3
5,epsilon-ranking-10.0,9,32,256,0.9333,1.0,az_good.ckpt,az_good.ckpt,32,39
1,epsilon-ranking-10.0,9,32,256,0.3,1.0,az_good.ckpt,az_good.ckpt,206,5
15,epsilon-ranking-10.0,9,32,256,0.2333,1.0,az_good.ckpt,az_good.ckpt,226,5
8,epsilon-ranking-10.0,9,32,256,0.4666,1.0,az_good.ckpt,az_good.ckpt,183,4
8,epsilon-ranking-10.0,9,32,256,0.9333,1.0,az_good.ckpt,az_good.ckpt,16,11
10,epsilon-ranking-10.0,9,32,256,0.7333,1.0,az_good.ckpt,az_good.ckpt,51,3
25,epsilon-ranking-10.0,9,32,256,0.3,1.0,az_good.ckpt,az_good.ckpt,226,11
24,epsilon-ranking-10.0,9,32,256,0.2,1.0,az_good.ckpt,az_good.ckpt,232,3
21,epsilon-ranking-10.0,9,32,256,0.0,1.0,az_good.ckpt,az_good.ckpt,239,2
30,epsilon-ranking-10.0,9,32,256,0.8,1.0,az_good.ckpt,az_good.ckpt,79,5
12,epsilon-ranking-10.0,9,32,256,0.7333,1.0,az_good.ckpt,az_good.ckpt,172,19
6,epsilon-ranking-10.0,9,32,256,0.6333,1.0,az_good.ckpt,az_good.ckpt,182,12
25,epsilon-ranking-10.0,9,32,256,0.6,1.0,az_good.ckpt,az_good.ckpt,192,16
28,epsilon-ranking-10.0,9,32,256,0.8,1.0,az_good.ckpt,az_good.ckpt,142,29
9,epsilon-ranking-10.0,9,32,256,0.9666,1.0,az_good.ckpt,az_good.ckpt,21,20
5,epsilon-ranking-10.0,9,32,256,0.0666,1.0,az_good.ckpt,az_good.ckpt,247,4
5,epsilon-ranking-10.0,9,32,256,0.7,1.0,az_good.ckpt,az_good.ckpt,144,24
19,epsilon-ranking-10.0,9,32,256,0.6333,1.0,az_good.ckpt,az_good.ckpt,164,11
14,epsilon-ranking-10.0,9,32,256,0.3333,1.0,az_good.ckpt,az_good.ckpt,217,5
8,epsilon-ranking-10.0,9,32,256,0.6333,1.0,az_good.ckpt,az_good.ckpt,177,5
20,epsilon-ranking-10.0,9,32,256,0.8333,1.0,az_good.ckpt,az_good.ckpt,89,12
23,epsilon-ranking-10.0,9,32,256,0.9333,1.0,az_good.ckpt,az_good.ckpt,30,9
24,epsilon-ranking-10.0,9,32,256,0.5333,1.0,az_good.ckpt,az_good.ckpt,186,9
4,epsilon-ranking-10.0,9,32,256,0.2333,1.0,az_good.ckpt,az_good.ckpt,225,7
9,epsilon-ranking-10.0,9,32,256,0.6666,1.0,az_good.ckpt,az_good.ckpt,160,16
15,epsilon-ranking-10.0,9,32,256,0.9333,1.0,az_good.ckpt,az_good.ckpt,71,11
13,epsilon-ranking-10.0,9,32,256,0.1666,1.0,az_good.ckpt,az_good.ckpt,240,7
1,epsilon-ranking-10.0,9,32,256,0.6333,1.0,az_good.ckpt,az_good.ckpt,191,16
20,epsilon-ranking-10.0,9,32,256,0.8666,1.0,az_good.ckpt,az_good.ckpt,76,20
28,epsilon-ranking-10.0,9,32,256,0.9333,1.0,az_good.ckpt,az_good.ckpt,46,1
26,epsilon-ranking-10.0,9,32,256,0.9666,1.0,az_good.ckpt,az_good.ckpt,4,2
23,epsilon-ranking-10.0,9,32,256,0.6,1.0,az_good.ckpt,az_good.ckpt,144,8
3,epsilon-ranking-10.0,9,32,256,0.1,1.0,az_good.ckpt,az_good.ckpt,233,4
2,epsilon-ranking-10.0,9,32,256,0.8,1.0,az_good.ckpt,az_good.ckpt,138,26
10,epsilon-ranking-10.0,9,32,256,0.9333,1.0,az_good.ckpt,az_good.ckpt,127,13
7,epsilon-ranking-10.0,9,32,256,0.7666,1.0,az_good.ckpt,az_good.ckpt,146,20
3,epsilon-ranking-10.0,9,32,256,0.3,1.0,az_good.ckpt,az_good.ckpt,195,7
11,epsilon-ranking-10.0,9,32,256,0.7333,1.0,az_good.ckpt,az_good.ckpt,140,9
14,epsilon-ranking-10.0,9,32,256,0.1666,1.0,az_good.ckpt,az_good.ckpt,231,10
29,epsilon-ranking-10.0,9,32,256,0.0333,1.0,az_good.ckpt,az_good.ckpt,254,3
15,epsilon-ranking-10.0,9,32,256,0.9666,1.0,az_good.ckpt,az_good.ckpt,51,8
17,epsilon-ranking-10.0,9,32,256,0.8666,1.0,az_good.ckpt,az_good.ckpt,88,17
13,epsilon-ranking-10.0,9,32,256,0.8666,1.0,az_good.ckpt,az_good.ckpt,21,9
28,epsilon-ranking-10.0,9,32,256,0.1333,1.0,az_good.ckpt,az_good.ckpt,241,5
27,epsilon-ranking-10.0,9,32,256,0.3,1.0,az_good.ckpt,az_good.ckpt,190,14
16,epsilon-ranking-10.0,9,32,256,0.4,1.0,az_good.ckpt,az_good.ckpt,215,8
7,epsilon-ranking-10.0,9,32,256,0.8,1.0,az_good.ckpt,az_good.ckpt,186,26
26,epsilon-ranking-10.0,9,32,256,0.8,1.0,az_good.ckpt,az_good.ckpt,40,2
2,epsilon-ranking-10.0,9,32,256,0.6666,1.0,az_good.ckpt,az_good.ckpt,174,17
18,epsilon-ranking-10.0,9,32,256,0.6333,1.0,az_good.ckpt,az_good.ckpt,201,12
5,epsilon-ranking-10.0,9,32,256,0.9666,1.0,az_good.ckpt,az_good.ckpt,101,12
15,epsilon-ranking-10.0,9,32,256,0.6666,1.0,az_good.ckpt,az_good.ckpt,187,16
2,epsilon-ranking-10.0,9,32,256,0.7333,1.0,az_good.ckpt,az_good.ckpt,13,4
11,epsilon-ranking-10.0,9,32,256,0.4333,1.0,az_good.ckpt,az_good.ckpt,185,4
14,epsilon-ranking-10.0,9,32,256,0.1333,1.0,az_good.ckpt,az_good.ckpt,232,5
10,epsilon-ranking-10.0,9,32,256,1.0,1.0,az_good.ckpt,az_good.ckpt,0,9
16,epsilon-ranking-10.0,9,32,256,0.7333,1.0,az_good.ckpt,az_good.ckpt,137,6
18,epsilon-ranking-10.0,9,32,256,0.3333,1.0,az_good.ckpt,az_good.ckpt,217,6
20,epsilon-ranking-10.0,9,32,256,0.9666,1.0,az_good.ckpt,az_good.ckpt,8,28
11,epsilon-ranking-10.0,9,32,256,0.1666,1.0,az_good.ckpt,az_good.ckpt,231,4
26,epsilon-ranking-10.0,9,32,256,0.2,1.0,az_good.ckpt,az_good.ckpt,230,2
25,epsilon-ranking-10.0,9,32,256,0.6333,1.0,az_good.ckpt,az_good.ckpt,215,10
22,epsilon-ranking-10.0,9,32,256,0.0666,1.0,az_good.ckpt,az_good.ckpt,251,2
11,epsilon-ranking-10.0,9,32,256,0.6666,1.0,az_good.ckpt,az_good.ckpt,200,13
1,epsilon-ranking-10.0,9,32,256,0.2,1.0,az_good.ckpt,az_good.ckpt,231,4
23,epsilon-ranking-10.0,9,32,256,0.7,1.0,az_good.ckpt,az_good.ckpt,161,14
22,epsilon-ranking-10.0,9,32,256,0.3666,1.0,az_good.ckpt,az_good.ckpt,200,6
29,epsilon-ranking-10.0,9,32,256,0.7,1.0,az_good.ckpt,az_good.ckpt,127,15
3,epsilon-ranking-10.0,9,32,256,0.3666,1.0,az_good.ckpt,az_good.ckpt,200,4
1,epsilon-ranking-10.0,9,32,256,1.0,1.0,az_good.ckpt,az_good.ckpt,31,9
22,epsilon-ranking-10.0,9,32,256,0.0,1.0,az_good.ckpt,az_good.ckpt,245,1
24,epsilon-ranking-10.0,9,32,256,0.0333,1.0,az_good.ckpt,az_good.ckpt,244,7
11,epsilon-ranking-10.0,9,32,256,0.8333,1.0,az_good.ckpt,az_good.ckpt,41,6
18,epsilon-ranking-10.0,9,32,256,0.4666,1.0,az_good.ckpt,az_good.ckpt,189,7
3,epsilon-ranking-10.0,9,32,256,0.2333,1.0,az_good.ckpt,az_good.ckpt,236,4
4,epsilon-ranking-10.0,9,32,256,0.0,1.0,az_good.ckpt,az_good.ckpt,215,2
14,epsilon-ranking-10.0,9,32,256,0.6333,1.0,az_good.ckpt,az_good.ckpt,190,16
22,epsilon-ranking-10.0,9,32,256,0.7333,1.0,az_good.ckpt,az_good.ckpt,108,3
12,epsilon-ranking-10.0,9,32,256,0.1666,1.0,az_good.ckpt,az_good.ckpt,237,5
17,epsilon-ranking-10.0,9,32,256,0.0666,1.0,az_good.ckpt,az_good.ckpt,248,0
16,epsilon-ranking-10.0,9,32,256,0.1,1.0,az_good.ckpt,az_good.ckpt,241,4
19,epsilon-ranking-10.0,9,32,256,0.8333,1.0,az_good.ckpt,az_good.ckpt,161,14
24,epsilon-ranking-10.0,9,32,256,0.1333,1.0,az_good.ckpt,az_good.ckpt,242,3
11,epsilon-ranking-10.0,9,32,256,0.2666,1.0,az_good.ckpt,az_good.ckpt,218,11
27,epsilon-ranking-10.0,9,32,256,0.0333,1.0,az_good.ckpt,az_good.ckpt,248,2
17,epsilon-ranking-10.0,9,32,256,0.4333,1.0,az_good.ckpt,az_good.ckpt,185,10
9,epsilon-ranking-10.0,9,32,256,1.0,1.0,az_good.ckpt,az_good.ckpt,16,12
24,epsilon-ranking-10.0,9,32,256,0.6333,1.0,az_good.ckpt,az_good.ckpt,205,4
14,epsilon-ranking-10.0,9,32,256,0.5666,1.0,az_good.ckpt,az_good.ckpt,183,13
10,epsilon-ranking-10.0,9,32,256,0.8333,1.0,az_good.ckpt,az_good.ckpt,10,0
6,epsilon-ranking-10.0,9,32,256,0.4666,1.0,az_good.ckpt,az_good.ckpt,188,17
11,epsilon-ranking-10.0,9,32,256,0.4,1.0,az_good.ckpt,az_good.ckpt,189,3
12,epsilon-ranking-10.0,9,32,256,0.8,1.0,az_good.ckpt,az_good.ckpt,165,23
5,epsilon-ranking-10.0,9,32,256,0.3333,1.0,az_good.ckpt,az_good.ckpt,206,3
10,epsilon-ranking-10.0,9,32,256,0.9666,1.0,az_good.ckpt,az_good.ckpt,6,7
3,epsilon-ranking-10.0,9,32,256,0.8,1.0,az_good.ckpt,az_good.ckpt,83,15
27,epsilon-ranking-10.0,9,32,256,0.9666,1.0,az_good.ckpt,az_good.ckpt,21,19
24,epsilon-ranking-10.0,9,32,256,0.5,1.0,az_good.ckpt,az_good.ckpt,213,7
13,epsilon-ranking-10.0,9,32,256,0.7,1.0,az_good.ckpt,az_good.ckpt,138,8
1,epsilon-ranking-10.0,9,32,256,0.5,1.0,az_good.ckpt,az_good.ckpt,192,8
4,epsilon-ranking-10.0,9,32,256,0.3666,1.0,az_good.ckpt,az_good.ckpt,208,9
18,epsilon-ranking-10.0,9,32,256,0.7,1.0,az_good.ckpt,az_good.ckpt,183,18
29,epsilon-ranking-10.0,9,32,256,0.4333,1.0,az_good.ckpt,az_good.ckpt,194,8
25,epsilon-ranking-10.0,9,32,256,0.9666,1.0,az_good.ckpt,az_good.ckpt,36,7
6,epsilon-ranking-10.0,9,32,256,0.1,1.0,az_good.ckpt,az_good.ckpt,245,7
17,epsilon-ranking-10.0,9,32,256,0.2333,1.0,az_good.ckpt,az_good.ckpt,233,3
2,epsilon-ranking-10.0,9,32,256,0.0333,1.0,az_good.ckpt,az_good.ckpt,253,3
16,epsilon-ranking-10.0,9,32,256,0.9333,1.0,az_good.ckpt,az_good.ckpt,153,22
30,epsilon-ranking-10.0,9,32,256,0.9666,1.0,az_good.ckpt,az_good.ckpt,10,29
28,epsilon-ranking-10.0,9,32,256,0.0333,1.0,az_good.ckpt,az_good.ckpt,252,5
5,epsilon-ranking-10.0,9,32,256,0.1,1.0,az_good.ckpt,az_good.ckpt,245,6
1,epsilon-ranking-10.0,9,32,256,0.7333,1.0,az_good.ckpt,az_good.ckpt,60,10
27,epsilon-ranking-10.0,9,32,256,0.2,1.0,az_good.ckpt,az_good.ckpt,238,7
7,epsilon-ranking-10.0,9,32,256,0.2333,1.0,az_good.ckpt,az_good.ckpt,221,1
11,epsilon-ranking-10.0,9,32,256,0.9666,1.0,az_good.ckpt,az_good.ckpt,7,1
3,epsilon-ranking-10.0,9,32,256,0.5666,1.0,az_good.ckpt,az_good.ckpt,196,13
18,epsilon-ranking-10.0,9,32,256,0.7333,1.0,az_good.ckpt,az_good.ckpt,93,9
7,epsilon-ranking-10.0,9,32,256,0.0666,1.0,az_good.ckpt,az_good.ckpt,243,5
2,epsilon-ranking-10.0,9,32,256,0.5333,1.0,az_good.ckpt,az_good.ckpt,224,9
5,epsilon-ranking-10.0,9,32,256,0.4,1.0,az_good.ckpt,az_good.ckpt,207,9
27,epsilon-ranking-10.0,9,32,256,0.8666,1.0,az_good.ckpt,az_good.ckpt,177,18
13,epsilon-ranking-10.0,9,32,256,0.3333,1.0,az_good.ckpt,az_good.ckpt,205,3
27,epsilon-ranking-10.0,9,32,256,0.2333,1.0,az_good.ckpt,az_good.ckpt,229,3
27,epsilon-ranking-10.0,9,32,256,0.3333,1.0,az_good.ckpt,az_good.ckpt,208,4
11,epsilon-ranking-10.0,9,32,256,0.0,1.0,az_good.ckpt,az_good.ckpt,239,0
3,epsilon-ranking-10.0,9,32,256,0.1666,1.0,az_good.ckpt,az_good.ckpt,232,6
13,epsilon-ranking-10.0,9,32,256,0.4333,1.0,az_good.ckpt,az_good.ckpt,204,11
6,epsilon-ranking-10.0,9,32,256,1.0,1.0,az_good.ckpt,az_good.ckpt,17,12
23,epsilon-ranking-10.0,9,32,256,0.5333,1.0,az_good.ckpt,az_good.ckpt,190,2
2,epsilon-ranking-10.0,9,32,256,0.2333,1.0,az_good.ckpt,az_good.ckpt,231,11
9,epsilon-ranking-10.0,9,32,256,0.8666,1.0,az_good.ckpt,az_good.ckpt,76,7
22,epsilon-ranking-10.0,9,32,256,0.9666,1.0,az_good.ckpt,az_good.ckpt,7,7
9,epsilon-ranking-10.0,9,32,256,0.8333,1.0,az_good.ckpt,az_good.ckpt,69,19
24,epsilon-ranking-10.0,9,32,256,0.4666,1.0,az_good.ckpt,az_good.ckpt,218,7
7,epsilon-ranking-10.0,9,32,256,0.2,1.0,az_good.ckpt,az_good.ckpt,224,3
1,epsilon-ranking-10.0,9,32,256,0.5666,1.0,az_good.ckpt,az_good.ckpt,192,13
4,epsilon-ranking-10.0,9,32,256,0.1,1.0,az_good.ckpt,az_good.ckpt,244,4
2,epsilon-ranking-10.0,9,32,256,0.9333,1.0,az_good.ckpt,az_good.ckpt,56,14
24,epsilon-ranking-10.0,9,32,256,0.8666,1.0,az_good.ckpt,az_good.ckpt,66,10
8,epsilon-ranking-10.0,9,32,256,0.3333,1.0,az_good.ckpt,az_good.ckpt,213,4
28,epsilon-ranking-10.0,9,32,256,0.5,1.0,az_good.ckpt,az_good.ckpt,173,8
21,epsilon-ranking-10.0,9,32,256,0.8333,1.0,az_good.ckpt,az_good.ckpt,32,14
16,epsilon-ranking-10.0,9,32,256,0.7666,1.0,az_good.ckpt,az_good.ckpt,205,11
23,epsilon-ranking-10.0,9,32,256,1.0,1.0,az_good.ckpt,az_good.ckpt,1,4
17,epsilon-ranking-10.0,9,32,256,0.6666,1.0,az_good.ckpt,az_good.ckpt,65,21
27,epsilon-ranking-10.0,9,32,256,1.0,1.0,az_good.ckpt,az_good.ckpt,6,7
14,epsilon-ranking-10.0,9,32,256,0.5333,1.0,az_good.ckpt,az_good.ckpt,184,2
12,epsilon-ranking-10.0,9,32,256,0.5,1.0,az_good.ckpt,az_good.ckpt,177,12
4,epsilon-ranking-10.0,9,32,256,0.7333,1.0,az_good.ckpt,az_good.ckpt,184,18
16,epsilon-ranking-10.0,9,32,256,0.6333,1.0,az_good.ckpt,az_good.ckpt,185,13
18,epsilon-ranking-10.0,9,32,256,0.0333,1.0,az_good.ckpt,az_good.ckpt,252,4
4,epsilon-ranking-10.0,9,32,256,0.0333,1.0,az_good.ckpt,az_good.ckpt,253,3
15,epsilon-ranking-10.0,9,32,256,0.1,1.0,az_good.ckpt,az_good.ckpt,248,2
10,epsilon-ranking-10.0,9,32,256,0.0333,1.0,az_good.ckpt,az_good.ckpt,253,2
30,epsilon-ranking-10.0,9,32,256,0.1,1.0,az_good.ckpt,az_good.ckpt,241,1
8,epsilon-ranking-10.0,9,32,256,0.6666,1.0,az_good.ckpt,az_good.ckpt,169,5
14,epsilon-ranking-10.0,9,32,256,0.0,1.0,az_good.ckpt,az_good.ckpt,248,0
3,epsilon-ranking-10.0,9,32,256,0.7333,1.0,az_good.ckpt,az_good.ckpt,61,9
11,epsilon-ranking-10.0,9,32,256,0.5666,1.0,az_good.ckpt,az_good.ckpt,166,9
7,epsilon-ranking-10.0,9,32,256,0.7333,1.0,az_good.ckpt,az_good.ckpt,158,7
14,epsilon-ranking-10.0,9,32,256,0.8666,1.0,az_good.ckpt,az_good.ckpt,39,16
30,epsilon-ranking-10.0,9,32,256,0.6,1.0,az_good.ckpt,az_good.ckpt,174,10
6,epsilon-ranking-10.0,9,32,256,0.6666,1.0,az_good.ckpt,az_good.ckpt,179,14
8,epsilon-ranking-10.0,9,32,256,0.7333,1.0,az_good.ckpt,az_good.ckpt,146,19
25,epsilon-ranking-10.0,9,32,256,0.7333,1.0,az_good.ckpt,az_good.ckpt,158,26
16,epsilon-ranking-10.0,9,32,256,0.8666,1.0,az_good.ckpt,az_good.ckpt,70,18
20,epsilon-ranking-10.0,9,32,256,0.6,1.0,az_good.ckpt,az_good.ckpt,216,15
20,epsilon-ranking-10.0,9,32,256,0.1,1.0,az_good.ckpt,az_good.ckpt,235,3
5,epsilon-ranking-10.0,9,32,256,0.3666,1.0,az_good.ckpt,az_good.ckpt,227,3
25,epsilon-ranking-10.0,9,32,256,0.3333,1.0,az_good.ckpt,az_good.ckpt,232,6
15,epsilon-ranking-10.0,9,32,256,0.5666,1.0,az_good.ckpt,az_good.ckpt,206,10
19,epsilon-ranking-10.0,9,32,256,0.5333,1.0,az_good.ckpt,az_good.ckpt,192,8
13,epsilon-ranking-10.0,9,32,256,0.5666,1.0,az_good.ckpt,az_good.ckpt,213,12
18,epsilon-ranking-10.0,9,32,256,0.2666,1.0,az_good.ckpt,az_good.ckpt,220,5
28,epsilon-ranking-10.0,9,32,256,0.0,1.0,az_good.ckpt,az_good.ckpt,227,2
4,epsilon-ranking-10.0,9,32,256,0.6,1.0,az_good.ckpt,az_good.ckpt,202,8
9,epsilon-ranking-10.0,9,32,256,0.0333,1.0,az_good.ckpt,az_good.ckpt,243,3
10,epsilon-ranking-10.0,9,32,256,0.1666,1.0,az_good.ckpt,az_good.ckpt,238,11
25,epsilon-ranking-10.0,9,32,256,0.4666,1.0,az_good.ckpt,az_good.ckpt,192,19
3,epsilon-ranking-10.0,9,32,256,0.4,1.0,az_good.ckpt,az_good.ckpt,208,12
25,epsilon-ranking-10.0,9,32,256,0.1333,1.0,az_good.ckpt,az_good.ckpt,244,6
21,epsilon-ranking-10.0,9,32,256,0.5,1.0,az_good.ckpt,az_good.ckpt,186,17
16,epsilon-ranking-10.0,9,32,256,0.9666,1.0,az_good.ckpt,az_good.ckpt,62,7
14,epsilon-ranking-10.0,9,32,256,0.9333,1.0,az_good.ckpt,az_good.ckpt,24,9
28,epsilon-ranking-10.0,9,32,256,0.5333,1.0,az_good.ckpt,az_good.ckpt,196,14
22,epsilon-ranking-10.0,9,32,256,0.2333,1.0,az_good.ckpt,az_good.ckpt,221,3
24,epsilon-ranking-10.0,9,32,256,0.3333,1.0,az_good.ckpt,az_good.ckpt,208,14
17,epsilon-ranking-10.0,9,32,256,0.7,1.0,az_good.ckpt,az_good.ckpt,105,10
4,epsilon-ranking-10.0,9,32,256,0.2666,1.0,az_good.ckpt,az_good.ckpt,217,10
15,epsilon-ranking-10.0,9,32,256,0.6,1.0,az_good.ckpt,az_good.ckpt,211,5
10,epsilon-ranking-10.0,9,32,256,0.3333,1.0,az_good.ckpt,az_good.ckpt,207,4
19,epsilon-ranking-10.0,9,32,256,0.4333,1.0,az_good.ckpt,az_good.ckpt,197,11
20,epsilon-ranking-10.0,9,32,256,0.6333,1.0,az_good.ckpt,az_good.ckpt,161,13
25,epsilon-ranking-10.0,9,32,256,0.7666,1.0,az_good.ckpt,az_good.ckpt,155,9
30,epsilon-ranking-10.0,9,32,256,0.4,1.0,az_good.ckpt,az_good.ckpt,181,7
26,epsilon-ranking-10.0,9,32,256,0.6,1.0,az_good.ckpt,az_good.ckpt,163,12
28,epsilon-ranking-10.0,9,32,256,0.4,1.0,az_good.ckpt,az_good.ckpt,211,6
17,epsilon-ranking-10.0,9,32,256,0.9333,1.0,az_good.ckpt,az_good.ckpt,16,43
21,epsilon-ranking-10.0,9,32,256,0.3666,1.0,az_good.ckpt,az_good.ckpt,218,3
29,epsilon-ranking-10.0,9,32,256,0.3666,1.0,az_good.ckpt,az_good.ckpt,195,7
15,epsilon-ranking-10.0,9,32,256,0.1666,1.0,az_good.ckpt,az_good.ckpt,219,8
5,epsilon-ranking-10.0,9,32,256,0.6,1.0,az_good.ckpt,az_good.ckpt,201,11
2,epsilon-ranking-10.0,9,32,256,0.5666,1.0,az_good.ckpt,az_good.ckpt,185,9
3,epsilon-ranking-10.0,9,32,256,0.2666,1.0,az_good.ckpt,az_good.ckpt,224,3
17,epsilon-ranking-10.0,9,32,256,0.9,1.0,az_good.ckpt,az_good.ckpt,45,31
21,epsilon-ranking-10.0,9,32,256,0.1666,1.0,az_good.ckpt,az_good.ckpt,232,3
29,epsilon-ranking-10.0,9,32,256,0.8333,1.0,az_good.ckpt,az_good.ckpt,156,21
8,epsilon-ranking-10.0,9,32,256,0.4,1.0,az_good.ckpt,az_good.ckpt,191,2
29,epsilon-ranking-10.0,9,32,256,0.9333,1.0,az_good.ckpt,az_good.ckpt,27,7
11,epsilon-ranking-10.0,9,32,256,0.4666,1.0,az_good.ckpt,az_good.ckpt,178,8
14,epsilon-ranking-10.0,9,32,256,0.0333,1.0,az_good.ckpt,az_good.ckpt,251,7
18,epsilon-ranking-10.0,9,32,256,0.5333,1.0,az_good.ckpt,az_good.ckpt,202,6
16,epsilon-ranking-10.0,9,32,256,0.3666,1.0,az_good.ckpt,az_good.ckpt,212,10
24,epsilon-ranking-10.0,9,32,256,0.6,1.0,az_good.ckpt,az_good.ckpt,215,5
21,epsilon-ranking-10.0,9,32,256,0.9666,1.0,az_good.ckpt,az_good.ckpt,5,4
25,epsilon-ranking-10.0,9,32,256,0.1,1.0,az_good.ckpt,az_good.ckpt,245,7
27,epsilon-ranking-10.0,9,32,256,0.7,1.0,az_good.ckpt,az_good.ckpt,138,5
24,epsilon-ranking-10.0,9,32,256,0.3,1.0,az_good.ckpt,az_good.ckpt,229,8
21,epsilon-ranking-10.0,9,32,256,0.3333,1.0,az_good.ckpt,az_good.ckpt,226,12
5,epsilon-ranking-10.0,9,32,256,0.9,1.0,az_good.ckpt,az_good.ckpt,142,16
16,epsilon-ranking-10.0,9,32,256,0.5666,1.0,az_good.ckpt,az_good.ckpt,203,9
19,epsilon-ranking-10.0,9,32,256,0.5666,1.0,az_good.ckpt,az_good.ckpt,157,13
16,epsilon-ranking-7.0,9,32,256,0.7333,1.0,az_good.ckpt,az_good.ckpt,137,6
20,epsilon-ranking-7.0,9,32,256,0.4666,1.0,az_good.ckpt,az_good.ckpt,209,7
9,epsilon-ranking-7.0,9,32,256,0.1666,1.0,az_good.ckpt,az_good.ckpt,218,6
4,epsilon-ranking-7.0,9,32,256,0.2333,1.0,az_good.ckpt,az_good.ckpt,230,6
10,epsilon-ranking-7.0,9,32,256,0.0666,1.0,az_good.ckpt,az_good.ckpt,245,4
14,epsilon-ranking-7.0,9,32,256,0.9,1.0,az_good.ckpt,az_good.ckpt,28,26
28,epsilon-ranking-7.0,9,32,256,0.0,1.0,az_good.ckpt,az_good.ckpt,227,2
8,epsilon-ranking-7.0,9,32,256,0.0333,1.0,az_good.ckpt,az_good.ckpt,250,4
23,epsilon-ranking-7.0,9,32,256,0.9333,1.0,az_good.ckpt,az_good.ckpt,30,9
27,epsilon-ranking-7.0,9,32,256,0.5666,1.0,az_good.ckpt,az_good.ckpt,176,7
9,epsilon-ranking-7.0,9,32,256,0.8,1.0,az_good.ckpt,az_good.ckpt,148,19
20,epsilon-ranking-7.0,9,32,256,0.5333,1.0,az_good.ckpt,az_good.ckpt,188,10
8,epsilon-ranking-7.0,9,32,256,0.5666,1.0,az_good.ckpt,az_good.ckpt,167,8
11,epsilon-ranking-7.0,9,32,256,0.6666,1.0,az_good.ckpt,az_good.ckpt,200,13
13,epsilon-ranking-7.0,9,32,256,0.8333,1.0,az_good.ckpt,az_good.ckpt,42,30
30,epsilon-ranking-7.0,9,32,256,0.9333,1.0,az_good.ckpt,az_good.ckpt,33,17
28,epsilon-ranking-7.0,9,32,256,0.5,1.0,az_good.ckpt,az_good.ckpt,173,8
7,epsilon-ranking-7.0,9,32,256,0.1666,1.0,az_good.ckpt,az_good.ckpt,234,2
21,epsilon-ranking-7.0,9,32,256,0.7666,1.0,az_good.ckpt,az_good.ckpt,163,11
7,epsilon-ranking-7.0,9,32,256,0.8,1.0,az_good.ckpt,az_good.ckpt,186,26
2,epsilon-ranking-7.0,9,32,256,0.3,1.0,az_good.ckpt,az_good.ckpt,214,6
11,epsilon-ranking-7.0,9,32,256,0.2333,1.0,az_good.ckpt,az_good.ckpt,219,11
10,epsilon-ranking-7.0,9,32,256,0.8666,1.0,az_good.ckpt,az_good.ckpt,18,7
9,epsilon-ranking-7.0,9,32,256,0.3333,1.0,az_good.ckpt,az_good.ckpt,179,6
3,epsilon-ranking-7.0,9,32,256,0.1666,1.0,az_good.ckpt,az_good.ckpt,217,5
22,epsilon-ranking-7.0,9,32,256,0.0666,1.0,az_good.ckpt,az_good.ckpt,246,4
4,epsilon-ranking-7.0,9,32,256,0.8666,1.0,az_good.ckpt,az_good.ckpt,119,23
5,epsilon-ranking-7.0,9,32,256,0.0333,1.0,az_good.ckpt,az_good.ckpt,252,1
3,epsilon-ranking-7.0,9,32,256,0.5333,1.0,az_good.ckpt,az_good.ckpt,210,4
30,epsilon-ranking-7.0,9,32,256,0.5333,1.0,az_good.ckpt,az_good.ckpt,221,13
28,epsilon-ranking-7.0,9,32,256,0.0333,1.0,az_good.ckpt,az_good.ckpt,254,2
27,epsilon-ranking-7.0,9,32,256,0.6666,1.0,az_good.ckpt,az_good.ckpt,156,19
1,epsilon-ranking-7.0,9,32,256,0.3333,1.0,az_good.ckpt,az_good.ckpt,211,13
27,epsilon-ranking-7.0,9,32,256,0.3666,1.0,az_good.ckpt,az_good.ckpt,208,9
19,epsilon-ranking-7.0,9,32,256,0.0333,1.0,az_good.ckpt,az_good.ckpt,247,4
27,epsilon-ranking-7.0,9,32,256,0.8333,1.0,az_good.ckpt,az_good.ckpt,114,8
9,epsilon-ranking-7.0,9,32,256,0.5,1.0,az_good.ckpt,az_good.ckpt,203,15
5,epsilon-ranking-7.0,9,32,256,0.0,1.0,az_good.ckpt,az_good.ckpt,244,6
10,epsilon-ranking-7.0,9,32,256,0.5333,1.0,az_good.ckpt,az_good.ckpt,189,7
2,epsilon-ranking-7.0,9,32,256,1.0,1.0,az_good.ckpt,az_good.ckpt,11,12
11,epsilon-ranking-7.0,9,32,256,0.0333,1.0,az_good.ckpt,az_good.ckpt,245,7
4,epsilon-ranking-7.0,9,32,256,0.3333,1.0,az_good.ckpt,az_good.ckpt,215,9
9,epsilon-ranking-7.0,9,32,256,0.0,1.0,az_good.ckpt,az_good.ckpt,227,1
13,epsilon-ranking-7.0,9,32,256,0.6,1.0,az_good.ckpt,az_good.ckpt,182,10
14,epsilon-ranking-7.0,9,32,256,0.3333,1.0,az_good.ckpt,az_good.ckpt,200,6
6,epsilon-ranking-7.0,9,32,256,0.0,1.0,az_good.ckpt,az_good.ckpt,225,3
15,epsilon-ranking-7.0,9,32,256,0.4333,1.0,az_good.ckpt,az_good.ckpt,197,6
11,epsilon-ranking-7.0,9,32,256,0.0666,1.0,az_good.ckpt,az_good.ckpt,235,4
13,epsilon-ranking-7.0,9,32,256,0.5666,1.0,az_good.ckpt,az_good.ckpt,213,12
26,epsilon-ranking-7.0,9,32,256,0.5666,1.0,az_good.ckpt,az_good.ckpt,188,17
17,epsilon-ranking-7.0,9,32,256,0.7333,1.0,az_good.ckpt,az_good.ckpt,121,15
1,epsilon-ranking-7.0,9,32,256,0.6666,1.0,az_good.ckpt,az_good.ckpt,30,9
25,epsilon-ranking-7.0,9,32,256,0.0,1.0,az_good.ckpt,az_good.ckpt,238,1
21,epsilon-ranking-7.0,9,32,256,0.1333,1.0,az_good.ckpt,az_good.ckpt,242,2
6,epsilon-ranking-7.0,9,32,256,0.6333,1.0,az_good.ckpt,az_good.ckpt,182,12
17,epsilon-ranking-7.0,9,32,256,0.2333,1.0,az_good.ckpt,az_good.ckpt,234,8
24,epsilon-ranking-7.0,9,32,256,0.6666,1.0,az_good.ckpt,az_good.ckpt,175,13
4,epsilon-ranking-7.0,9,32,256,0.1666,1.0,az_good.ckpt,az_good.ckpt,231,4
17,epsilon-ranking-7.0,9,32,256,0.4,1.0,az_good.ckpt,az_good.ckpt,209,11
7,epsilon-ranking-7.0,9,32,256,0.2666,1.0,az_good.ckpt,az_good.ckpt,233,7
28,epsilon-ranking-7.0,9,32,256,0.8666,1.0,az_good.ckpt,az_good.ckpt,146,20
16,epsilon-ranking-7.0,9,32,256,0.0,1.0,az_good.ckpt,az_good.ckpt,234,1
18,epsilon-ranking-7.0,9,32,256,0.4,1.0,az_good.ckpt,az_good.ckpt,220,7
27,epsilon-ranking-7.0,9,32,256,0.8666,1.0,az_good.ckpt,az_good.ckpt,177,18
18,epsilon-ranking-7.0,9,32,256,0.9666,1.0,az_good.ckpt,az_good.ckpt,3,7
27,epsilon-ranking-7.0,9,32,256,1.0,1.0,az_good.ckpt,az_good.ckpt,6,7
17,epsilon-ranking-7.0,9,32,256,0.1666,1.0,az_good.ckpt,az_good.ckpt,235,5
9,epsilon-ranking-7.0,9,32,256,0.5666,1.0,az_good.ckpt,az_good.ckpt,179,10
26,epsilon-ranking-7.0,9,32,256,1.0,1.0,az_good.ckpt,az_good.ckpt,5,4
14,epsilon-ranking-7.0,9,32,256,0.9333,1.0,az_good.ckpt,az_good.ckpt,24,9
6,epsilon-ranking-7.0,9,32,256,0.2,1.0,az_good.ckpt,az_good.ckpt,234,6
24,epsilon-ranking-7.0,9,32,256,0.7333,1.0,az_good.ckpt,az_good.ckpt,135,23
11,epsilon-ranking-7.0,9,32,256,0.4333,1.0,az_good.ckpt,az_good.ckpt,192,12
22,epsilon-ranking-7.0,9,32,256,0.6,1.0,az_good.ckpt,az_good.ckpt,206,11
13,epsilon-ranking-7.0,9,32,256,0.3333,1.0,az_good.ckpt,az_good.ckpt,206,5
24,epsilon-ranking-7.0,9,32,256,0.2333,1.0,az_good.ckpt,az_good.ckpt,236,12
26,epsilon-ranking-7.0,9,32,256,0.4333,1.0,az_good.ckpt,az_good.ckpt,184,11
30,epsilon-ranking-7.0,9,32,256,0.6333,1.0,az_good.ckpt,az_good.ckpt,207,11
5,epsilon-ranking-7.0,9,32,256,0.9,1.0,az_good.ckpt,az_good.ckpt,142,16
3,epsilon-ranking-7.0,9,32,256,0.9666,1.0,az_good.ckpt,az_good.ckpt,10,11
3,epsilon-ranking-7.0,9,32,256,0.0666,1.0,az_good.ckpt,az_good.ckpt,249,5
26,epsilon-ranking-7.0,9,32,256,0.2,1.0,az_good.ckpt,az_good.ckpt,226,7
15,epsilon-ranking-7.0,9,32,256,0.3,1.0,az_good.ckpt,az_good.ckpt,229,4
13,epsilon-ranking-7.0,9,32,256,0.3666,1.0,az_good.ckpt,az_good.ckpt,200,12
21,epsilon-ranking-7.0,9,32,256,0.2666,1.0,az_good.ckpt,az_good.ckpt,215,16
17,epsilon-ranking-7.0,9,32,256,0.3,1.0,az_good.ckpt,az_good.ckpt,240,6
14,epsilon-ranking-7.0,9,32,256,0.6333,1.0,az_good.ckpt,az_good.ckpt,190,16
17,epsilon-ranking-7.0,9,32,256,0.2666,1.0,az_good.ckpt,az_good.ckpt,211,9
12,epsilon-ranking-7.0,9,32,256,0.8,1.0,az_good.ckpt,az_good.ckpt,165,23
10,epsilon-ranking-7.0,9,32,256,0.4,1.0,az_good.ckpt,az_good.ckpt,210,5
25,epsilon-ranking-7.0,9,32,256,0.6,1.0,az_good.ckpt,az_good.ckpt,192,16
19,epsilon-ranking-7.0,9,32,256,0.9,1.0,az_good.ckpt,az_good.ckpt,43,7
15,epsilon-ranking-7.0,9,32,256,0.3333,1.0,az_good.ckpt,az_good.ckpt,216,13
13,epsilon-ranking-7.0,9,32,256,0.6666,1.0,az_good.ckpt,az_good.ckpt,146,11
17,epsilon-ranking-7.0,9,32,256,0.8666,1.0,az_good.ckpt,az_good.ckpt,29,31
21,epsilon-ranking-7.0,9,32,256,0.4666,1.0,az_good.ckpt,az_good.ckpt,211,16
17,epsilon-ranking-7.0,9,32,256,0.7,1.0,az_good.ckpt,az_good.ckpt,103,15
7,epsilon-ranking-7.0,9,32,256,0.4333,1.0,az_good.ckpt,az_good.ckpt,206,6
29,epsilon-ranking-7.0,9,32,256,0.9,1.0,az_good.ckpt,az_good.ckpt,134,36
19,epsilon-ranking-7.0,9,32,256,0.4666,1.0,az_good.ckpt,az_good.ckpt,189,5
30,epsilon-ranking-7.0,9,32,256,0.8666,1.0,az_good.ckpt,az_good.ckpt,22,13
11,epsilon-ranking-7.0,9,32,256,0.7666,1.0,az_good.ckpt,az_good.ckpt,11,5
29,epsilon-ranking-7.0,9,32,256,0.7,1.0,az_good.ckpt,az_good.ckpt,127,15
14,epsilon-ranking-7.0,9,32,256,0.8666,1.0,az_good.ckpt,az_good.ckpt,39,16
5,epsilon-ranking-7.0,9,32,256,0.1,1.0,az_good.ckpt,az_good.ckpt,247,3
17,epsilon-ranking-7.0,9,32,256,0.3333,1.0,az_good.ckpt,az_good.ckpt,218,7
10,epsilon-ranking-7.0,9,32,256,0.6666,1.0,az_good.ckpt,az_good.ckpt,126,9
7,epsilon-ranking-7.0,9,32,256,0.7333,1.0,az_good.ckpt,az_good.ckpt,158,7
17,epsilon-ranking-7.0,9,32,256,0.1333,1.0,az_good.ckpt,az_good.ckpt,240,4
24,epsilon-ranking-7.0,9,32,256,0.7666,1.0,az_good.ckpt,az_good.ckpt,138,7
12,epsilon-ranking-7.0,9,32,256,0.6333,1.0,az_good.ckpt,az_good.ckpt,156,20
22,epsilon-ranking-7.0,9,32,256,0.9666,1.0,az_good.ckpt,az_good.ckpt,7,7
15,epsilon-ranking-7.0,9,32,256,0.7333,1.0,az_good.ckpt,az_good.ckpt,125,16
14,epsilon-ranking-7.0,9,32,256,0.2333,1.0,az_good.ckpt,az_good.ckpt,226,9
9,epsilon-ranking-7.0,9,32,256,0.7,1.0,az_good.ckpt,az_good.ckpt,75,9
12,epsilon-ranking-7.0,9,32,256,0.0333,1.0,az_good.ckpt,az_good.ckpt,251,2
27,epsilon-ranking-7.0,9,32,256,0.0666,1.0,az_good.ckpt,az_good.ckpt,248,3
15,epsilon-ranking-7.0,9,32,256,1.0,1.0,az_good.ckpt,az_good.ckpt,11,5
20,epsilon-ranking-7.0,9,32,256,0.8,1.0,az_good.ckpt,az_good.ckpt,88,16
21,epsilon-ranking-7.0,9,32,256,0.4,1.0,az_good.ckpt,az_good.ckpt,205,7
14,epsilon-ranking-7.0,9,32,256,0.9666,1.0,az_good.ckpt,az_good.ckpt,10,5
30,epsilon-ranking-7.0,9,32,256,0.3333,1.0,az_good.ckpt,az_good.ckpt,220,11
3,epsilon-ranking-7.0,9,32,256,0.5666,1.0,az_good.ckpt,az_good.ckpt,196,13
27,epsilon-ranking-7.0,9,32,256,0.7666,1.0,az_good.ckpt,az_good.ckpt,174,3
25,epsilon-ranking-7.0,9,32,256,0.2333,1.0,az_good.ckpt,az_good.ckpt,225,6
2,epsilon-ranking-7.0,9,32,256,0.9,1.0,az_good.ckpt,az_good.ckpt,101,15
22,epsilon-ranking-7.0,9,32,256,0.0,1.0,az_good.ckpt,az_good.ckpt,245,1
23,epsilon-ranking-7.0,9,32,256,0.3,1.0,az_good.ckpt,az_good.ckpt,207,13
4,epsilon-ranking-7.0,9,32,256,0.8,1.0,az_good.ckpt,az_good.ckpt,194,18
21,epsilon-ranking-7.0,9,32,256,0.6333,1.0,az_good.ckpt,az_good.ckpt,152,2
26,epsilon-ranking-7.0,9,32,256,0.5,1.0,az_good.ckpt,az_good.ckpt,206,11
15,epsilon-ranking-7.0,9,32,256,0.9666,1.0,az_good.ckpt,az_good.ckpt,51,8
13,epsilon-ranking-7.0,9,32,256,0.1666,1.0,az_good.ckpt,az_good.ckpt,206,7
10,epsilon-ranking-7.0,9,32,256,0.7,1.0,az_good.ckpt,az_good.ckpt,195,22
5,epsilon-ranking-7.0,9,32,256,1.0,1.0,az_good.ckpt,az_good.ckpt,18,5
20,epsilon-ranking-7.0,9,32,256,0.9333,1.0,az_good.ckpt,az_good.ckpt,51,5
5,epsilon-ranking-7.0,9,32,256,0.0666,1.0,az_good.ckpt,az_good.ckpt,252,6
4,epsilon-ranking-7.0,9,32,256,0.5666,1.0,az_good.ckpt,az_good.ckpt,187,9
27,epsilon-ranking-7.0,9,32,256,0.5,1.0,az_good.ckpt,az_good.ckpt,197,9
22,epsilon-ranking-7.0,9,32,256,0.9333,1.0,az_good.ckpt,az_good.ckpt,13,3
3,epsilon-ranking-7.0,9,32,256,0.8666,1.0,az_good.ckpt,az_good.ckpt,179,19
14,epsilon-ranking-7.0,9,32,256,0.6,1.0,az_good.ckpt,az_good.ckpt,182,23
17,epsilon-ranking-7.0,9,32,256,0.3666,1.0,az_good.ckpt,az_good.ckpt,232,8
25,epsilon-ranking-7.0,9,32,256,0.8666,1.0,az_good.ckpt,az_good.ckpt,165,12
28,epsilon-ranking-7.0,9,32,256,0.9,1.0,az_good.ckpt,az_good.ckpt,77,7
6,epsilon-ranking-7.0,9,32,256,0.8666,1.0,az_good.ckpt,az_good.ckpt,137,22
19,epsilon-ranking-7.0,9,32,256,0.9333,1.0,az_good.ckpt,az_good.ckpt,8,1
16,epsilon-ranking-7.0,9,32,256,0.4666,1.0,az_good.ckpt,az_good.ckpt,201,10
2,epsilon-ranking-7.0,9,32,256,0.1333,1.0,az_good.ckpt,az_good.ckpt,231,2
10,epsilon-ranking-7.0,9,32,256,0.9333,1.0,az_good.ckpt,az_good.ckpt,127,13
10,epsilon-ranking-7.0,9,32,256,0.4333,1.0,az_good.ckpt,az_good.ckpt,206,8
12,epsilon-ranking-7.0,9,32,256,0.3333,1.0,az_good.ckpt,az_good.ckpt,210,7
21,epsilon-ranking-7.0,9,32,256,0.9333,1.0,az_good.ckpt,az_good.ckpt,2,1
25,epsilon-ranking-7.0,9,32,256,0.0333,1.0,az_good.ckpt,az_good.ckpt,249,1
11,epsilon-ranking-7.0,9,32,256,0.1,1.0,az_good.ckpt,az_good.ckpt,241,3
10,epsilon-ranking-7.0,9,32,256,0.1,1.0,az_good.ckpt,az_good.ckpt,230,3
6,epsilon-ranking-7.0,9,32,256,0.1,1.0,az_good.ckpt,az_good.ckpt,248,3
7,epsilon-ranking-7.0,9,32,256,0.3666,1.0,az_good.ckpt,az_good.ckpt,236,5
27,epsilon-ranking-7.0,9,32,256,0.4666,1.0,az_good.ckpt,az_good.ckpt,206,8
23,epsilon-ranking-7.0,9,32,256,0.5,1.0,az_good.ckpt,az_good.ckpt,184,10
6,epsilon-ranking-7.0,9,32,256,0.1333,1.0,az_good.ckpt,az_good.ckpt,233,7
29,epsilon-ranking-7.0,9,32,256,0.2,1.0,az_good.ckpt,az_good.ckpt,227,5
4,epsilon-ranking-7.0,9,32,256,0.0,1.0,az_good.ckpt,az_good.ckpt,215,2
17,epsilon-ranking-7.0,9,32,256,0.5333,1.0,az_good.ckpt,az_good.ckpt,136,15
29,epsilon-ranking-7.0,9,32,256,0.4666,1.0,az_good.ckpt,az_good.ckpt,197,12
7,epsilon-ranking-7.0,9,32,256,0.4,1.0,az_good.ckpt,az_good.ckpt,206,4
30,epsilon-ranking-7.0,9,32,256,0.7666,1.0,az_good.ckpt,az_good.ckpt,106,5
28,epsilon-ranking-7.0,9,32,256,0.7,1.0,az_good.ckpt,az_good.ckpt,109,14
7,epsilon-ranking-7.0,9,32,256,0.9333,1.0,az_good.ckpt,az_good.ckpt,138,29
30,epsilon-ranking-7.0,9,32,256,0.0,1.0,az_good.ckpt,az_good.ckpt,230,3
29,epsilon-ranking-7.0,9,32,256,0.3666,1.0,az_good.ckpt,az_good.ckpt,198,8
24,epsilon-ranking-7.0,9,32,256,0.7,1.0,az_good.ckpt,az_good.ckpt,136,6
30,epsilon-ranking-7.0,9,32,256,0.4333,1.0,az_good.ckpt,az_good.ckpt,195,3
1,epsilon-ranking-7.0,9,32,256,0.3666,1.0,az_good.ckpt,az_good.ckpt,199,15
8,epsilon-ranking-7.0,9,32,256,0.4666,1.0,az_good.ckpt,az_good.ckpt,187,5
16,epsilon-ranking-7.0,9,32,256,0.0666,1.0,az_good.ckpt,az_good.ckpt,247,3
14,epsilon-ranking-7.0,9,32,256,0.5,1.0,az_good.ckpt,az_good.ckpt,224,8
15,epsilon-ranking-7.0,9,32,256,0.9333,1.0,az_good.ckpt,az_good.ckpt,71,11
23,epsilon-ranking-7.0,9,32,256,0.7,1.0,az_good.ckpt,az_good.ckpt,161,14
6,epsilon-ranking-7.0,9,32,256,0.7,1.0,az_good.ckpt,az_good.ckpt,134,8
19,epsilon-ranking-7.0,9,32,256,0.7666,1.0,az_good.ckpt,az_good.ckpt,90,16
29,epsilon-ranking-7.0,9,32,256,0.2333,1.0,az_good.ckpt,az_good.ckpt,224,4
22,epsilon-ranking-7.0,9,32,256,0.4666,1.0,az_good.ckpt,az_good.ckpt,200,10
3,epsilon-ranking-7.0,9,32,256,0.8333,1.0,az_good.ckpt,az_good.ckpt,134,16
30,epsilon-ranking-7.0,9,32,256,0.1666,1.0,az_good.ckpt,az_good.ckpt,238,3
4,epsilon-ranking-7.0,9,32,256,0.3,1.0,az_good.ckpt,az_good.ckpt,213,12
10,epsilon-ranking-7.0,9,32,256,0.2,1.0,az_good.ckpt,az_good.ckpt,229,16
27,epsilon-ranking-7.0,9,32,256,0.0333,1.0,az_good.ckpt,az_good.ckpt,251,1
20,epsilon-ranking-7.0,9,32,256,0.1666,1.0,az_good.ckpt,az_good.ckpt,225,8
5,epsilon-ranking-7.0,9,32,256,0.6,1.0,az_good.ckpt,az_good.ckpt,201,11
23,epsilon-ranking-7.0,9,32,256,0.0,1.0,az_good.ckpt,az_good.ckpt,230,0
21,epsilon-ranking-7.0,9,32,256,0.7333,1.0,az_good.ckpt,az_good.ckpt,155,7
19,epsilon-ranking-7.0,9,32,256,0.8333,1.0,az_good.ckpt,az_good.ckpt,161,14
4,epsilon-ranking-7.0,9,32,256,0.6333,1.0,az_good.ckpt,az_good.ckpt,144,16
4,epsilon-ranking-7.0,9,32,256,0.2666,1.0,az_good.ckpt,az_good.ckpt,242,0
4,epsilon-ranking-7.0,9,32,256,0.4,1.0,az_good.ckpt,az_good.ckpt,194,7
19,epsilon-ranking-7.0,9,32,256,0.6,1.0,az_good.ckpt,az_good.ckpt,197,14
14,epsilon-ranking-7.0,9,32,256,0.5666,1.0,az_good.ckpt,az_good.ckpt,183,13
28,epsilon-ranking-7.0,9,32,256,0.8,1.0,az_good.ckpt,az_good.ckpt,142,29
25,epsilon-ranking-7.0,9,32,256,0.4333,1.0,az_good.ckpt,az_good.ckpt,187,3
5,epsilon-ranking-7.0,9,32,256,0.8333,1.0,az_good.ckpt,az_good.ckpt,79,16
10,epsilon-ranking-7.0,9,32,256,0.7666,1.0,az_good.ckpt,az_good.ckpt,13,0
22,epsilon-ranking-7.0,9,32,256,0.1666,1.0,az_good.ckpt,az_good.ckpt,226,9
15,epsilon-ranking-7.0,9,32,256,0.7666,1.0,az_good.ckpt,az_good.ckpt,161,12
18,epsilon-ranking-7.0,9,32,256,0.5,1.0,az_good.ckpt,az_good.ckpt,236,11
29,epsilon-ranking-7.0,9,32,256,0.5,1.0,az_good.ckpt,az_good.ckpt,178,13
6,epsilon-ranking-7.0,9,32,256,0.4,1.0,az_good.ckpt,az_good.ckpt,200,6
16,epsilon-ranking-7.0,9,32,256,0.9,1.0,az_good.ckpt,az_good.ckpt,61,16
7,epsilon-ranking-7.0,9,32,256,0.0666,1.0,az_good.ckpt,az_good.ckpt,243,0
8,epsilon-ranking-7.0,9,32,256,0.0,1.0,az_good.ckpt,az_good.ckpt,244,0
25,epsilon-ranking-7.0,9,32,256,0.2666,1.0,az_good.ckpt,az_good.ckpt,218,6
7,epsilon-ranking-7.0,9,32,256,0.0333,1.0,az_good.ckpt,az_good.ckpt,253,3
9,epsilon-ranking-7.0,9,32,256,0.1,1.0,az_good.ckpt,az_good.ckpt,240,2
18,epsilon-ranking-7.0,9,32,256,0.7333,1.0,az_good.ckpt,az_good.ckpt,93,9
26,epsilon-ranking-7.0,9,32,256,0.8333,1.0,az_good.ckpt,az_good.ckpt,69,14
6,epsilon-ranking-7.0,9,32,256,0.8333,1.0,az_good.ckpt,az_good.ckpt,131,16
27,epsilon-ranking-7.0,9,32,256,0.2,1.0,az_good.ckpt,az_good.ckpt,245,4
26,epsilon-ranking-7.0,9,32,256,0.6333,1.0,az_good.ckpt,az_good.ckpt,166,4
18,epsilon-ranking-7.0,9,32,256,0.0666,1.0,az_good.ckpt,az_good.ckpt,247,2
26,epsilon-ranking-7.0,9,32,256,0.1666,1.0,az_good.ckpt,az_good.ckpt,224,5
21,epsilon-ranking-7.0,9,32,256,0.1,1.0,az_good.ckpt,az_good.ckpt,249,3
27,epsilon-ranking-7.0,9,32,256,0.7,1.0,az_good.ckpt,az_good.ckpt,138,5
4,epsilon-ranking-7.0,9,32,256,0.4666,1.0,az_good.ckpt,az_good.ckpt,199,13
13,epsilon-ranking-7.0,9,32,256,0.4666,1.0,az_good.ckpt,az_good.ckpt,198,14
21,epsilon-ranking-7.0,9,32,256,0.5666,1.0,az_good.ckpt,az_good.ckpt,174,7
26,epsilon-ranking-7.0,9,32,256,0.2666,1.0,az_good.ckpt,az_good.ckpt,209,8
5,epsilon-ranking-7.0,9,32,256,0.9666,1.0,az_good.ckpt,az_good.ckpt,101,12
8,epsilon-ranking-7.0,9,32,256,0.6666,1.0,az_good.ckpt,az_good.ckpt,169,5
3,epsilon-ranking-7.0,9,32,256,0.2666,1.0,az_good.ckpt,az_good.ckpt,222,3
28,epsilon-ranking-7.0,9,32,256,0.4666,1.0,az_good.ckpt,az_good.ckpt,166,16
15,epsilon-ranking-7.0,9,32,256,0.8666,1.0,az_good.ckpt,az_good.ckpt,129,5
2,epsilon-ranking-7.0,9,32,256,0.8,1.0,az_good.ckpt,az_good.ckpt,138,26
8,epsilon-ranking-7.0,9,32,256,0.4,1.0,az_good.ckpt,az_good.ckpt,203,4
20,epsilon-ranking-7.0,9,32,256,0.9666,1.0,az_good.ckpt,az_good.ckpt,8,28
23,epsilon-ranking-7.0,9,32,256,0.1,1.0,az_good.ckpt,az_good.ckpt,242,4
18,epsilon-ranking-7.0,9,32,256,0.2,1.0,az_good.ckpt,az_good.ckpt,233,3
10,epsilon-ranking-7.0,9,32,256,0.3666,1.0,az_good.ckpt,az_good.ckpt,209,10
9,epsilon-ranking-7.0,9,32,256,0.5333,1.0,az_good.ckpt,az_good.ckpt,176,17
8,epsilon-ranking-7.0,9,32,256,0.2333,1.0,az_good.ckpt,az_good.ckpt,209,14
1,epsilon-ranking-7.0,9,32,256,0.0,1.0,az_good.ckpt,az_good.ckpt,243,1
2,epsilon-ranking-7.0,9,32,256,0.2333,1.0,az_good.ckpt,az_good.ckpt,229,3
26,epsilon-ranking-7.0,9,32,256,0.3333,1.0,az_good.ckpt,az_good.ckpt,197,4
6,epsilon-ranking-7.0,9,32,256,0.6,1.0,az_good.ckpt,az_good.ckpt,211,10
27,epsilon-ranking-7.0,9,32,256,0.6333,1.0,az_good.ckpt,az_good.ckpt,157,15
3,epsilon-ranking-7.0,9,32,256,0.8,1.0,az_good.ckpt,az_good.ckpt,83,15
22,epsilon-ranking-7.0,9,32,256,0.2666,1.0,az_good.ckpt,az_good.ckpt,207,4
29,epsilon-ranking-7.0,9,32,256,0.9333,1.0,az_good.ckpt,az_good.ckpt,27,7
23,epsilon-ranking-7.0,9,32,256,0.2,1.0,az_good.ckpt,az_good.ckpt,212,10
18,epsilon-ranking-7.0,9,32,256,0.5666,1.0,az_good.ckpt,az_good.ckpt,169,7
13,epsilon-ranking-7.0,9,32,256,0.0,1.0,az_good.ckpt,az_good.ckpt,238,1
3,epsilon-ranking-7.0,9,32,256,0.7,1.0,az_good.ckpt,az_good.ckpt,145,13
19,epsilon-ranking-7.0,9,32,256,0.7333,1.0,az_good.ckpt,az_good.ckpt,128,8
22,epsilon-ranking-7.0,9,32,256,0.6666,1.0,az_good.ckpt,az_good.ckpt,115,14
11,epsilon-ranking-7.0,9,32,256,0.5333,1.0,az_good.ckpt,az_good.ckpt,190,11
25,epsilon-ranking-7.0,9,32,256,0.9333,1.0,az_good.ckpt,az_good.ckpt,60,11
1,epsilon-ranking-7.0,9,32,256,1.0,1.0,az_good.ckpt,az_good.ckpt,31,9
5,epsilon-ranking-7.0,9,32,256,0.6666,1.0,az_good.ckpt,az_good.ckpt,137,7
28,epsilon-ranking-7.0,9,32,256,0.3,1.0,az_good.ckpt,az_good.ckpt,224,5
28,epsilon-ranking-7.0,9,32,256,0.4,1.0,az_good.ckpt,az_good.ckpt,203,9
22,epsilon-ranking-7.0,9,32,256,0.8666,1.0,az_good.ckpt,az_good.ckpt,155,14
3,epsilon-ranking-7.0,9,32,256,0.5,1.0,az_good.ckpt,az_good.ckpt,168,16
2,epsilon-ranking-7.0,9,32,256,0.3333,1.0,az_good.ckpt,az_good.ckpt,216,6
20,epsilon-ranking-7.0,9,32,256,0.8666,1.0,az_good.ckpt,az_good.ckpt,102,8
16,epsilon-ranking-7.0,9,32,256,0.3333,1.0,az_good.ckpt,az_good.ckpt,213,11
10,epsilon-ranking-7.0,9,32,256,0.4666,1.0,az_good.ckpt,az_good.ckpt,195,7
13,epsilon-ranking-7.0,9,32,256,0.8666,1.0,az_good.ckpt,az_good.ckpt,21,9
13,epsilon-ranking-7.0,9,32,256,0.7333,1.0,az_good.ckpt,az_good.ckpt,159,6
8,epsilon-ranking-7.0,9,32,256,0.3666,1.0,az_good.ckpt,az_good.ckpt,207,2
17,epsilon-ranking-7.0,9,32,256,0.7666,1.0,az_good.ckpt,az_good.ckpt,101,16
16,epsilon-ranking-7.0,9,32,256,0.5666,1.0,az_good.ckpt,az_good.ckpt,203,9
24,epsilon-ranking-7.0,9,32,256,0.9,1.0,az_good.ckpt,az_good.ckpt,12,1
22,epsilon-ranking-7.0,9,32,256,0.2,1.0,az_good.ckpt,az_good.ckpt,221,5
8,epsilon-ranking-7.0,9,32,256,0.8666,1.0,az_good.ckpt,az_good.ckpt,114,17
19,epsilon-ranking-7.0,9,32,256,0.1,1.0,az_good.ckpt,az_good.ckpt,242,6
21,epsilon-ranking-7.0,9,32,256,0.0,1.0,az_good.ckpt,az_good.ckpt,239,2
14,epsilon-ranking-7.0,9,32,256,0.1666,1.0,az_good.ckpt,az_good.ckpt,218,13
19,epsilon-ranking-7.0,9,32,256,0.6666,1.0,az_good.ckpt,az_good.ckpt,185,15
11,epsilon-ranking-7.0,9,32,256,0.9,1.0,az_good.ckpt,az_good.ckpt,62,13
25,epsilon-ranking-7.0,9,32,256,0.2,1.0,az_good.ckpt,az_good.ckpt,210,7
30,epsilon-ranking-7.0,9,32,256,0.1,1.0,az_good.ckpt,az_good.ckpt,246,4
8,epsilon-ranking-7.0,9,32,256,0.5333,1.0,az_good.ckpt,az_good.ckpt,186,17
12,epsilon-ranking-7.0,9,32,256,0.1666,1.0,az_good.ckpt,az_good.ckpt,223,3
2,epsilon-ranking-7.0,9,32,256,0.9333,1.0,az_good.ckpt,az_good.ckpt,56,14
30,epsilon-ranking-7.0,9,32,256,0.5666,1.0,az_good.ckpt,az_good.ckpt,216,13
10,epsilon-ranking-7.0,9,32,256,0.6,1.0,az_good.ckpt,az_good.ckpt,175,8
5,epsilon-ranking-7.0,9,32,256,0.5333,1.0,az_good.ckpt,az_good.ckpt,183,6
27,epsilon-ranking-7.0,9,32,256,0.7333,1.0,az_good.ckpt,az_good.ckpt,135,16
6,epsilon-ranking-7.0,9,32,256,0.3666,1.0,az_good.ckpt,az_good.ckpt,204,14
3,epsilon-ranking-7.0,9,32,256,0.4666,1.0,az_good.ckpt,az_good.ckpt,178,11
18,epsilon-ranking-7.0,9,32,256,0.6,1.0,az_good.ckpt,az_good.ckpt,187,5
5,epsilon-ranking-7.0,9,32,256,0.7,1.0,az_good.ckpt,az_good.ckpt,130,11
20,epsilon-ranking-7.0,9,32,256,1.0,1.0,az_good.ckpt,az_good.ckpt,0,4
1,epsilon-ranking-7.0,9,32,256,0.0666,1.0,az_good.ckpt,az_good.ckpt,247,0
26,epsilon-ranking-7.0,9,32,256,0.9666,1.0,az_good.ckpt,az_good.ckpt,4,2
23,epsilon-ranking-7.0,9,32,256,0.2333,1.0,az_good.ckpt,az_good.ckpt,225,7
17,epsilon-ranking-7.0,9,32,256,0.6666,1.0,az_good.ckpt,az_good.ckpt,65,21
30,epsilon-ranking-7.0,9,32,256,0.0666,1.0,az_good.ckpt,az_good.ckpt,251,3
28,epsilon-ranking-7.0,9,32,256,1.0,1.0,az_good.ckpt,az_good.ckpt,4,2
15,epsilon-ranking-7.0,9,32,256,0.9,1.0,az_good.ckpt,az_good.ckpt,93,9
3,epsilon-ranking-7.0,9,32,256,0.9333,1.0,az_good.ckpt,az_good.ckpt,116,5
8,epsilon-ranking-7.0,9,32,256,0.7666,1.0,az_good.ckpt,az_good.ckpt,153,14
12,epsilon-ranking-7.0,9,32,256,0.3,1.0,az_good.ckpt,az_good.ckpt,226,6
16,epsilon-ranking-7.0,9,32,256,0.6,1.0,az_good.ckpt,az_good.ckpt,203,21
16,epsilon-ranking-7.0,9,32,256,1.0,1.0,az_good.ckpt,az_good.ckpt,7,6
28,epsilon-ranking-7.0,9,32,256,0.6333,1.0,az_good.ckpt,az_good.ckpt,152,14
18,epsilon-ranking-7.0,9,32,256,0.9,1.0,az_good.ckpt,az_good.ckpt,12,10
13,epsilon-ranking-7.0,9,32,256,0.4333,1.0,az_good.ckpt,az_good.ckpt,206,14
4,epsilon-ranking-7.0,9,32,256,0.0333,1.0,az_good.ckpt,az_good.ckpt,251,4
18,epsilon-ranking-7.0,9,32,256,0.1,1.0,az_good.ckpt,az_good.ckpt,245,2
8,epsilon-ranking-7.0,9,32,256,0.8,1.0,az_good.ckpt,az_good.ckpt,33,8
25,epsilon-ranking-7.0,9,32,256,0.7333,1.0,az_good.ckpt,az_good.ckpt,158,26
13,epsilon-ranking-7.0,9,32,256,0.1,1.0,az_good.ckpt,az_good.ckpt,243,3
22,epsilon-ranking-7.0,9,32,256,0.8,1.0,az_good.ckpt,az_good.ckpt,88,9
18,epsilon-ranking-7.0,9,32,256,0.3333,1.0,az_good.ckpt,az_good.ckpt,216,9
9,epsilon-ranking-7.0,9,32,256,0.2,1.0,az_good.ckpt,az_good.ckpt,216,9
9,epsilon-ranking-7.0,9,32,256,0.8666,1.0,az_good.ckpt,az_good.ckpt,76,7
6,epsilon-ranking-7.0,9,32,256,0.5666,1.0,az_good.ckpt,az_good.ckpt,181,4
16,epsilon-ranking-7.0,9,32,256,0.3,1.0,az_good.ckpt,az_good.ckpt,217,7
17,epsilon-ranking-7.0,9,32,256,0.4666,1.0,az_good.ckpt,az_good.ckpt,197,8
8,epsilon-ranking-7.0,9,32,256,0.9,1.0,az_good.ckpt,az_good.ckpt,35,8
23,epsilon-ranking-7.0,9,32,256,0.0333,1.0,az_good.ckpt,az_good.ckpt,245,5
26,epsilon-ranking-7.0,9,32,256,0.0333,1.0,az_good.ckpt,az_good.ckpt,248,2
14,epsilon-ranking-7.0,9,32,256,0.1,1.0,az_good.ckpt,az_good.ckpt,228,8
6,epsilon-ranking-7.0,9,32,256,0.9,1.0,az_good.ckpt,az_good.ckpt,153,18
19,epsilon-ranking-7.0,9,32,256,0.2666,1.0,az_good.ckpt,az_good.ckpt,229,10
28,epsilon-ranking-7.0,9,32,256,0.0666,1.0,az_good.ckpt,az_good.ckpt,249,5
2,epsilon-ranking-7.0,9,32,256,0.6,1.0,az_good.ckpt,az_good.ckpt,179,10
30,epsilon-ranking-7.0,9,32,256,0.2666,1.0,az_good.ckpt,az_good.ckpt,227,7
15,epsilon-ranking-7.0,9,32,256,0.1666,1.0,az_good.ckpt,az_good.ckpt,210,4
19,epsilon-ranking-7.0,9,32,256,0.3666,1.0,az_good.ckpt,az_good.ckpt,207,10
27,epsilon-ranking-7.0,9,32,256,0.9333,1.0,az_good.ckpt,az_good.ckpt,100,5
28,epsilon-ranking-7.0,9,32,256,0.8333,1.0,az_good.ckpt,az_good.ckpt,48,21
24,epsilon-ranking-7.0,9,32,256,0.0,1.0,az_good.ckpt,az_good.ckpt,240,4
20,epsilon-ranking-7.0,9,32,256,0.6333,1.0,az_good.ckpt,az_good.ckpt,193,15
19,epsilon-ranking-7.0,9,32,256,0.3,1.0,az_good.ckpt,az_good.ckpt,245,7
16,epsilon-ranking-7.0,9,32,256,0.2333,1.0,az_good.ckpt,az_good.ckpt,244,4
11,epsilon-ranking-7.0,9,32,256,0.1333,1.0,az_good.ckpt,az_good.ckpt,231,6
3,epsilon-ranking-7.0,9,32,256,0.6666,1.0,az_good.ckpt,az_good.ckpt,135,11
5,epsilon-ranking-7.0,9,32,256,0.9333,1.0,az_good.ckpt,az_good.ckpt,32,39
8,epsilon-ranking-7.0,9,32,256,1.0,1.0,az_good.ckpt,az_good.ckpt,8,2
18,epsilon-ranking-7.0,9,32,256,0.1333,1.0,az_good.ckpt,az_good.ckpt,249,5
1,epsilon-ranking-7.0,9,32,256,0.8666,1.0,az_good.ckpt,az_good.ckpt,20,11
14,epsilon-ranking-7.0,9,32,256,0.7,1.0,az_good.ckpt,az_good.ckpt,188,15
24,epsilon-ranking-7.0,9,32,256,0.1666,1.0,az_good.ckpt,az_good.ckpt,230,5
11,epsilon-ranking-7.0,9,32,256,0.8,1.0,az_good.ckpt,az_good.ckpt,82,17
18,epsilon-ranking-7.0,9,32,256,0.6333,1.0,az_good.ckpt,az_good.ckpt,201,12
3,epsilon-ranking-7.0,9,32,256,0.3333,1.0,az_good.ckpt,az_good.ckpt,220,5
16,epsilon-ranking-7.0,9,32,256,0.6666,1.0,az_good.ckpt,az_good.ckpt,183,14
15,epsilon-ranking-7.0,9,32,256,0.5666,1.0,az_good.ckpt,az_good.ckpt,206,10
26,epsilon-ranking-7.0,9,32,256,0.8666,1.0,az_good.ckpt,az_good.ckpt,45,25
7,epsilon-ranking-7.0,9,32,256,0.5666,1.0,az_good.ckpt,az_good.ckpt,162,6
22,epsilon-ranking-7.0,9,32,256,0.6333,1.0,az_good.ckpt,az_good.ckpt,202,10
15,epsilon-ranking-7.0,9,32,256,0.1,1.0,az_good.ckpt,az_good.ckpt,240,3
4,epsilon-ranking-7.0,9,32,256,0.9666,1.0,az_good.ckpt,az_good.ckpt,59,9
29,epsilon-ranking-7.0,9,32,256,0.0,1.0,az_good.ckpt,az_good.ckpt,231,4
25,epsilon-ranking-7.0,9,32,256,0.4,1.0,az_good.ckpt,az_good.ckpt,201,10
18,epsilon-ranking-7.0,9,32,256,0.4333,1.0,az_good.ckpt,az_good.ckpt,210,11
10,epsilon-ranking-7.0,9,32,256,1.0,1.0,az_good.ckpt,az_good.ckpt,0,9
13,epsilon-ranking-7.0,9,32,256,0.2666,1.0,az_good.ckpt,az_good.ckpt,232,5
4,epsilon-ranking-7.0,9,32,256,0.6,1.0,az_good.ckpt,az_good.ckpt,179,5
30,epsilon-ranking-7.0,9,32,256,0.0333,1.0,az_good.ckpt,az_good.ckpt,249,4
9,epsilon-ranking-7.0,9,32,256,0.4666,1.0,az_good.ckpt,az_good.ckpt,198,9
7,epsilon-ranking-7.0,9,32,256,0.5333,1.0,az_good.ckpt,az_good.ckpt,221,13
21,epsilon-ranking-7.0,9,32,256,0.3666,1.0,az_good.ckpt,az_good.ckpt,209,6
20,epsilon-ranking-7.0,9,32,256,0.9,1.0,az_good.ckpt,az_good.ckpt,92,12
10,epsilon-ranking-7.0,9,32,256,0.1666,1.0,az_good.ckpt,az_good.ckpt,241,6
10,epsilon-ranking-7.0,9,32,256,0.5,1.0,az_good.ckpt,az_good.ckpt,205,8
14,epsilon-ranking-7.0,9,32,256,0.8333,1.0,az_good.ckpt,az_good.ckpt,60,35
9,epsilon-ranking-7.0,9,32,256,0.6333,1.0,az_good.ckpt,az_good.ckpt,189,9
29,epsilon-ranking-7.0,9,32,256,0.1,1.0,az_good.ckpt,az_good.ckpt,243,6
24,epsilon-ranking-7.0,9,32,256,0.4333,1.0,az_good.ckpt,az_good.ckpt,197,3
3,epsilon-ranking-7.0,9,32,256,0.4,1.0,az_good.ckpt,az_good.ckpt,201,12
9,epsilon-ranking-7.0,9,32,256,0.3666,1.0,az_good.ckpt,az_good.ckpt,199,11
29,epsilon-ranking-7.0,9,32,256,0.8666,1.0,az_good.ckpt,az_good.ckpt,75,10
10,epsilon-ranking-7.0,9,32,256,0.1333,1.0,az_good.ckpt,az_good.ckpt,240,6
25,epsilon-ranking-7.0,9,32,256,0.5,1.0,az_good.ckpt,az_good.ckpt,204,3
28,epsilon-ranking-7.0,9,32,256,0.1333,1.0,az_good.ckpt,az_good.ckpt,239,14
1,epsilon-ranking-7.0,9,32,256,0.9666,1.0,az_good.ckpt,az_good.ckpt,33,13
10,epsilon-ranking-7.0,9,32,256,0.8,1.0,az_good.ckpt,az_good.ckpt,46,2
2,epsilon-ranking-7.0,9,32,256,0.6333,1.0,az_good.ckpt,az_good.ckpt,195,7
10,epsilon-ranking-7.0,9,32,256,0.9666,1.0,az_good.ckpt,az_good.ckpt,6,7
30,epsilon-ranking-7.0,9,32,256,0.6,1.0,az_good.ckpt,az_good.ckpt,163,9
13,epsilon-ranking-7.0,9,32,256,0.4,1.0,az_good.ckpt,az_good.ckpt,211,8
17,epsilon-ranking-7.0,9,32,256,1.0,1.0,az_good.ckpt,az_good.ckpt,2,14
18,epsilon-ranking-7.0,9,32,256,0.3666,1.0,az_good.ckpt,az_good.ckpt,232,5
13,epsilon-ranking-7.0,9,32,256,0.7666,1.0,az_good.ckpt,az_good.ckpt,188,18
4,epsilon-ranking-7.0,9,32,256,0.5,1.0,az_good.ckpt,az_good.ckpt,184,9
29,epsilon-ranking-7.0,9,32,256,0.4333,1.0,az_good.ckpt,az_good.ckpt,185,7
19,epsilon-ranking-7.0,9,32,256,0.8,1.0,az_good.ckpt,az_good.ckpt,185,14
4,epsilon-ranking-7.0,9,32,256,0.1333,1.0,az_good.ckpt,az_good.ckpt,236,6
20,epsilon-ranking-7.0,9,32,256,0.5,1.0,az_good.ckpt,az_good.ckpt,183,6
5,epsilon-ranking-7.0,9,32,256,0.8,1.0,az_good.ckpt,az_good.ckpt,162,13
25,epsilon-ranking-7.0,9,32,256,0.1666,1.0,az_good.ckpt,az_good.ckpt,238,2
3,epsilon-ranking-7.0,9,32,256,1.0,1.0,az_good.ckpt,az_good.ckpt,69,11
21,epsilon-ranking-7.0,9,32,256,0.2,1.0,az_good.ckpt,az_good.ckpt,228,8
25,epsilon-ranking-7.0,9,32,256,0.3666,1.0,az_good.ckpt,az_good.ckpt,219,8
19,epsilon-ranking-7.0,9,32,256,0.2333,1.0,az_good.ckpt,az_good.ckpt,229,3
19,epsilon-ranking-7.0,9,32,256,0.2,1.0,az_good.ckpt,az_good.ckpt,231,4
7,epsilon-ranking-7.0,9,32,256,0.8333,1.0,az_good.ckpt,az_good.ckpt,71,12
19,epsilon-ranking-7.0,9,32,256,0.7,1.0,az_good.ckpt,az_good.ckpt,161,21
26,epsilon-ranking-7.0,9,32,256,0.8,1.0,az_good.ckpt,az_good.ckpt,41,9
6,epsilon-ranking-7.0,9,32,256,0.4666,1.0,az_good.ckpt,az_good.ckpt,180,6
14,epsilon-ranking-7.0,9,32,256,0.2666,1.0,az_good.ckpt,az_good.ckpt,231,5
22,epsilon-ranking-7.0,9,32,256,0.5333,1.0,az_good.ckpt,az_good.ckpt,185,6
2,epsilon-ranking-7.0,9,32,256,0.7,1.0,az_good.ckpt,az_good.ckpt,170,17
14,epsilon-ranking-7.0,9,32,256,0.0333,1.0,az_good.ckpt,az_good.ckpt,244,3
22,epsilon-ranking-7.0,9,32,256,0.2333,1.0,az_good.ckpt,az_good.ckpt,227,4
20,epsilon-ranking-7.0,9,32,256,0.7333,1.0,az_good.ckpt,az_good.ckpt,129,11
1,epsilon-ranking-7.0,9,32,256,0.4333,1.0,az_good.ckpt,az_good.ckpt,212,10
8,epsilon-ranking-7.0,9,32,256,0.1666,1.0,az_good.ckpt,az_good.ckpt,227,6
16,epsilon-ranking-7.0,9,32,256,0.1333,1.0,az_good.ckpt,az_good.ckpt,248,3
9,epsilon-ranking-7.0,9,32,256,0.2333,1.0,az_good.ckpt,az_good.ckpt,217,9
2,epsilon-ranking-7.0,9,32,256,0.2666,1.0,az_good.ckpt,az_good.ckpt,234,11
1,epsilon-ranking-7.0,9,32,256,0.2,1.0,az_good.ckpt,az_good.ckpt,214,9
15,epsilon-ranking-7.0,9,32,256,0.2333,1.0,az_good.ckpt,az_good.ckpt,222,18
12,epsilon-ranking-7.0,9,32,256,0.2,1.0,az_good.ckpt,az_good.ckpt,204,9
11,epsilon-ranking-7.0,9,32,256,0.5,1.0,az_good.ckpt,az_good.ckpt,203,9
21,epsilon-ranking-7.0,9,32,256,0.4333,1.0,az_good.ckpt,az_good.ckpt,208,12
10,epsilon-ranking-7.0,9,32,256,0.0,1.0,az_good.ckpt,az_good.ckpt,242,1
28,epsilon-ranking-7.0,9,32,256,0.1,1.0,az_good.ckpt,az_good.ckpt,238,0
23,epsilon-ranking-7.0,9,32,256,0.6333,1.0,az_good.ckpt,az_good.ckpt,115,24
2,epsilon-ranking-7.0,9,32,256,0.2,1.0,az_good.ckpt,az_good.ckpt,232,5
27,epsilon-ranking-7.0,9,32,256,0.3,1.0,az_good.ckpt,az_good.ckpt,163,4
22,epsilon-ranking-7.0,9,32,256,0.0333,1.0,az_good.ckpt,az_good.ckpt,251,7
12,epsilon-ranking-7.0,9,32,256,0.9333,1.0,az_good.ckpt,az_good.ckpt,94,14
19,epsilon-ranking-7.0,9,32,256,0.8666,1.0,az_good.ckpt,az_good.ckpt,150,17
4,epsilon-ranking-7.0,9,32,256,0.5333,1.0,az_good.ckpt,az_good.ckpt,212,15
8,epsilon-ranking-7.0,9,32,256,0.5,1.0,az_good.ckpt,az_good.ckpt,188,7
25,epsilon-ranking-7.0,9,32,256,0.4666,1.0,az_good.ckpt,az_good.ckpt,204,10
21,epsilon-ranking-7.0,9,32,256,0.5333,1.0,az_good.ckpt,az_good.ckpt,199,20
26,epsilon-ranking-7.0,9,32,256,0.9333,1.0,az_good.ckpt,az_good.ckpt,6,4
14,epsilon-ranking-7.0,9,32,256,0.3666,1.0,az_good.ckpt,az_good.ckpt,206,5
23,epsilon-ranking-7.0,9,32,256,1.0,1.0,az_good.ckpt,az_good.ckpt,1,4
4,epsilon-ranking-7.0,9,32,256,0.6666,1.0,az_good.ckpt,az_good.ckpt,184,12
1,epsilon-ranking-7.0,9,32,256,0.1,1.0,az_good.ckpt,az_good.ckpt,237,4
12,epsilon-ranking-7.0,9,32,256,0.9,1.0,az_good.ckpt,az_good.ckpt,79,21
7,epsilon-ranking-7.0,9,32,256,0.2333,1.0,az_good.ckpt,az_good.ckpt,234,6
18,epsilon-ranking-7.0,9,32,256,0.8666,1.0,az_good.ckpt,az_good.ckpt,27,10
30,epsilon-ranking-7.0,9,32,256,0.3666,1.0,az_good.ckpt,az_good.ckpt,191,6
22,epsilon-ranking-7.0,9,32,256,0.1,1.0,az_good.ckpt,az_good.ckpt,242,8
6,epsilon-ranking-7.0,9,32,256,0.1666,1.0,az_good.ckpt,az_good.ckpt,238,2
26,epsilon-ranking-7.0,9,32,256,0.0666,1.0,az_good.ckpt,az_good.ckpt,245,2
3,epsilon-ranking-7.0,9,32,256,0.3,1.0,az_good.ckpt,az_good.ckpt,195,7
23,epsilon-ranking-7.0,9,32,256,0.8,1.0,az_good.ckpt,az_good.ckpt,145,6
6,epsilon-ranking-7.0,9,32,256,1.0,1.0,az_good.ckpt,az_good.ckpt,17,12
6,epsilon-ranking-7.0,9,32,256,0.5333,1.0,az_good.ckpt,az_good.ckpt,191,15
27,epsilon-ranking-7.0,9,32,256,0.4,1.0,az_good.ckpt,az_good.ckpt,205,6
22,epsilon-ranking-7.0,9,32,256,1.0,1.0,az_good.ckpt,az_good.ckpt,8,12
7,epsilon-ranking-7.0,9,32,256,0.9666,1.0,az_good.ckpt,az_good.ckpt,123,25
7,epsilon-ranking-7.0,9,32,256,1.0,1.0,az_good.ckpt,az_good.ckpt,6,5
2,epsilon-ranking-7.0,9,32,256,0.8666,1.0,az_good.ckpt,az_good.ckpt,91,15
20,epsilon-ranking-7.0,9,32,256,0.4,1.0,az_good.ckpt,az_good.ckpt,188,6
23,epsilon-ranking-7.0,9,32,256,0.2666,1.0,az_good.ckpt,az_good.ckpt,208,13
1,epsilon-ranking-7.0,9,32,256,0.8,1.0,az_good.ckpt,az_good.ckpt,53,12
15,epsilon-ranking-7.0,9,32,256,0.6333,1.0,az_good.ckpt,az_good.ckpt,213,14
19,epsilon-ranking-7.0,9,32,256,0.6333,1.0,az_good.ckpt,az_good.ckpt,164,11
27,epsilon-ranking-7.0,9,32,256,0.1333,1.0,az_good.ckpt,az_good.ckpt,239,1
25,epsilon-ranking-7.0,9,32,256,0.6666,1.0,az_good.ckpt,az_good.ckpt,189,16
10,epsilon-ranking-7.0,9,32,256,0.7333,1.0,az_good.ckpt,az_good.ckpt,51,3
29,epsilon-ranking-7.0,9,32,256,0.7666,1.0,az_good.ckpt,az_good.ckpt,171,17
28,epsilon-ranking-7.0,9,32,256,0.7666,1.0,az_good.ckpt,az_good.ckpt,143,13
17,epsilon-ranking-7.0,9,32,256,0.6,1.0,az_good.ckpt,az_good.ckpt,183,19
16,epsilon-ranking-7.0,9,32,256,0.5,1.0,az_good.ckpt,az_good.ckpt,169,4
9,epsilon-ranking-7.0,9,32,256,0.0666,1.0,az_good.ckpt,az_good.ckpt,246,1
1,epsilon-ranking-7.0,9,32,256,0.0333,1.0,az_good.ckpt,az_good.ckpt,251,11
24,epsilon-ranking-7.0,9,32,256,0.0333,1.0,az_good.ckpt,az_good.ckpt,248,4
28,epsilon-ranking-7.0,9,32,256,0.5333,1.0,az_good.ckpt,az_good.ckpt,190,11
18,epsilon-ranking-7.0,9,32,256,0.7,1.0,az_good.ckpt,az_good.ckpt,189,17
7,epsilon-ranking-7.0,9,32,256,0.1333,1.0,az_good.ckpt,az_good.ckpt,233,4
17,epsilon-ranking-7.0,9,32,256,0.0666,1.0,az_good.ckpt,az_good.ckpt,244,1
22,epsilon-ranking-7.0,9,32,256,0.3,1.0,az_good.ckpt,az_good.ckpt,203,7
21,epsilon-ranking-7.0,9,32,256,0.1666,1.0,az_good.ckpt,az_good.ckpt,241,5
2,epsilon-ranking-7.0,9,32,256,0.5,1.0,az_good.ckpt,az_good.ckpt,212,9
9,epsilon-ranking-7.0,9,32,256,0.9333,1.0,az_good.ckpt,az_good.ckpt,38,10
20,epsilon-ranking-7.0,9,32,256,0.1,1.0,az_good.ckpt,az_good.ckpt,248,5
15,epsilon-ranking-7.0,9,32,256,0.7,1.0,az_good.ckpt,az_good.ckpt,158,16
1,epsilon-ranking-7.0,9,32,256,0.7333,1.0,az_good.ckpt,az_good.ckpt,60,10
11,epsilon-ranking-7.0,9,32,256,0.6,1.0,az_good.ckpt,az_good.ckpt,206,18
27,epsilon-ranking-7.0,9,32,256,0.9666,1.0,az_good.ckpt,az_good.ckpt,21,19
24,epsilon-ranking-7.0,9,32,256,0.5,1.0,az_good.ckpt,az_good.ckpt,212,7
9,epsilon-ranking-7.0,9,32,256,0.0333,1.0,az_good.ckpt,az_good.ckpt,251,2
9,epsilon-ranking-7.0,9,32,256,1.0,1.0,az_good.ckpt,az_good.ckpt,16,12
9,epsilon-ranking-7.0,9,32,256,0.4333,1.0,az_good.ckpt,az_good.ckpt,212,12
17,epsilon-ranking-7.0,9,32,256,0.8333,1.0,az_good.ckpt,az_good.ckpt,36,28
25,epsilon-ranking-7.0,9,32,256,0.9,1.0,az_good.ckpt,az_good.ckpt,99,7
12,epsilon-ranking-7.0,9,32,256,0.6,1.0,az_good.ckpt,az_good.ckpt,181,16
5,epsilon-ranking-7.0,9,32,256,0.5666,1.0,az_good.ckpt,az_good.ckpt,165,10
5,epsilon-ranking-7.0,9,32,256,0.1333,1.0,az_good.ckpt,az_good.ckpt,228,4
24,epsilon-ranking-7.0,9,32,256,0.6333,1.0,az_good.ckpt,az_good.ckpt,205,4
2,epsilon-ranking-7.0,9,32,256,0.6666,1.0,az_good.ckpt,az_good.ckpt,174,17
8,epsilon-ranking-7.0,9,32,256,0.3333,1.0,az_good.ckpt,az_good.ckpt,209,11
28,epsilon-ranking-7.0,9,32,256,0.2666,1.0,az_good.ckpt,az_good.ckpt,212,7
21,epsilon-ranking-7.0,9,32,256,0.8666,1.0,az_good.ckpt,az_good.ckpt,2,1
4,epsilon-ranking-7.0,9,32,256,0.9333,1.0,az_good.ckpt,az_good.ckpt,118,16
26,epsilon-ranking-7.0,9,32,256,0.0,1.0,az_good.ckpt,az_good.ckpt,244,2
16,epsilon-ranking-7.0,9,32,256,0.3666,1.0,az_good.ckpt,az_good.ckpt,219,7
30,epsilon-ranking-7.0,9,32,256,0.6666,1.0,az_good.ckpt,az_good.ckpt,188,13
24,epsilon-ranking-7.0,9,32,256,0.5666,1.0,az_good.ckpt,az_good.ckpt,192,5
11,epsilon-ranking-7.0,9,32,256,0.7333,1.0,az_good.ckpt,az_good.ckpt,140,9
14,epsilon-ranking-7.0,9,32,256,0.0,1.0,az_good.ckpt,az_good.ckpt,248,0
23,epsilon-ranking-7.0,9,32,256,0.4333,1.0,az_good.ckpt,az_good.ckpt,190,6
27,epsilon-ranking-7.0,9,32,256,0.8,1.0,az_good.ckpt,az_good.ckpt,178,21
11,epsilon-ranking-7.0,9,32,256,0.5666,1.0,az_good.ckpt,az_good.ckpt,166,16
5,epsilon-ranking-7.0,9,32,256,0.8666,1.0,az_good.ckpt,az_good.ckpt,82,12
30,epsilon-ranking-7.0,9,32,256,1.0,1.0,az_good.ckpt,az_good.ckpt,1,2
19,epsilon-ranking-7.0,9,32,256,0.5333,1.0,az_good.ckpt,az_good.ckpt,189,6
13,epsilon-ranking-7.0,9,32,256,0.9666,1.0,az_good.ckpt,az_good.ckpt,28,12
8,epsilon-ranking-7.0,9,32,256,0.7,1.0,az_good.ckpt,az_good.ckpt,194,13
6,epsilon-ranking-7.0,9,32,256,0.0333,1.0,az_good.ckpt,az_good.ckpt,249,3
11,epsilon-ranking-7.0,9,32,256,0.4666,1.0,az_good.ckpt,az_good.ckpt,164,13
1,epsilon-ranking-7.0,9,32,256,0.6,1.0,az_good.ckpt,az_good.ckpt,165,18
12,epsilon-ranking-7.0,9,32,256,1.0,1.0,az_good.ckpt,az_good.ckpt,87,6
23,epsilon-ranking-7.0,9,32,256,0.1666,1.0,az_good.ckpt,az_good.ckpt,226,9
23,epsilon-ranking-7.0,9,32,256,0.9666,1.0,az_good.ckpt,az_good.ckpt,46,19
21,epsilon-ranking-7.0,9,32,256,0.6666,1.0,az_good.ckpt,az_good.ckpt,206,17
18,epsilon-ranking-7.0,9,32,256,0.0333,1.0,az_good.ckpt,az_good.ckpt,248,4
25,epsilon-ranking-7.0,9,32,256,0.9666,1.0,az_good.ckpt,az_good.ckpt,36,7
18,epsilon-ranking-7.0,9,32,256,0.8333,1.0,az_good.ckpt,az_good.ckpt,61,17
7,epsilon-ranking-7.0,9,32,256,0.7,1.0,az_good.ckpt,az_good.ckpt,109,7
1,epsilon-ranking-7.0,9,32,256,0.8333,1.0,az_good.ckpt,az_good.ckpt,63,10
30,epsilon-ranking-7.0,9,32,256,0.9666,1.0,az_good.ckpt,az_good.ckpt,10,29
1,epsilon-ranking-7.0,9,32,256,0.5,1.0,az_good.ckpt,az_good.ckpt,176,11
4,epsilon-ranking-7.0,9,32,256,0.7333,1.0,az_good.ckpt,az_good.ckpt,184,18
21,epsilon-ranking-7.0,9,32,256,0.0333,1.0,az_good.ckpt,az_good.ckpt,246,1
26,epsilon-ranking-7.0,9,32,256,0.7333,1.0,az_good.ckpt,az_good.ckpt,185,14
15,epsilon-ranking-7.0,9,32,256,0.2,1.0,az_good.ckpt,az_good.ckpt,208,12
4,epsilon-ranking-7.0,9,32,256,0.8333,1.0,az_good.ckpt,az_good.ckpt,133,11
28,epsilon-ranking-7.0,9,32,256,0.5666,1.0,az_good.ckpt,az_good.ckpt,215,12
13,epsilon-ranking-7.0,9,32,256,0.0666,1.0,az_good.ckpt,az_good.ckpt,253,1
20,epsilon-ranking-7.0,9,32,256,0.6666,1.0,az_good.ckpt,az_good.ckpt,183,15
13,epsilon-ranking-7.0,9,32,256,0.9,1.0,az_good.ckpt,az_good.ckpt,29,8
22,epsilon-ranking-7.0,9,32,256,0.9,1.0,az_good.ckpt,az_good.ckpt,23,4
24,epsilon-ranking-7.0,9,32,256,0.8333,1.0,az_good.ckpt,az_good.ckpt,62,17
2,epsilon-ranking-7.0,9,32,256,0.1666,1.0,az_good.ckpt,az_good.ckpt,231,5
9,epsilon-ranking-7.0,9,32,256,0.7333,1.0,az_good.ckpt,az_good.ckpt,153,29
17,epsilon-ranking-7.0,9,32,256,0.5,1.0,az_good.ckpt,az_good.ckpt,201,19
10,epsilon-ranking-7.0,9,32,256,0.0333,1.0,az_good.ckpt,az_good.ckpt,251,0
17,epsilon-ranking-7.0,9,32,256,0.2,1.0,az_good.ckpt,az_good.ckpt,237,1
12,epsilon-ranking-7.0,9,32,256,0.1333,1.0,az_good.ckpt,az_good.ckpt,232,9
20,epsilon-ranking-7.0,9,32,256,0.0333,1.0,az_good.ckpt,az_good.ckpt,250,3
10,epsilon-ranking-7.0,9,32,256,0.2666,1.0,az_good.ckpt,az_good.ckpt,212,3
11,epsilon-ranking-7.0,9,32,256,0.7,1.0,az_good.ckpt,az_good.ckpt,153,12
8,epsilon-ranking-7.0,9,32,256,0.9333,1.0,az_good.ckpt,az_good.ckpt,16,11
14,epsilon-ranking-7.0,9,32,256,0.1333,1.0,az_good.ckpt,az_good.ckpt,231,6
7,epsilon-ranking-7.0,9,32,256,0.1,1.0,az_good.ckpt,az_good.ckpt,253,2
25,epsilon-ranking-7.0,9,32,256,0.1,1.0,az_good.ckpt,az_good.ckpt,240,5
2,epsilon-ranking-7.0,9,32,256,0.5666,1.0,az_good.ckpt,az_good.ckpt,186,9
2,epsilon-ranking-7.0,9,32,256,0.0,1.0,az_good.ckpt,az_good.ckpt,243,1
24,epsilon-ranking-7.0,9,32,256,0.4,1.0,az_good.ckpt,az_good.ckpt,201,3
20,epsilon-ranking-7.0,9,32,256,0.7666,1.0,az_good.ckpt,az_good.ckpt,95,18
6,epsilon-ranking-7.0,9,32,256,0.2333,1.0,az_good.ckpt,az_good.ckpt,216,4
9,epsilon-ranking-7.0,9,32,256,0.7666,1.0,az_good.ckpt,az_good.ckpt,154,22
29,epsilon-ranking-7.0,9,32,256,0.6333,1.0,az_good.ckpt,az_good.ckpt,176,8
29,epsilon-ranking-7.0,9,32,256,0.7333,1.0,az_good.ckpt,az_good.ckpt,186,16
8,epsilon-ranking-7.0,9,32,256,0.0666,1.0,az_good.ckpt,az_good.ckpt,242,7
23,epsilon-ranking-7.0,9,32,256,0.6666,1.0,az_good.ckpt,az_good.ckpt,182,10
24,epsilon-ranking-7.0,9,32,256,0.3666,1.0,az_good.ckpt,az_good.ckpt,189,4
16,epsilon-ranking-7.0,9,32,256,0.2,1.0,az_good.ckpt,az_good.ckpt,226,3
20,epsilon-ranking-7.0,9,32,256,0.7,1.0,az_good.ckpt,az_good.ckpt,155,17
11,epsilon-ranking-7.0,9,32,256,0.8333,1.0,az_good.ckpt,az_good.ckpt,41,6
27,epsilon-ranking-7.0,9,32,256,0.2333,1.0,az_good.ckpt,az_good.ckpt,231,8
12,epsilon-ranking-7.0,9,32,256,0.4666,1.0,az_good.ckpt,az_good.ckpt,194,8
17,epsilon-ranking-7.0,9,32,256,0.0333,1.0,az_good.ckpt,az_good.ckpt,249,1
1,epsilon-ranking-7.0,9,32,256,0.9,1.0,az_good.ckpt,az_good.ckpt,10,3
28,epsilon-ranking-7.0,9,32,256,0.7333,1.0,az_good.ckpt,az_good.ckpt,170,19
30,epsilon-ranking-7.0,9,32,256,0.2,1.0,az_good.ckpt,az_good.ckpt,230,4
19,epsilon-ranking-7.0,9,32,256,0.4,1.0,az_good.ckpt,az_good.ckpt,192,4
30,epsilon-ranking-7.0,9,32,256,0.1333,1.0,az_good.ckpt,az_good.ckpt,244,4
8,epsilon-ranking-7.0,9,32,256,0.8333,1.0,az_good.ckpt,az_good.ckpt,39,15
12,epsilon-ranking-7.0,9,32,256,0.0666,1.0,az_good.ckpt,az_good.ckpt,251,3
30,epsilon-ranking-7.0,9,32,256,0.8,1.0,az_good.ckpt,az_good.ckpt,79,5
25,epsilon-ranking-7.0,9,32,256,0.5333,1.0,az_good.ckpt,az_good.ckpt,217,8
19,epsilon-ranking-7.0,9,32,256,0.1333,1.0,az_good.ckpt,az_good.ckpt,234,7
12,epsilon-ranking-7.0,9,32,256,0.6666,1.0,az_good.ckpt,az_good.ckpt,151,18
3,epsilon-ranking-7.0,9,32,256,0.6,1.0,az_good.ckpt,az_good.ckpt,162,15
16,epsilon-ranking-7.0,9,32,256,0.1666,1.0,az_good.ckpt,az_good.ckpt,238,3
21,epsilon-ranking-7.0,9,32,256,0.0666,1.0,az_good.ckpt,az_good.ckpt,244,4
26,epsilon-ranking-7.0,9,32,256,0.1,1.0,az_good.ckpt,az_good.ckpt,242,3
15,epsilon-ranking-7.0,9,32,256,0.6,1.0,az_good.ckpt,az_good.ckpt,211,5
17,epsilon-ranking-7.0,9,32,256,0.1,1.0,az_good.ckpt,az_good.ckpt,247,4
24,epsilon-ranking-7.0,9,32,256,0.9666,1.0,az_good.ckpt,az_good.ckpt,25,18
2,epsilon-ranking-7.0,9,32,256,0.0666,1.0,az_good.ckpt,az_good.ckpt,252,1
3,epsilon-ranking-7.0,9,32,256,0.6333,1.0,az_good.ckpt,az_good.ckpt,141,6
22,epsilon-ranking-7.0,9,32,256,0.4,1.0,az_good.ckpt,az_good.ckpt,226,7
24,epsilon-ranking-7.0,9,32,256,0.2,1.0,az_good.ckpt,az_good.ckpt,232,9
18,epsilon-ranking-7.0,9,32,256,0.7666,1.0,az_good.ckpt,az_good.ckpt,76,17
1,epsilon-ranking-7.0,9,32,256,0.1333,1.0,az_good.ckpt,az_good.ckpt,240,6
20,epsilon-ranking-7.0,9,32,256,0.4333,1.0,az_good.ckpt,az_good.ckpt,198,2
28,epsilon-ranking-7.0,9,32,256,0.4333,1.0,az_good.ckpt,az_good.ckpt,212,12
13,epsilon-ranking-7.0,9,32,256,0.7,1.0,az_good.ckpt,az_good.ckpt,139,12
15,epsilon-ranking-7.0,9,32,256,0.3666,1.0,az_good.ckpt,az_good.ckpt,206,10
13,epsilon-ranking-7.0,9,32,256,0.0333,1.0,az_good.ckpt,az_good.ckpt,235,5
26,epsilon-ranking-7.0,9,32,256,0.2333,1.0,az_good.ckpt,az_good.ckpt,209,8
19,epsilon-ranking-7.0,9,32,256,0.5,1.0,az_good.ckpt,az_good.ckpt,180,4
3,epsilon-ranking-7.0,9,32,256,0.3666,1.0,az_good.ckpt,az_good.ckpt,204,1
8,epsilon-ranking-7.0,9,32,256,0.1,1.0,az_good.ckpt,az_good.ckpt,243,4
17,epsilon-ranking-7.0,9,32,256,0.9,1.0,az_good.ckpt,az_good.ckpt,14,16
21,epsilon-ranking-7.0,9,32,256,0.3,1.0,az_good.ckpt,az_good.ckpt,231,1
23,epsilon-ranking-7.0,9,32,256,0.3333,1.0,az_good.ckpt,az_good.ckpt,174,7
25,epsilon-ranking-7.0,9,32,256,0.5666,1.0,az_good.ckpt,az_good.ckpt,205,7
2,epsilon-ranking-7.0,9,32,256,0.7333,1.0,az_good.ckpt,az_good.ckpt,13,4
29,epsilon-ranking-7.0,9,32,256,0.1666,1.0,az_good.ckpt,az_good.ckpt,223,10
28,epsilon-ranking-7.0,9,32,256,0.3666,1.0,az_good.ckpt,az_good.ckpt,213,9
4,epsilon-ranking-7.0,9,32,256,0.4333,1.0,az_good.ckpt,az_good.ckpt,193,13
14,epsilon-ranking-7.0,9,32,256,0.6666,1.0,az_good.ckpt,az_good.ckpt,206,14
13,epsilon-ranking-7.0,9,32,256,1.0,1.0,az_good.ckpt,az_good.ckpt,5,12
1,epsilon-ranking-7.0,9,32,256,0.2666,1.0,az_good.ckpt,az_good.ckpt,205,11
18,epsilon-ranking-7.0,9,32,256,0.6666,1.0,az_good.ckpt,az_good.ckpt,223,13
17,epsilon-ranking-7.0,9,32,256,0.8,1.0,az_good.ckpt,az_good.ckpt,25,21
22,epsilon-ranking-7.0,9,32,256,0.7666,1.0,az_good.ckpt,az_good.ckpt,10,1
16,epsilon-ranking-7.0,9,32,256,0.8,1.0,az_good.ckpt,az_good.ckpt,177,13
16,epsilon-ranking-7.0,9,32,256,0.4,1.0,az_good.ckpt,az_good.ckpt,227,4
20,epsilon-ranking-7.0,9,32,256,0.8333,1.0,az_good.ckpt,az_good.ckpt,55,10
11,epsilon-ranking-7.0,9,32,256,0.9333,1.0,az_good.ckpt,az_good.ckpt,12,1
29,epsilon-ranking-7.0,9,32,256,0.8333,1.0,az_good.ckpt,az_good.ckpt,156,21
9,epsilon-ranking-7.0,9,32,256,0.9,1.0,az_good.ckpt,az_good.ckpt,70,6
23,epsilon-ranking-7.0,9,32,256,0.8333,1.0,az_good.ckpt,az_good.ckpt,70,7
25,epsilon-ranking-7.0,9,32,256,0.6333,1.0,az_good.ckpt,az_good.ckpt,175,3
5,epsilon-ranking-7.0,9,32,256,0.4,1.0,az_good.ckpt,az_good.ckpt,194,13
25,epsilon-ranking-7.0,9,32,256,1.0,1.0,az_good.ckpt,az_good.ckpt,7,6
15,epsilon-ranking-7.0,9,32,256,0.1333,1.0,az_good.ckpt,az_good.ckpt,230,6
5,epsilon-ranking-7.0,9,32,256,0.3666,1.0,az_good.ckpt,az_good.ckpt,211,10
17,epsilon-ranking-7.0,9,32,256,0.5666,1.0,az_good.ckpt,az_good.ckpt,172,7
23,epsilon-ranking-7.0,9,32,256,0.3666,1.0,az_good.ckpt,az_good.ckpt,192,13
16,epsilon-ranking-7.0,9,32,256,0.6333,1.0,az_good.ckpt,az_good.ckpt,185,13
9,epsilon-ranking-7.0,9,32,256,0.8333,1.0,az_good.ckpt,az_good.ckpt,69,19
2,epsilon-ranking-7.0,9,32,256,0.3666,1.0,az_good.ckpt,az_good.ckpt,224,5
18,epsilon-ranking-7.0,9,32,256,0.0,1.0,az_good.ckpt,az_good.ckpt,245,2
13,epsilon-ranking-7.0,9,32,256,0.5333,1.0,az_good.ckpt,az_good.ckpt,241,18
20,epsilon-ranking-7.0,9,32,256,0.3333,1.0,az_good.ckpt,az_good.ckpt,212,4
1,epsilon-ranking-7.0,9,32,256,0.4666,1.0,az_good.ckpt,az_good.ckpt,189,8
23,epsilon-ranking-7.0,9,32,256,0.6,1.0,az_good.ckpt,az_good.ckpt,144,8
17,epsilon-ranking-7.0,9,32,256,0.9666,1.0,az_good.ckpt,az_good.ckpt,2,7
4,epsilon-ranking-7.0,9,32,256,0.7666,1.0,az_good.ckpt,az_good.ckpt,183,12
25,epsilon-ranking-7.0,9,32,256,0.7,1.0,az_good.ckpt,az_good.ckpt,176,16
19,epsilon-ranking-7.0,9,32,256,1.0,1.0,az_good.ckpt,az_good.ckpt,0,0
22,epsilon-ranking-7.0,9,32,256,0.7,1.0,az_good.ckpt,az_good.ckpt,173,17
6,epsilon-ranking-7.0,9,32,256,0.3,1.0,az_good.ckpt,az_good.ckpt,190,5
6,epsilon-ranking-7.0,9,32,256,0.4333,1.0,az_good.ckpt,az_good.ckpt,223,3
20,epsilon-ranking-7.0,9,32,256,0.0,1.0,az_good.ckpt,az_good.ckpt,219,2
5,epsilon-ranking-7.0,9,32,256,0.2333,1.0,az_good.ckpt,az_good.ckpt,225,8
26,epsilon-ranking-7.0,9,32,256,0.1333,1.0,az_good.ckpt,az_good.ckpt,228,8
12,epsilon-ranking-7.0,9,32,256,0.1,1.0,az_good.ckpt,az_good.ckpt,246,4
27,epsilon-ranking-7.0,9,32,256,0.0,1.0,az_good.ckpt,az_good.ckpt,241,2
5,epsilon-ranking-7.0,9,32,256,0.3333,1.0,az_good.ckpt,az_good.ckpt,210,4
18,epsilon-ranking-7.0,9,32,256,0.5333,1.0,az_good.ckpt,az_good.ckpt,202,6
12,epsilon-ranking-7.0,9,32,256,0.0,1.0,az_good.ckpt,az_good.ckpt,239,2
16,epsilon-ranking-7.0,9,32,256,0.0333,1.0,az_good.ckpt,az_good.ckpt,250,2
13,epsilon-ranking-7.0,9,32,256,0.3,1.0,az_good.ckpt,az_good.ckpt,219,4
23,epsilon-ranking-7.0,9,32,256,0.1333,1.0,az_good.ckpt,az_good.ckpt,239,7
26,epsilon-ranking-7.0,9,32,256,0.3,1.0,az_good.ckpt,az_good.ckpt,188,7
12,epsilon-ranking-7.0,9,32,256,0.8333,1.0,az_good.ckpt,az_good.ckpt,112,11
25,epsilon-ranking-7.0,9,32,256,0.3333,1.0,az_good.ckpt,az_good.ckpt,206,5
4,epsilon-ranking-7.0,9,32,256,0.0666,1.0,az_good.ckpt,az_good.ckpt,249,1
26,epsilon-ranking-7.0,9,32,256,0.4,1.0,az_good.ckpt,az_good.ckpt,202,10
3,epsilon-ranking-7.0,9,32,256,0.2333,1.0,az_good.ckpt,az_good.ckpt,225,5
14,epsilon-ranking-7.0,9,32,256,0.5333,1.0,az_good.ckpt,az_good.ckpt,184,2
2,epsilon-ranking-7.0,9,32,256,0.1,1.0,az_good.ckpt,az_good.ckpt,247,1
3,epsilon-ranking-7.0,9,32,256,0.0333,1.0,az_good.ckpt,az_good.ckpt,243,2
19,epsilon-ranking-7.0,9,32,256,0.1666,1.0,az_good.ckpt,az_good.ckpt,214,10
11,epsilon-ranking-7.0,9,32,256,0.1666,1.0,az_good.ckpt,az_good.ckpt,238,8
26,epsilon-ranking-7.0,9,32,256,0.7,1.0,az_good.ckpt,az_good.ckpt,164,16
10,epsilon-ranking-7.0,9,32,256,0.9,1.0,az_good.ckpt,az_good.ckpt,82,6
7,epsilon-ranking-7.0,9,32,256,0.8666,1.0,az_good.ckpt,az_good.ckpt,55,28
24,epsilon-ranking-7.0,9,32,256,0.8,1.0,az_good.ckpt,az_good.ckpt,97,8
24,epsilon-ranking-7.0,9,32,256,0.2666,1.0,az_good.ckpt,az_good.ckpt,217,4
12,epsilon-ranking-7.0,9,32,256,0.4333,1.0,az_good.ckpt,az_good.ckpt,211,6
24,epsilon-ranking-7.0,9,32,256,0.4666,1.0,az_good.ckpt,az_good.ckpt,183,4
15,epsilon-ranking-7.0,9,32,256,0.0,1.0,az_good.ckpt,az_good.ckpt,243,0
10,epsilon-ranking-7.0,9,32,256,0.2333,1.0,az_good.ckpt,az_good.ckpt,227,4
3,epsilon-ranking-7.0,9,32,256,0.1333,1.0,az_good.ckpt,az_good.ckpt,233,4
24,epsilon-ranking-7.0,9,32,256,0.5333,1.0,az_good.ckpt,az_good.ckpt,192,4
30,epsilon-ranking-7.0,9,32,256,0.4666,1.0,az_good.ckpt,az_good.ckpt,199,7
15,epsilon-ranking-7.0,9,32,256,0.4666,1.0,az_good.ckpt,az_good.ckpt,193,9
13,epsilon-ranking-7.0,9,32,256,0.8,1.0,az_good.ckpt,az_good.ckpt,39,10
27,epsilon-ranking-7.0,9,32,256,0.3333,1.0,az_good.ckpt,az_good.ckpt,175,8
12,epsilon-ranking-7.0,9,32,256,0.5666,1.0,az_good.ckpt,az_good.ckpt,213,24
27,epsilon-ranking-7.0,9,32,256,0.5333,1.0,az_good.ckpt,az_good.ckpt,225,13
6,epsilon-ranking-7.0,9,32,256,0.9333,1.0,az_good.ckpt,az_good.ckpt,73,16
11,epsilon-ranking-7.0,9,32,256,0.0,1.0,az_good.ckpt,az_good.ckpt,239,0
7,epsilon-ranking-7.0,9,32,256,0.4666,1.0,az_good.ckpt,az_good.ckpt,218,8
9,epsilon-ranking-7.0,9,32,256,0.9666,1.0,az_good.ckpt,az_good.ckpt,21,20
7,epsilon-ranking-7.0,9,32,256,0.6333,1.0,az_good.ckpt,az_good.ckpt,156,6
22,epsilon-ranking-7.0,9,32,256,0.4333,1.0,az_good.ckpt,az_good.ckpt,192,1
3,epsilon-ranking-7.0,9,32,256,0.7666,1.0,az_good.ckpt,az_good.ckpt,101,14
8,epsilon-ranking-7.0,9,32,256,0.9666,1.0,az_good.ckpt,az_good.ckpt,28,4
2,epsilon-ranking-7.0,9,32,256,0.5333,1.0,az_good.ckpt,az_good.ckpt,223,8
24,epsilon-ranking-7.0,9,32,256,0.3333,1.0,az_good.ckpt,az_good.ckpt,216,8
29,epsilon-ranking-7.0,9,32,256,0.6,1.0,az_good.ckpt,az_good.ckpt,156,12
22,epsilon-ranking-7.0,9,32,256,0.7333,1.0,az_good.ckpt,az_good.ckpt,108,3
10,epsilon-ranking-7.0,9,32,256,0.3333,1.0,az_good.ckpt,az_good.ckpt,204,11
25,epsilon-ranking-7.0,9,32,256,0.0666,1.0,az_good.ckpt,az_good.ckpt,240,4
15,epsilon-ranking-7.0,9,32,256,0.5,1.0,az_good.ckpt,az_good.ckpt,208,8
20,epsilon-ranking-7.0,9,32,256,0.2,1.0,az_good.ckpt,az_good.ckpt,239,5
25,epsilon-ranking-7.0,9,32,256,0.8,1.0,az_good.ckpt,az_good.ckpt,137,6
10,epsilon-ranking-7.0,9,32,256,0.5666,1.0,az_good.ckpt,az_good.ckpt,189,16
20,epsilon-ranking-7.0,9,32,256,0.1333,1.0,az_good.ckpt,az_good.ckpt,236,1
12,epsilon-ranking-7.0,9,32,256,0.2666,1.0,az_good.ckpt,az_good.ckpt,232,5
6,epsilon-ranking-7.0,9,32,256,0.7333,1.0,az_good.ckpt,az_good.ckpt,85,25
29,epsilon-ranking-7.0,9,32,256,0.2666,1.0,az_good.ckpt,az_good.ckpt,216,8
18,epsilon-ranking-7.0,9,32,256,0.2666,1.0,az_good.ckpt,az_good.ckpt,228,9
9,epsilon-ranking-7.0,9,32,256,0.6666,1.0,az_good.ckpt,az_good.ckpt,160,16
16,epsilon-ranking-7.0,9,32,256,0.8333,1.0,az_good.ckpt,az_good.ckpt,181,21
23,epsilon-ranking-7.0,9,32,256,0.5333,1.0,az_good.ckpt,az_good.ckpt,182,4
8,epsilon-ranking-7.0,9,32,256,0.2666,1.0,az_good.ckpt,az_good.ckpt,218,7
11,epsilon-ranking-7.0,9,32,256,0.2666,1.0,az_good.ckpt,az_good.ckpt,197,5
21,epsilon-ranking-7.0,9,32,256,1.0,1.0,az_good.ckpt,az_good.ckpt,6,4
14,epsilon-ranking-7.0,9,32,256,0.4666,1.0,az_good.ckpt,az_good.ckpt,198,7
20,epsilon-ranking-7.0,9,32,256,0.0666,1.0,az_good.ckpt,az_good.ckpt,250,2
5,epsilon-ranking-7.0,9,32,256,0.4666,1.0,az_good.ckpt,az_good.ckpt,199,6
7,epsilon-ranking-7.0,9,32,256,0.9,1.0,az_good.ckpt,az_good.ckpt,66,19
2,epsilon-ranking-7.0,9,32,256,0.4333,1.0,az_good.ckpt,az_good.ckpt,211,6
3,epsilon-ranking-7.0,9,32,256,0.0,1.0,az_good.ckpt,az_good.ckpt,239,3
14,epsilon-ranking-7.0,9,32,256,0.8,1.0,az_good.ckpt,az_good.ckpt,72,16
7,epsilon-ranking-7.0,9,32,256,0.5,1.0,az_good.ckpt,az_good.ckpt,193,9
4,epsilon-ranking-7.0,9,32,256,0.2,1.0,az_good.ckpt,az_good.ckpt,244,5
5,epsilon-ranking-7.0,9,32,256,0.6333,1.0,az_good.ckpt,az_good.ckpt,197,8
12,epsilon-ranking-7.0,9,32,256,0.8666,1.0,az_good.ckpt,az_good.ckpt,101,13
24,epsilon-ranking-7.0,9,32,256,1.0,1.0,az_good.ckpt,az_good.ckpt,162,18
5,epsilon-ranking-7.0,9,32,256,0.2,1.0,az_good.ckpt,az_good.ckpt,219,6
7,epsilon-ranking-7.0,9,32,256,0.3333,1.0,az_good.ckpt,az_good.ckpt,219,3
3,epsilon-ranking-7.0,9,32,256,0.4333,1.0,az_good.ckpt,az_good.ckpt,208,11
15,epsilon-ranking-7.0,9,32,256,0.0666,1.0,az_good.ckpt,az_good.ckpt,245,2
7,epsilon-ranking-7.0,9,32,256,0.7666,1.0,az_good.ckpt,az_good.ckpt,146,20
13,epsilon-ranking-7.0,9,32,256,0.5,1.0,az_good.ckpt,az_good.ckpt,199,8
12,epsilon-ranking-7.0,9,32,256,0.5333,1.0,az_good.ckpt,az_good.ckpt,177,7
12,epsilon-ranking-7.0,9,32,256,0.4,1.0,az_good.ckpt,az_good.ckpt,187,3
25,epsilon-ranking-7.0,9,32,256,0.1333,1.0,az_good.ckpt,az_good.ckpt,240,6
16,epsilon-ranking-7.0,9,32,256,0.7666,1.0,az_good.ckpt,az_good.ckpt,205,11
22,epsilon-ranking-7.0,9,32,256,0.5,1.0,az_good.ckpt,az_good.ckpt,206,14
7,epsilon-ranking-7.0,9,32,256,0.6666,1.0,az_good.ckpt,az_good.ckpt,180,11
30,epsilon-ranking-7.0,9,32,256,0.2333,1.0,az_good.ckpt,az_good.ckpt,224,6
7,epsilon-ranking-7.0,9,32,256,0.2,1.0,az_good.ckpt,az_good.ckpt,241,3
12,epsilon-ranking-7.0,9,32,256,0.2333,1.0,az_good.ckpt,az_good.ckpt,202,7
9,epsilon-ranking-7.0,9,32,256,0.1333,1.0,az_good.ckpt,az_good.ckpt,221,4
17,epsilon-ranking-7.0,9,32,256,0.4333,1.0,az_good.ckpt,az_good.ckpt,182,9
24,epsilon-ranking-7.0,9,32,256,0.1333,1.0,az_good.ckpt,az_good.ckpt,234,3
16,epsilon-ranking-7.0,9,32,256,0.4333,1.0,az_good.ckpt,az_good.ckpt,164,6
19,epsilon-ranking-7.0,9,32,256,0.3333,1.0,az_good.ckpt,az_good.ckpt,215,5
15,epsilon-ranking-7.0,9,32,256,0.6666,1.0,az_good.ckpt,az_good.ckpt,187,16
5,epsilon-ranking-7.0,9,32,256,0.5,1.0,az_good.ckpt,az_good.ckpt,179,3
8,epsilon-ranking-7.0,9,32,256,0.6333,1.0,az_good.ckpt,az_good.ckpt,201,6
6,epsilon-ranking-7.0,9,32,256,0.8,1.0,az_good.ckpt,az_good.ckpt,117,11
4,epsilon-ranking-7.0,9,32,256,1.0,1.0,az_good.ckpt,az_good.ckpt,62,7
5,epsilon-ranking-7.0,9,32,256,0.2666,1.0,az_good.ckpt,az_good.ckpt,234,12
16,epsilon-ranking-7.0,9,32,256,0.9666,1.0,az_good.ckpt,az_good.ckpt,62,7
29,epsilon-ranking-7.0,9,32,256,0.5333,1.0,az_good.ckpt,az_good.ckpt,206,7
3,epsilon-ranking-7.0,9,32,256,0.1,1.0,az_good.ckpt,az_good.ckpt,232,8
9,epsilon-ranking-7.0,9,32,256,0.6,1.0,az_good.ckpt,az_good.ckpt,152,7
17,epsilon-ranking-7.0,9,32,256,0.9333,1.0,az_good.ckpt,az_good.ckpt,26,7
16,epsilon-ranking-7.0,9,32,256,0.2666,1.0,az_good.ckpt,az_good.ckpt,213,3
21,epsilon-ranking-7.0,9,32,256,0.7,1.0,az_good.ckpt,az_good.ckpt,151,5
6,epsilon-ranking-7.0,9,32,256,0.9666,1.0,az_good.ckpt,az_good.ckpt,33,26
11,epsilon-ranking-7.0,9,32,256,0.3,1.0,az_good.ckpt,az_good.ckpt,202,10
24,epsilon-ranking-7.0,9,32,256,0.1,1.0,az_good.ckpt,az_good.ckpt,237,2
5,epsilon-ranking-7.0,9,32,256,0.7333,1.0,az_good.ckpt,az_good.ckpt,189,19
2,epsilon-ranking-7.0,9,32,256,0.4666,1.0,az_good.ckpt,az_good.ckpt,159,16
11,epsilon-ranking-7.0,9,32,256,0.6333,1.0,az_good.ckpt,az_good.ckpt,148,14
21,epsilon-ranking-7.0,9,32,256,0.6,1.0,az_good.ckpt,az_good.ckpt,165,16
15,epsilon-ranking-7.0,9,32,256,0.2666,1.0,az_good.ckpt,az_good.ckpt,228,8
29,epsilon-ranking-7.0,9,32,256,1.0,1.0,az_good.ckpt,az_good.ckpt,2,3
30,epsilon-ranking-7.0,9,32,256,0.7,1.0,az_good.ckpt,az_good.ckpt,168,5
16,epsilon-ranking-7.0,9,32,256,0.1,1.0,az_good.ckpt,az_good.ckpt,245,5
12,epsilon-ranking-7.0,9,32,256,0.7333,1.0,az_good.ckpt,az_good.ckpt,172,19
2,epsilon-ranking-7.0,9,32,256,0.8333,1.0,az_good.ckpt,az_good.ckpt,31,8
1,epsilon-ranking-7.0,9,32,256,0.7666,1.0,az_good.ckpt,az_good.ckpt,73,7
29,epsilon-ranking-7.0,9,32,256,0.0333,1.0,az_good.ckpt,az_good.ckpt,250,5
25,epsilon-ranking-7.0,9,32,256,0.7666,1.0,az_good.ckpt,az_good.ckpt,150,6
20,epsilon-ranking-7.0,9,32,256,0.3,1.0,az_good.ckpt,az_good.ckpt,211,1
15,epsilon-ranking-7.0,9,32,256,0.8333,1.0,az_good.ckpt,az_good.ckpt,141,18
23,epsilon-ranking-7.0,9,32,256,0.7666,1.0,az_good.ckpt,az_good.ckpt,142,6
13,epsilon-ranking-7.0,9,32,256,0.9333,1.0,az_good.ckpt,az_good.ckpt,13,1
14,epsilon-ranking-7.0,9,32,256,0.4333,1.0,az_good.ckpt,az_good.ckpt,202,16
20,epsilon-ranking-7.0,9,32,256,0.5666,1.0,az_good.ckpt,az_good.ckpt,221,7
6,epsilon-ranking-7.0,9,32,256,0.2666,1.0,az_good.ckpt,az_good.ckpt,217,5
28,epsilon-ranking-7.0,9,32,256,0.3333,1.0,az_good.ckpt,az_good.ckpt,223,9
27,epsilon-ranking-7.0,9,32,256,0.4333,1.0,az_good.ckpt,az_good.ckpt,181,11
23,epsilon-ranking-7.0,9,32,256,0.9,1.0,az_good.ckpt,az_good.ckpt,40,6
6,epsilon-ranking-7.0,9,32,256,0.6666,1.0,az_good.ckpt,az_good.ckpt,179,14
14,epsilon-ranking-7.0,9,32,256,0.3,1.0,az_good.ckpt,az_good.ckpt,212,19
1,epsilon-ranking-7.0,9,32,256,0.7,1.0,az_good.ckpt,az_good.ckpt,171,12
18,epsilon-ranking-7.0,9,32,256,0.9333,1.0,az_good.ckpt,az_good.ckpt,62,33
24,epsilon-ranking-7.0,9,32,256,0.3,1.0,az_good.ckpt,az_good.ckpt,223,13
11,epsilon-ranking-7.0,9,32,256,0.2,1.0,az_good.ckpt,az_good.ckpt,198,11
28,epsilon-ranking-7.0,9,32,256,0.6666,1.0,az_good.ckpt,az_good.ckpt,200,15
1,epsilon-ranking-7.0,9,32,256,0.5666,1.0,az_good.ckpt,az_good.ckpt,192,13
21,epsilon-ranking-7.0,9,32,256,0.8333,1.0,az_good.ckpt,az_good.ckpt,32,14
15,epsilon-ranking-7.0,9,32,256,0.0333,1.0,az_good.ckpt,az_good.ckpt,251,2
26,epsilon-ranking-7.0,9,32,256,0.4666,1.0,az_good.ckpt,az_good.ckpt,189,13
29,epsilon-ranking-7.0,9,32,256,0.6666,1.0,az_good.ckpt,az_good.ckpt,150,27
26,epsilon-ranking-7.0,9,32,256,0.7666,1.0,az_good.ckpt,az_good.ckpt,179,25
10,epsilon-ranking-7.0,9,32,256,0.8333,1.0,az_good.ckpt,az_good.ckpt,10,0
27,epsilon-ranking-7.0,9,32,256,0.2666,1.0,az_good.ckpt,az_good.ckpt,195,10
27,epsilon-ranking-7.0,9,32,256,0.1666,1.0,az_good.ckpt,az_good.ckpt,234,4
23,epsilon-ranking-7.0,9,32,256,0.4666,1.0,az_good.ckpt,az_good.ckpt,232,11
30,epsilon-ranking-7.0,9,32,256,0.5,1.0,az_good.ckpt,az_good.ckpt,178,8
12,epsilon-ranking-7.0,9,32,256,0.7666,1.0,az_good.ckpt,az_good.ckpt,109,28
25,epsilon-ranking-7.0,9,32,256,0.3,1.0,az_good.ckpt,az_good.ckpt,213,2
18,epsilon-ranking-7.0,9,32,256,1.0,1.0,az_good.ckpt,az_good.ckpt,6,13
13,epsilon-ranking-7.0,9,32,256,0.1333,1.0,az_good.ckpt,az_good.ckpt,233,4
3,epsilon-ranking-7.0,9,32,256,0.9,1.0,az_good.ckpt,az_good.ckpt,126,18
28,epsilon-ranking-7.0,9,32,256,0.1666,1.0,az_good.ckpt,az_good.ckpt,230,7
20,epsilon-ranking-7.0,9,32,256,0.3666,1.0,az_good.ckpt,az_good.ckpt,203,4
5,epsilon-ranking-7.0,9,32,256,0.1666,1.0,az_good.ckpt,az_good.ckpt,228,7
6,epsilon-ranking-7.0,9,32,256,0.7666,1.0,az_good.ckpt,az_good.ckpt,203,15
19,epsilon-ranking-7.0,9,32,256,0.0666,1.0,az_good.ckpt,az_good.ckpt,245,1
11,epsilon-ranking-7.0,9,32,256,0.4,1.0,az_good.ckpt,az_good.ckpt,228,8
14,epsilon-ranking-7.0,9,32,256,0.4,1.0,az_good.ckpt,az_good.ckpt,195,3
12,epsilon-ranking-7.0,9,32,256,0.5,1.0,az_good.ckpt,az_good.ckpt,180,10
29,epsilon-ranking-7.0,9,32,256,0.9666,1.0,az_good.ckpt,az_good.ckpt,13,4
2,epsilon-ranking-7.0,9,32,256,0.9666,1.0,az_good.ckpt,az_good.ckpt,75,11
29,epsilon-ranking-7.0,9,32,256,0.8,1.0,az_good.ckpt,az_good.ckpt,189,19
29,epsilon-ranking-7.0,9,32,256,0.3333,1.0,az_good.ckpt,az_good.ckpt,178,9
7,epsilon-ranking-7.0,9,32,256,0.6,1.0,az_good.ckpt,az_good.ckpt,191,11
18,epsilon-ranking-7.0,9,32,256,0.4666,1.0,az_good.ckpt,az_good.ckpt,198,6
2,epsilon-ranking-7.0,9,32,256,0.4,1.0,az_good.ckpt,az_good.ckpt,221,4
11,epsilon-ranking-7.0,9,32,256,1.0,1.0,az_good.ckpt,az_good.ckpt,4,2
16,epsilon-ranking-7.0,9,32,256,0.7,1.0,az_good.ckpt,az_good.ckpt,159,14
5,epsilon-ranking-7.0,9,32,256,0.3,1.0,az_good.ckpt,az_good.ckpt,228,6
20,epsilon-ranking-7.0,9,32,256,0.2666,1.0,az_good.ckpt,az_good.ckpt,217,8
25,epsilon-ranking-7.0,9,32,256,0.8333,1.0,az_good.ckpt,az_good.ckpt,143,1
8,epsilon-ranking-7.0,9,32,256,0.6,1.0,az_good.ckpt,az_good.ckpt,178,3
22,epsilon-ranking-7.0,9,32,256,0.3333,1.0,az_good.ckpt,az_good.ckpt,209,4
1,epsilon-ranking-7.0,9,32,256,0.3,1.0,az_good.ckpt,az_good.ckpt,213,5
30,epsilon-ranking-7.0,9,32,256,0.8333,1.0,az_good.ckpt,az_good.ckpt,22,7
20,epsilon-ranking-7.0,9,32,256,0.2333,1.0,az_good.ckpt,az_good.ckpt,228,8
26,epsilon-ranking-7.0,9,32,256,0.9,1.0,az_good.ckpt,az_good.ckpt,14,4
15,epsilon-ranking-7.0,9,32,256,0.5333,1.0,az_good.ckpt,az_good.ckpt,209,7
29,epsilon-ranking-7.0,9,32,256,0.1333,1.0,az_good.ckpt,az_good.ckpt,251,7
9,epsilon-ranking-7.0,9,32,256,0.3,1.0,az_good.ckpt,az_good.ckpt,217,7
19,epsilon-ranking-7.0,9,32,256,0.5666,1.0,az_good.ckpt,az_good.ckpt,111,21
18,epsilon-ranking-7.0,9,32,256,0.3,1.0,az_good.ckpt,az_good.ckpt,205,12
4,epsilon-ranking-7.0,9,32,256,0.9,1.0,az_good.ckpt,az_good.ckpt,74,19
21,epsilon-ranking-7.0,9,32,256,0.8,1.0,az_good.ckpt,az_good.ckpt,58,6
8,epsilon-ranking-7.0,9,32,256,0.2,1.0,az_good.ckpt,az_good.ckpt,232,2
8,epsilon-ranking-7.0,9,32,256,0.7333,1.0,az_good.ckpt,az_good.ckpt,146,19
24,epsilon-ranking-7.0,9,32,256,0.0666,1.0,az_good.ckpt,az_good.ckpt,243,6
23,epsilon-ranking-7.0,9,32,256,0.0666,1.0,az_good.ckpt,az_good.ckpt,244,3
15,epsilon-ranking-7.0,9,32,256,0.4,1.0,az_good.ckpt,az_good.ckpt,212,10
23,epsilon-ranking-7.0,9,32,256,0.5666,1.0,az_good.ckpt,az_good.ckpt,182,8
21,epsilon-ranking-7.0,9,32,256,0.2333,1.0,az_good.ckpt,az_good.ckpt,227,1
29,epsilon-ranking-7.0,9,32,256,0.5666,1.0,az_good.ckpt,az_good.ckpt,162,2
11,epsilon-ranking-7.0,9,32,256,0.8666,1.0,az_good.ckpt,az_good.ckpt,11,1
21,epsilon-ranking-7.0,9,32,256,0.9666,1.0,az_good.ckpt,az_good.ckpt,5,4
8,epsilon-ranking-7.0,9,32,256,0.1333,1.0,az_good.ckpt,az_good.ckpt,244,4
26,epsilon-ranking-7.0,9,32,256,0.5333,1.0,az_good.ckpt,az_good.ckpt,201,9
11,epsilon-ranking-7.0,9,32,256,0.9666,1.0,az_good.ckpt,az_good.ckpt,7,1
9,epsilon-ranking-7.0,9,32,256,0.4,1.0,az_good.ckpt,az_good.ckpt,183,18
26,epsilon-ranking-7.0,9,32,256,0.3666,1.0,az_good.ckpt,az_good.ckpt,193,2
3,epsilon-ranking-7.0,9,32,256,0.7333,1.0,az_good.ckpt,az_good.ckpt,61,9
23,epsilon-ranking-7.0,9,32,256,0.4,1.0,az_good.ckpt,az_good.ckpt,197,11
27,epsilon-ranking-7.0,9,32,256,0.1,1.0,az_good.ckpt,az_good.ckpt,247,1
18,epsilon-ranking-7.0,9,32,256,0.2333,1.0,az_good.ckpt,az_good.ckpt,241,1
7,epsilon-ranking-7.0,9,32,256,0.3,1.0,az_good.ckpt,az_good.ckpt,218,8
14,epsilon-ranking-7.0,9,32,256,0.7666,1.0,az_good.ckpt,az_good.ckpt,49,13
30,epsilon-ranking-7.0,9,32,256,0.4,1.0,az_good.ckpt,az_good.ckpt,226,4
14,epsilon-ranking-7.0,9,32,256,0.2,1.0,az_good.ckpt,az_good.ckpt,223,7
5,epsilon-ranking-7.0,9,32,256,0.4333,1.0,az_good.ckpt,az_good.ckpt,180,6
21,epsilon-ranking-7.0,9,32,256,0.9,1.0,az_good.ckpt,az_good.ckpt,22,3
24,epsilon-ranking-7.0,9,32,256,0.9333,1.0,az_good.ckpt,az_good.ckpt,14,7
4,epsilon-ranking-7.0,9,32,256,0.3666,1.0,az_good.ckpt,az_good.ckpt,213,6
18,epsilon-ranking-7.0,9,32,256,0.8,1.0,az_good.ckpt,az_good.ckpt,166,13
30,epsilon-ranking-7.0,9,32,256,0.7333,1.0,az_good.ckpt,az_good.ckpt,158,24
2,epsilon-ranking-7.0,9,32,256,0.0333,1.0,az_good.ckpt,az_good.ckpt,253,1
10,epsilon-ranking-7.0,9,32,256,0.6333,1.0,az_good.ckpt,az_good.ckpt,185,18
11,epsilon-ranking-7.0,9,32,256,0.3666,1.0,az_good.ckpt,az_good.ckpt,213,4
27,epsilon-ranking-7.0,9,32,256,0.9,1.0,az_good.ckpt,az_good.ckpt,28,8
16,epsilon-ranking-7.0,9,32,256,0.8666,1.0,az_good.ckpt,az_good.ckpt,70,18
16,epsilon-ranking-7.0,9,32,256,0.9333,1.0,az_good.ckpt,az_good.ckpt,116,28
1,epsilon-ranking-7.0,9,32,256,0.9333,1.0,az_good.ckpt,az_good.ckpt,7,4
16,epsilon-ranking-7.0,9,32,256,0.5333,1.0,az_good.ckpt,az_good.ckpt,170,21
19,epsilon-ranking-7.0,9,32,256,0.0,1.0,az_good.ckpt,az_good.ckpt,236,0
18,epsilon-ranking-7.0,9,32,256,0.1666,1.0,az_good.ckpt,az_good.ckpt,246,5
10,epsilon-ranking-7.0,9,32,256,0.3,1.0,az_good.ckpt,az_good.ckpt,215,11
17,epsilon-ranking-7.0,9,32,256,0.0,1.0,az_good.ckpt,az_good.ckpt,248,7
11,epsilon-ranking-7.0,9,32,256,0.3333,1.0,az_good.ckpt,az_good.ckpt,218,7
4,epsilon-ranking-7.0,9,32,256,0.1,1.0,az_good.ckpt,az_good.ckpt,249,3
21,epsilon-ranking-7.0,9,32,256,0.3333,1.0,az_good.ckpt,az_good.ckpt,205,10
20,epsilon-ranking-7.0,9,32,256,0.6,1.0,az_good.ckpt,az_good.ckpt,216,15
28,epsilon-ranking-7.0,9,32,256,0.2333,1.0,az_good.ckpt,az_good.ckpt,233,7
4,epsilon-ranking-7.0,9,32,256,0.7,1.0,az_good.ckpt,az_good.ckpt,185,10
6,epsilon-ranking-7.0,9,32,256,0.0666,1.0,az_good.ckpt,az_good.ckpt,243,4
14,epsilon-ranking-7.0,9,32,256,0.7333,1.0,az_good.ckpt,az_good.ckpt,175,11
6,epsilon-ranking-7.0,9,32,256,0.5,1.0,az_good.ckpt,az_good.ckpt,184,16
24,epsilon-ranking-7.0,9,32,256,0.8666,1.0,az_good.ckpt,az_good.ckpt,66,10
22,epsilon-ranking-7.0,9,32,256,0.8333,1.0,az_good.ckpt,az_good.ckpt,15,2
23,epsilon-ranking-7.0,9,32,256,0.7333,1.0,az_good.ckpt,az_good.ckpt,200,13
8,epsilon-ranking-7.0,9,32,256,0.4333,1.0,az_good.ckpt,az_good.ckpt,201,10
1,epsilon-ranking-7.0,9,32,256,0.1666,1.0,az_good.ckpt,az_good.ckpt,224,7
1,epsilon-ranking-7.0,9,32,256,0.2333,1.0,az_good.ckpt,az_good.ckpt,215,14
13,epsilon-ranking-7.0,9,32,256,0.2333,1.0,az_good.ckpt,az_good.ckpt,231,6
29,epsilon-ranking-7.0,9,32,256,0.4,1.0,az_good.ckpt,az_good.ckpt,190,10
22,epsilon-ranking-7.0,9,32,256,0.3666,1.0,az_good.ckpt,az_good.ckpt,204,11
9,epsilon-ranking-7.0,9,32,256,0.2666,1.0,az_good.ckpt,az_good.ckpt,235,4
28,epsilon-ranking-7.0,9,32,256,0.9666,1.0,az_good.ckpt,az_good.ckpt,19,3
12,epsilon-ranking-7.0,9,32,256,0.7,1.0,az_good.ckpt,az_good.ckpt,152,16
19,epsilon-ranking-7.0,9,32,256,0.4333,1.0,az_good.ckpt,az_good.ckpt,199,6
17,epsilon-ranking-7.0,9,32,256,0.6333,1.0,az_good.ckpt,az_good.ckpt,143,20
23,epsilon-ranking-7.0,9,32,256,0.8666,1.0,az_good.ckpt,az_good.ckpt,50,12
29,epsilon-ranking-7.0,9,32,256,0.0666,1.0,az_good.ckpt,az_good.ckpt,245,7
30,epsilon-ranking-7.0,9,32,256,0.3,1.0,az_good.ckpt,az_good.ckpt,229,3
12,epsilon-ranking-7.0,9,32,256,0.3666,1.0,az_good.ckpt,az_good.ckpt,187,13
5,epsilon-ranking-7.0,9,32,256,0.7666,1.0,az_good.ckpt,az_good.ckpt,148,22
15,epsilon-ranking-7.0,9,32,256,0.8,1.0,az_good.ckpt,az_good.ckpt,151,16
1,epsilon-ranking-7.0,9,32,256,0.6333,1.0,az_good.ckpt,az_good.ckpt,169,12
14,epsilon-ranking-7.0,9,32,256,1.0,1.0,az_good.ckpt,az_good.ckpt,5,65
13,epsilon-ranking-7.0,9,32,256,0.2,1.0,az_good.ckpt,az_good.ckpt,227,8
21,epsilon-ranking-7.0,9,32,256,0.5,1.0,az_good.ckpt,az_good.ckpt,194,19
8,epsilon-ranking-7.0,9,32,256,0.3,1.0,az_good.ckpt,az_good.ckpt,236,6
1,epsilon-ranking-7.0,9,32,256,0.4,1.0,az_good.ckpt,az_good.ckpt,192,14
29,epsilon-ranking-7.0,9,32,256,0.3,1.0,az_good.ckpt,az_good.ckpt,220,11
13,epsilon-ranking-7.0,9,32,256,0.6333,1.0,az_good.ckpt,az_good.ckpt,159,6
1,epsilon-ranking-7.0,9,32,256,0.5333,1.0,az_good.ckpt,az_good.ckpt,170,18
28,epsilon-ranking-7.0,9,32,256,0.6,1.0,az_good.ckpt,az_good.ckpt,189,10
22,epsilon-ranking-7.0,9,32,256,0.1333,1.0,az_good.ckpt,az_good.ckpt,237,5
26,epsilon-ranking-7.0,9,32,256,0.6666,1.0,az_good.ckpt,az_good.ckpt,162,10
12,epsilon-ranking-7.0,9,32,256,0.9666,1.0,az_good.ckpt,az_good.ckpt,11,7
26,epsilon-ranking-7.0,9,32,256,0.6,1.0,az_good.ckpt,az_good.ckpt,170,17
28,epsilon-ranking-7.0,9,32,256,0.2,1.0,az_good.ckpt,az_good.ckpt,230,10
6,epsilon-ranking-7.0,9,32,256,0.3333,1.0,az_good.ckpt,az_good.ckpt,202,7
27,epsilon-ranking-7.0,9,32,256,0.6,1.0,az_good.ckpt,az_good.ckpt,195,5
3,epsilon-ranking-7.0,9,32,256,0.2,1.0,az_good.ckpt,az_good.ckpt,232,6
2,epsilon-ranking-7.0,9,32,256,0.7666,1.0,az_good.ckpt,az_good.ckpt,17,3
19,epsilon-ranking-7.0,9,32,256,0.9666,1.0,az_good.ckpt,az_good.ckpt,11,7
14,epsilon-ranking-7.0,9,32,256,0.0666,1.0,az_good.ckpt,az_good.ckpt,235,5
30,epsilon-ranking-7.0,9,32,256,0.9,1.0,az_good.ckpt,az_good.ckpt,81,12
24,epsilon-ranking-7.0,9,32,256,0.6,1.0,az_good.ckpt,az_good.ckpt,215,5
28,epsilon-ranking-7.0,9,32,256,0.9333,1.0,az_good.ckpt,az_good.ckpt,46,1
7,epsilon-ranking-7.0,9,32,256,0.0,1.0,az_good.ckpt,az_good.ckpt,235,2
22,epsilon-ranking-7.0,9,32,256,0.5666,1.0,az_good.ckpt,az_good.ckpt,186,13
14,clip-epsilon-0.1-0.6,9,32,256,0.8,1.0,az_good.ckpt,az_good.ckpt,36,22
10,clip-epsilon-0.1-0.6,9,32,256,0.8333,1.0,az_good.ckpt,az_good.ckpt,65,33
6,clip-epsilon-0.1-0.6,9,32,256,0.2,1.0,az_good.ckpt,az_good.ckpt,221,7
21,clip-epsilon-0.1-0.6,9,32,256,0.3666,1.0,az_good.ckpt,az_good.ckpt,195,10
16,clip-epsilon-0.1-0.6,9,32,256,0.8333,1.0,az_good.ckpt,az_good.ckpt,59,12
26,clip-epsilon-0.1-0.6,9,32,256,0.7333,1.0,az_good.ckpt,az_good.ckpt,123,9
29,clip-epsilon-0.1-0.6,9,32,256,0.1333,1.0,az_good.ckpt,az_good.ckpt,243,5
29,clip-epsilon-0.1-0.6,9,32,256,0.6333,1.0,az_good.ckpt,az_good.ckpt,122,33
16,clip-epsilon-0.1-0.6,9,32,256,0.2333,1.0,az_good.ckpt,az_good.ckpt,209,4
10,clip-epsilon-0.1-0.6,9,32,256,0.3333,1.0,az_good.ckpt,az_good.ckpt,238,6
16,clip-epsilon-0.1-0.6,9,32,256,0.6,1.0,az_good.ckpt,az_good.ckpt,187,11
23,clip-epsilon-0.1-0.6,9,32,256,0.0,1.0,az_good.ckpt,az_good.ckpt,230,0
18,clip-epsilon-0.1-0.6,9,32,256,0.1666,1.0,az_good.ckpt,az_good.ckpt,244,5
22,clip-epsilon-0.1-0.6,9,32,256,0.3,1.0,az_good.ckpt,az_good.ckpt,225,2
8,clip-epsilon-0.1-0.6,9,32,256,0.8,1.0,az_good.ckpt,az_good.ckpt,167,24
7,clip-epsilon-0.1-0.6,9,32,256,0.8333,1.0,az_good.ckpt,az_good.ckpt,149,18
2,clip-epsilon-0.1-0.6,9,32,256,0.0333,1.0,az_good.ckpt,az_good.ckpt,240,1
29,clip-epsilon-0.1-0.6,9,32,256,0.6666,1.0,az_good.ckpt,az_good.ckpt,125,32
26,clip-epsilon-0.1-0.6,9,32,256,0.9666,1.0,az_good.ckpt,az_good.ckpt,10,6
6,clip-epsilon-0.1-0.6,9,32,256,0.9,1.0,az_good.ckpt,az_good.ckpt,138,13
5,clip-epsilon-0.1-0.6,9,32,256,0.2,1.0,az_good.ckpt,az_good.ckpt,235,6
21,clip-epsilon-0.1-0.6,9,32,256,0.0,1.0,az_good.ckpt,az_good.ckpt,239,2
29,clip-epsilon-0.1-0.6,9,32,256,0.6,1.0,az_good.ckpt,az_good.ckpt,173,24
18,clip-epsilon-0.1-0.6,9,32,256,0.1333,1.0,az_good.ckpt,az_good.ckpt,241,4
24,clip-epsilon-0.1-0.6,9,32,256,0.7333,1.0,az_good.ckpt,az_good.ckpt,156,20
28,clip-epsilon-0.1-0.6,9,32,256,0.8,1.0,az_good.ckpt,az_good.ckpt,34,13
18,clip-epsilon-0.1-0.6,9,32,256,0.5,1.0,az_good.ckpt,az_good.ckpt,193,13
17,clip-epsilon-0.1-0.6,9,32,256,0.7,1.0,az_good.ckpt,az_good.ckpt,54,7
24,clip-epsilon-0.1-0.6,9,32,256,0.0333,1.0,az_good.ckpt,az_good.ckpt,237,1
11,clip-epsilon-0.1-0.6,9,32,256,0.5333,1.0,az_good.ckpt,az_good.ckpt,199,15
7,clip-epsilon-0.1-0.6,9,32,256,0.7,1.0,az_good.ckpt,az_good.ckpt,160,7
14,clip-epsilon-0.1-0.6,9,32,256,0.0666,1.0,az_good.ckpt,az_good.ckpt,243,0
20,clip-epsilon-0.1-0.6,9,32,256,0.0,1.0,az_good.ckpt,az_good.ckpt,219,2
17,clip-epsilon-0.1-0.6,9,32,256,0.6666,1.0,az_good.ckpt,az_good.ckpt,38,13
30,clip-epsilon-0.1-0.6,9,32,256,0.0,1.0,az_good.ckpt,az_good.ckpt,230,3
19,clip-epsilon-0.1-0.6,9,32,256,0.7,1.0,az_good.ckpt,az_good.ckpt,116,15
27,clip-epsilon-0.1-0.6,9,32,256,0.0666,1.0,az_good.ckpt,az_good.ckpt,225,7
18,clip-epsilon-0.1-0.6,9,32,256,0.5666,1.0,az_good.ckpt,az_good.ckpt,198,9
10,clip-epsilon-0.1-0.6,9,32,256,0.0,1.0,az_good.ckpt,az_good.ckpt,242,1
3,clip-epsilon-0.1-0.6,9,32,256,0.1666,1.0,az_good.ckpt,az_good.ckpt,234,5
9,clip-epsilon-0.1-0.6,9,32,256,0.1666,1.0,az_good.ckpt,az_good.ckpt,230,3
6,clip-epsilon-0.1-0.6,9,32,256,0.1,1.0,az_good.ckpt,az_good.ckpt,214,3
28,clip-epsilon-0.1-0.6,9,32,256,0.2,1.0,az_good.ckpt,az_good.ckpt,220,7
2,clip-epsilon-0.1-0.6,9,32,256,0.5666,1.0,az_good.ckpt,az_good.ckpt,173,13
27,clip-epsilon-0.1-0.6,9,32,256,0.6666,1.0,az_good.ckpt,az_good.ckpt,183,16
28,clip-epsilon-0.1-0.6,9,32,256,0.0333,1.0,az_good.ckpt,az_good.ckpt,236,0
4,clip-epsilon-0.1-0.6,9,32,256,0.1666,1.0,az_good.ckpt,az_good.ckpt,233,1
5,clip-epsilon-0.1-0.6,9,32,256,0.4,1.0,az_good.ckpt,az_good.ckpt,231,1
26,clip-epsilon-0.1-0.6,9,32,256,0.6333,1.0,az_good.ckpt,az_good.ckpt,67,7
25,clip-epsilon-0.1-0.6,9,32,256,0.1333,1.0,az_good.ckpt,az_good.ckpt,245,2
8,clip-epsilon-0.1-0.6,9,32,256,0.6333,1.0,az_good.ckpt,az_good.ckpt,157,9
5,clip-epsilon-0.1-0.6,9,32,256,0.5666,1.0,az_good.ckpt,az_good.ckpt,172,11
25,clip-epsilon-0.1-0.6,9,32,256,0.4333,1.0,az_good.ckpt,az_good.ckpt,217,4
8,clip-epsilon-0.1-0.6,9,32,256,0.9333,1.0,az_good.ckpt,az_good.ckpt,45,11
7,clip-epsilon-0.1-0.6,9,32,256,0.3333,1.0,az_good.ckpt,az_good.ckpt,235,6
25,clip-epsilon-0.1-0.6,9,32,256,0.6666,1.0,az_good.ckpt,az_good.ckpt,99,2
10,clip-epsilon-0.1-0.6,9,32,256,0.1666,1.0,az_good.ckpt,az_good.ckpt,223,1
10,clip-epsilon-0.1-0.6,9,32,256,0.9666,1.0,az_good.ckpt,az_good.ckpt,4,6
15,clip-epsilon-0.1-0.6,9,32,256,0.8333,1.0,az_good.ckpt,az_good.ckpt,45,19
29,clip-epsilon-0.1-0.6,9,32,256,0.0,1.0,az_good.ckpt,az_good.ckpt,231,4
12,clip-epsilon-0.1-0.6,9,32,256,0.6666,1.0,az_good.ckpt,az_good.ckpt,160,16
30,clip-epsilon-0.1-0.6,9,32,256,0.6333,1.0,az_good.ckpt,az_good.ckpt,49,3
18,clip-epsilon-0.1-0.6,9,32,256,0.0333,1.0,az_good.ckpt,az_good.ckpt,216,3
17,clip-epsilon-0.1-0.6,9,32,256,0.9666,1.0,az_good.ckpt,az_good.ckpt,7,14
25,clip-epsilon-0.1-0.6,9,32,256,0.5,1.0,az_good.ckpt,az_good.ckpt,208,11
4,clip-epsilon-0.1-0.6,9,32,256,0.4666,1.0,az_good.ckpt,az_good.ckpt,195,13
20,clip-epsilon-0.1-0.6,9,32,256,0.4,1.0,az_good.ckpt,az_good.ckpt,207,7
24,clip-epsilon-0.1-0.6,9,32,256,0.8,1.0,az_good.ckpt,az_good.ckpt,61,16
3,clip-epsilon-0.1-0.6,9,32,256,1.0,1.0,az_good.ckpt,az_good.ckpt,69,11
2,clip-epsilon-0.1-0.6,9,32,256,0.9333,1.0,az_good.ckpt,az_good.ckpt,28,10
16,clip-epsilon-0.1-0.6,9,32,256,0.5666,1.0,az_good.ckpt,az_good.ckpt,207,12
17,clip-epsilon-0.1-0.6,9,32,256,1.0,1.0,az_good.ckpt,az_good.ckpt,2,14
25,clip-epsilon-0.1-0.6,9,32,256,0.3333,1.0,az_good.ckpt,az_good.ckpt,208,3
24,clip-epsilon-0.1-0.6,9,32,256,0.1,1.0,az_good.ckpt,az_good.ckpt,216,3
29,clip-epsilon-0.1-0.6,9,32,256,0.9333,1.0,az_good.ckpt,az_good.ckpt,33,9
3,clip-epsilon-0.1-0.6,9,32,256,0.5666,1.0,az_good.ckpt,az_good.ckpt,140,15
26,clip-epsilon-0.1-0.6,9,32,256,0.2,1.0,az_good.ckpt,az_good.ckpt,236,7
20,clip-epsilon-0.1-0.6,9,32,256,0.1666,1.0,az_good.ckpt,az_good.ckpt,227,1
2,clip-epsilon-0.1-0.6,9,32,256,0.7,1.0,az_good.ckpt,az_good.ckpt,159,18
9,clip-epsilon-0.1-0.6,9,32,256,0.7,1.0,az_good.ckpt,az_good.ckpt,85,14
20,clip-epsilon-0.1-0.6,9,32,256,0.8,1.0,az_good.ckpt,az_good.ckpt,61,10
7,clip-epsilon-0.1-0.6,9,32,256,0.3,1.0,az_good.ckpt,az_good.ckpt,208,7
22,clip-epsilon-0.1-0.6,9,32,256,0.9666,1.0,az_good.ckpt,az_good.ckpt,10,3
28,clip-epsilon-0.1-0.6,9,32,256,0.3,1.0,az_good.ckpt,az_good.ckpt,182,8
20,clip-epsilon-0.1-0.6,9,32,256,0.9333,1.0,az_good.ckpt,az_good.ckpt,15,2
14,clip-epsilon-0.1-0.6,9,32,256,0.8333,1.0,az_good.ckpt,az_good.ckpt,24,1
21,clip-epsilon-0.1-0.6,9,32,256,0.0666,1.0,az_good.ckpt,az_good.ckpt,240,2
13,clip-epsilon-0.1-0.6,9,32,256,0.2666,1.0,az_good.ckpt,az_good.ckpt,223,6
19,clip-epsilon-0.1-0.6,9,32,256,0.6,1.0,az_good.ckpt,az_good.ckpt,122,13
6,clip-epsilon-0.1-0.6,9,32,256,0.5333,1.0,az_good.ckpt,az_good.ckpt,165,5
11,clip-epsilon-0.1-0.6,9,32,256,0.0,1.0,az_good.ckpt,az_good.ckpt,239,0
6,clip-epsilon-0.1-0.6,9,32,256,0.8,1.0,az_good.ckpt,az_good.ckpt,93,6
18,clip-epsilon-0.1-0.6,9,32,256,0.7,1.0,az_good.ckpt,az_good.ckpt,131,22
9,clip-epsilon-0.1-0.6,9,32,256,0.3666,1.0,az_good.ckpt,az_good.ckpt,176,7
21,clip-epsilon-0.1-0.6,9,32,256,0.2,1.0,az_good.ckpt,az_good.ckpt,236,2
25,clip-epsilon-0.1-0.6,9,32,256,0.4666,1.0,az_good.ckpt,az_good.ckpt,199,10
5,clip-epsilon-0.1-0.6,9,32,256,0.0333,1.0,az_good.ckpt,az_good.ckpt,244,2
8,clip-epsilon-0.1-0.6,9,32,256,0.4,1.0,az_good.ckpt,az_good.ckpt,221,4
27,clip-epsilon-0.1-0.6,9,32,256,0.1333,1.0,az_good.ckpt,az_good.ckpt,242,2
28,clip-epsilon-0.1-0.6,9,32,256,0.5333,1.0,az_good.ckpt,az_good.ckpt,136,10
26,clip-epsilon-0.1-0.6,9,32,256,0.5,1.0,az_good.ckpt,az_good.ckpt,174,15
23,clip-epsilon-0.1-0.6,9,32,256,0.4,1.0,az_good.ckpt,az_good.ckpt,152,14
6,clip-epsilon-0.1-0.6,9,32,256,0.9333,1.0,az_good.ckpt,az_good.ckpt,43,24
10,clip-epsilon-0.1-0.6,9,32,256,0.3,1.0,az_good.ckpt,az_good.ckpt,223,11
20,clip-epsilon-0.1-0.6,9,32,256,0.3666,1.0,az_good.ckpt,az_good.ckpt,207,15
30,clip-epsilon-0.1-0.6,9,32,256,0.5333,1.0,az_good.ckpt,az_good.ckpt,219,6
15,clip-epsilon-0.1-0.6,9,32,256,0.2333,1.0,az_good.ckpt,az_good.ckpt,238,5
21,clip-epsilon-0.1-0.6,9,32,256,0.9333,1.0,az_good.ckpt,az_good.ckpt,15,2
7,clip-epsilon-0.1-0.6,9,32,256,0.6,1.0,az_good.ckpt,az_good.ckpt,213,12
17,clip-epsilon-0.1-0.6,9,32,256,0.1333,1.0,az_good.ckpt,az_good.ckpt,228,7
18,clip-epsilon-0.1-0.6,9,32,256,0.3,1.0,az_good.ckpt,az_good.ckpt,210,4
11,clip-epsilon-0.1-0.6,9,32,256,0.7666,1.0,az_good.ckpt,az_good.ckpt,72,25
6,clip-epsilon-0.1-0.6,9,32,256,0.2666,1.0,az_good.ckpt,az_good.ckpt,172,8
17,clip-epsilon-0.1-0.6,9,32,256,0.4666,1.0,az_good.ckpt,az_good.ckpt,228,10
14,clip-epsilon-0.1-0.6,9,32,256,0.6,1.0,az_good.ckpt,az_good.ckpt,157,7
19,clip-epsilon-0.1-0.6,9,32,256,0.7333,1.0,az_good.ckpt,az_good.ckpt,81,12
11,clip-epsilon-0.1-0.6,9,32,256,0.0333,1.0,az_good.ckpt,az_good.ckpt,245,4
6,clip-epsilon-0.1-0.6,9,32,256,0.9666,1.0,az_good.ckpt,az_good.ckpt,9,2
26,clip-epsilon-0.1-0.6,9,32,256,0.4333,1.0,az_good.ckpt,az_good.ckpt,228,7
16,clip-epsilon-0.1-0.6,9,32,256,0.4,1.0,az_good.ckpt,az_good.ckpt,235,8
6,clip-epsilon-0.1-0.6,9,32,256,0.6333,1.0,az_good.ckpt,az_good.ckpt,136,12
9,clip-epsilon-0.1-0.6,9,32,256,0.3333,1.0,az_good.ckpt,az_good.ckpt,227,7
10,clip-epsilon-0.1-0.6,9,32,256,0.2,1.0,az_good.ckpt,az_good.ckpt,231,2
21,clip-epsilon-0.1-0.6,9,32,256,0.8333,1.0,az_good.ckpt,az_good.ckpt,18,1
2,clip-epsilon-0.1-0.6,9,32,256,0.5333,1.0,az_good.ckpt,az_good.ckpt,188,23
3,clip-epsilon-0.1-0.6,9,32,256,0.3333,1.0,az_good.ckpt,az_good.ckpt,210,7
21,clip-epsilon-0.1-0.6,9,32,256,0.1666,1.0,az_good.ckpt,az_good.ckpt,189,3
10,clip-epsilon-0.1-0.6,9,32,256,0.8,1.0,az_good.ckpt,az_good.ckpt,34,5
28,clip-epsilon-0.1-0.6,9,32,256,0.9666,1.0,az_good.ckpt,az_good.ckpt,6,2
14,clip-epsilon-0.1-0.6,9,32,256,0.4333,1.0,az_good.ckpt,az_good.ckpt,159,3
12,clip-epsilon-0.1-0.6,9,32,256,0.0333,1.0,az_good.ckpt,az_good.ckpt,240,1
16,clip-epsilon-0.1-0.6,9,32,256,0.6333,1.0,az_good.ckpt,az_good.ckpt,102,7
13,clip-epsilon-0.1-0.6,9,32,256,1.0,1.0,az_good.ckpt,az_good.ckpt,5,12
4,clip-epsilon-0.1-0.6,9,32,256,0.6666,1.0,az_good.ckpt,az_good.ckpt,116,10
20,clip-epsilon-0.1-0.6,9,32,256,1.0,1.0,az_good.ckpt,az_good.ckpt,0,4
8,clip-epsilon-0.1-0.6,9,32,256,0.5,1.0,az_good.ckpt,az_good.ckpt,201,10
16,clip-epsilon-0.1-0.6,9,32,256,0.9666,1.0,az_good.ckpt,az_good.ckpt,42,14
20,clip-epsilon-0.1-0.6,9,32,256,0.7333,1.0,az_good.ckpt,az_good.ckpt,109,16
11,clip-epsilon-0.1-0.6,9,32,256,0.0666,1.0,az_good.ckpt,az_good.ckpt,240,2
11,clip-epsilon-0.1-0.6,9,32,256,0.1333,1.0,az_good.ckpt,az_good.ckpt,243,11
6,clip-epsilon-0.1-0.6,9,32,256,0.4666,1.0,az_good.ckpt,az_good.ckpt,190,5
28,clip-epsilon-0.1-0.6,9,32,256,0.4,1.0,az_good.ckpt,az_good.ckpt,228,1
14,clip-epsilon-0.1-0.6,9,32,256,0.1333,1.0,az_good.ckpt,az_good.ckpt,241,3
8,clip-epsilon-0.1-0.6,9,32,256,0.9,1.0,az_good.ckpt,az_good.ckpt,15,3
10,clip-epsilon-0.1-0.6,9,32,256,0.6666,1.0,az_good.ckpt,az_good.ckpt,118,11
16,clip-epsilon-0.1-0.6,9,32,256,0.3666,1.0,az_good.ckpt,az_good.ckpt,221,6
5,clip-epsilon-0.1-0.6,9,32,256,0.0,1.0,az_good.ckpt,az_good.ckpt,244,6
1,clip-epsilon-0.1-0.6,9,32,256,0.7,1.0,az_good.ckpt,az_good.ckpt,22,11
14,clip-epsilon-0.1-0.6,9,32,256,0.5666,1.0,az_good.ckpt,az_good.ckpt,127,8
22,clip-epsilon-0.1-0.6,9,32,256,0.3333,1.0,az_good.ckpt,az_good.ckpt,222,17
25,clip-epsilon-0.1-0.6,9,32,256,0.0333,1.0,az_good.ckpt,az_good.ckpt,236,4
16,clip-epsilon-0.1-0.6,9,32,256,0.1,1.0,az_good.ckpt,az_good.ckpt,235,1
5,clip-epsilon-0.1-0.6,9,32,256,0.7666,1.0,az_good.ckpt,az_good.ckpt,127,18
6,clip-epsilon-0.1-0.6,9,32,256,0.5,1.0,az_good.ckpt,az_good.ckpt,238,10
7,clip-epsilon-0.1-0.6,9,32,256,0.2666,1.0,az_good.ckpt,az_good.ckpt,210,6
26,clip-epsilon-0.1-0.6,9,32,256,0.9333,1.0,az_good.ckpt,az_good.ckpt,12,4
21,clip-epsilon-0.1-0.6,9,32,256,0.6666,1.0,az_good.ckpt,az_good.ckpt,138,10
20,clip-epsilon-0.1-0.6,9,32,256,0.7666,1.0,az_good.ckpt,az_good.ckpt,111,17
16,clip-epsilon-0.1-0.6,9,32,256,0.0333,1.0,az_good.ckpt,az_good.ckpt,244,0
15,clip-epsilon-0.1-0.6,9,32,256,1.0,1.0,az_good.ckpt,az_good.ckpt,11,5
8,clip-epsilon-0.1-0.6,9,32,256,0.7,1.0,az_good.ckpt,az_good.ckpt,104,18
27,clip-epsilon-0.1-0.6,9,32,256,0.2,1.0,az_good.ckpt,az_good.ckpt,237,2
25,clip-epsilon-0.1-0.6,9,32,256,0.8,1.0,az_good.ckpt,az_good.ckpt,95,22
12,clip-epsilon-0.1-0.6,9,32,256,0.7,1.0,az_good.ckpt,az_good.ckpt,155,11
4,clip-epsilon-0.1-0.6,9,32,256,0.3333,1.0,az_good.ckpt,az_good.ckpt,209,7
1,clip-epsilon-0.1-0.6,9,32,256,0.9333,1.0,az_good.ckpt,az_good.ckpt,39,9
29,clip-epsilon-0.1-0.6,9,32,256,0.4666,1.0,az_good.ckpt,az_good.ckpt,202,12
11,clip-epsilon-0.1-0.6,9,32,256,0.9,1.0,az_good.ckpt,az_good.ckpt,21,3
26,clip-epsilon-0.1-0.6,9,32,256,0.1,1.0,az_good.ckpt,az_good.ckpt,230,0
16,clip-epsilon-0.1-0.6,9,32,256,0.4666,1.0,az_good.ckpt,az_good.ckpt,171,10
25,clip-epsilon-0.1-0.6,9,32,256,0.5666,1.0,az_good.ckpt,az_good.ckpt,212,17
22,clip-epsilon-0.1-0.6,9,32,256,0.4666,1.0,az_good.ckpt,az_good.ckpt,214,9
6,clip-epsilon-0.1-0.6,9,32,256,0.6666,1.0,az_good.ckpt,az_good.ckpt,140,6
7,clip-epsilon-0.1-0.6,9,32,256,0.0333,1.0,az_good.ckpt,az_good.ckpt,245,2
22,clip-epsilon-0.1-0.6,9,32,256,0.2,1.0,az_good.ckpt,az_good.ckpt,227,11
12,clip-epsilon-0.1-0.6,9,32,256,0.8666,1.0,az_good.ckpt,az_good.ckpt,21,7
27,clip-epsilon-0.1-0.6,9,32,256,0.7666,1.0,az_good.ckpt,az_good.ckpt,153,22
25,clip-epsilon-0.1-0.6,9,32,256,0.9666,1.0,az_good.ckpt,az_good.ckpt,18,14
19,clip-epsilon-0.1-0.6,9,32,256,0.9333,1.0,az_good.ckpt,az_good.ckpt,8,2
23,clip-epsilon-0.1-0.6,9,32,256,0.4666,1.0,az_good.ckpt,az_good.ckpt,222,8
30,clip-epsilon-0.1-0.6,9,32,256,0.8,1.0,az_good.ckpt,az_good.ckpt,83,9
9,clip-epsilon-0.1-0.6,9,32,256,0.5,1.0,az_good.ckpt,az_good.ckpt,221,7
12,clip-epsilon-0.1-0.6,9,32,256,0.0,1.0,az_good.ckpt,az_good.ckpt,239,2
19,clip-epsilon-0.1-0.6,9,32,256,0.3333,1.0,az_good.ckpt,az_good.ckpt,199,8
12,clip-epsilon-0.1-0.6,9,32,256,0.5333,1.0,az_good.ckpt,az_good.ckpt,141,11
15,clip-epsilon-0.1-0.6,9,32,256,0.9,1.0,az_good.ckpt,az_good.ckpt,19,3
24,clip-epsilon-0.1-0.6,9,32,256,0.1666,1.0,az_good.ckpt,az_good.ckpt,213,4
4,clip-epsilon-0.1-0.6,9,32,256,0.8,1.0,az_good.ckpt,az_good.ckpt,19,14
7,clip-epsilon-0.1-0.6,9,32,256,0.8,1.0,az_good.ckpt,az_good.ckpt,128,29
13,clip-epsilon-0.1-0.6,9,32,256,0.4333,1.0,az_good.ckpt,az_good.ckpt,144,2
13,clip-epsilon-0.1-0.6,9,32,256,0.1666,1.0,az_good.ckpt,az_good.ckpt,233,5
25,clip-epsilon-0.1-0.6,9,32,256,0.2333,1.0,az_good.ckpt,az_good.ckpt,220,2
11,clip-epsilon-0.1-0.6,9,32,256,0.6666,1.0,az_good.ckpt,az_good.ckpt,130,13
18,clip-epsilon-0.1-0.6,9,32,256,0.2333,1.0,az_good.ckpt,az_good.ckpt,239,8
19,clip-epsilon-0.1-0.6,9,32,256,0.4333,1.0,az_good.ckpt,az_good.ckpt,176,7
24,clip-epsilon-0.1-0.6,9,32,256,0.6666,1.0,az_good.ckpt,az_good.ckpt,126,16
8,clip-epsilon-0.1-0.6,9,32,256,0.4333,1.0,az_good.ckpt,az_good.ckpt,154,7
30,clip-epsilon-0.1-0.6,9,32,256,0.8666,1.0,az_good.ckpt,az_good.ckpt,60,7
25,clip-epsilon-0.1-0.6,9,32,256,0.3,1.0,az_good.ckpt,az_good.ckpt,191,7
2,clip-epsilon-0.1-0.6,9,32,256,0.4,1.0,az_good.ckpt,az_good.ckpt,212,7
2,clip-epsilon-0.1-0.6,9,32,256,0.3333,1.0,az_good.ckpt,az_good.ckpt,209,7
14,clip-epsilon-0.1-0.6,9,32,256,0.6333,1.0,az_good.ckpt,az_good.ckpt,135,8
15,clip-epsilon-0.1-0.6,9,32,256,0.3333,1.0,az_good.ckpt,az_good.ckpt,224,4
6,clip-epsilon-0.1-0.6,9,32,256,0.0333,1.0,az_good.ckpt,az_good.ckpt,247,2
6,clip-epsilon-0.1-0.6,9,32,256,0.5666,1.0,az_good.ckpt,az_good.ckpt,198,10
1,clip-epsilon-0.1-0.6,9,32,256,0.2,1.0,az_good.ckpt,az_good.ckpt,241,4
13,clip-epsilon-0.1-0.6,9,32,256,0.6666,1.0,az_good.ckpt,az_good.ckpt,71,5
26,clip-epsilon-0.1-0.6,9,32,256,0.5666,1.0,az_good.ckpt,az_good.ckpt,145,8
5,clip-epsilon-0.1-0.6,9,32,256,0.9,1.0,az_good.ckpt,az_good.ckpt,58,7
3,clip-epsilon-0.1-0.6,9,32,256,0.5,1.0,az_good.ckpt,az_good.ckpt,214,12
30,clip-epsilon-0.1-0.6,9,32,256,0.7666,1.0,az_good.ckpt,az_good.ckpt,65,11
8,clip-epsilon-0.1-0.6,9,32,256,0.5666,1.0,az_good.ckpt,az_good.ckpt,181,12
30,clip-epsilon-0.1-0.6,9,32,256,0.1666,1.0,az_good.ckpt,az_good.ckpt,228,3
21,clip-epsilon-0.1-0.6,9,32,256,0.5,1.0,az_good.ckpt,az_good.ckpt,161,12
29,clip-epsilon-0.1-0.6,9,32,256,0.7,1.0,az_good.ckpt,az_good.ckpt,159,15
1,clip-epsilon-0.1-0.6,9,32,256,0.0666,1.0,az_good.ckpt,az_good.ckpt,237,0
30,clip-epsilon-0.1-0.6,9,32,256,0.3333,1.0,az_good.ckpt,az_good.ckpt,211,8
9,clip-epsilon-0.1-0.6,9,32,256,0.7666,1.0,az_good.ckpt,az_good.ckpt,85,13
20,clip-epsilon-0.1-0.6,9,32,256,0.5666,1.0,az_good.ckpt,az_good.ckpt,107,19
21,clip-epsilon-0.1-0.6,9,32,256,0.2666,1.0,az_good.ckpt,az_good.ckpt,243,7
19,clip-epsilon-0.1-0.6,9,32,256,0.6666,1.0,az_good.ckpt,az_good.ckpt,124,17
20,clip-epsilon-0.1-0.6,9,32,256,0.6333,1.0,az_good.ckpt,az_good.ckpt,123,14
15,clip-epsilon-0.1-0.6,9,32,256,0.9666,1.0,az_good.ckpt,az_good.ckpt,91,14
9,clip-epsilon-0.1-0.6,9,32,256,0.6666,1.0,az_good.ckpt,az_good.ckpt,111,15
26,clip-epsilon-0.1-0.6,9,32,256,0.1333,1.0,az_good.ckpt,az_good.ckpt,237,4
23,clip-epsilon-0.1-0.6,9,32,256,0.3,1.0,az_good.ckpt,az_good.ckpt,225,7
12,clip-epsilon-0.1-0.6,9,32,256,0.9,1.0,az_good.ckpt,az_good.ckpt,22,12
29,clip-epsilon-0.1-0.6,9,32,256,0.4333,1.0,az_good.ckpt,az_good.ckpt,227,10
1,clip-epsilon-0.1-0.6,9,32,256,0.3333,1.0,az_good.ckpt,az_good.ckpt,146,5
15,clip-epsilon-0.1-0.6,9,32,256,0.7,1.0,az_good.ckpt,az_good.ckpt,120,21
19,clip-epsilon-0.1-0.6,9,32,256,0.5333,1.0,az_good.ckpt,az_good.ckpt,170,16
16,clip-epsilon-0.1-0.6,9,32,256,0.4333,1.0,az_good.ckpt,az_good.ckpt,172,7
4,clip-epsilon-0.1-0.6,9,32,256,0.0,1.0,az_good.ckpt,az_good.ckpt,215,2
27,clip-epsilon-0.1-0.6,9,32,256,0.8,1.0,az_good.ckpt,az_good.ckpt,153,18
20,clip-epsilon-0.1-0.6,9,32,256,0.1333,1.0,az_good.ckpt,az_good.ckpt,225,3
9,clip-epsilon-0.1-0.6,9,32,256,0.8,1.0,az_good.ckpt,az_good.ckpt,109,9
26,clip-epsilon-0.1-0.6,9,32,256,0.1666,1.0,az_good.ckpt,az_good.ckpt,237,6
5,clip-epsilon-0.1-0.6,9,32,256,0.8,1.0,az_good.ckpt,az_good.ckpt,147,10
13,clip-epsilon-0.1-0.6,9,32,256,0.8666,1.0,az_good.ckpt,az_good.ckpt,31,18
18,clip-epsilon-0.1-0.6,9,32,256,0.3333,1.0,az_good.ckpt,az_good.ckpt,209,13
25,clip-epsilon-0.1-0.6,9,32,256,0.7,1.0,az_good.ckpt,az_good.ckpt,160,4
13,clip-epsilon-0.1-0.6,9,32,256,0.1333,1.0,az_good.ckpt,az_good.ckpt,207,0
24,clip-epsilon-0.1-0.6,9,32,256,0.3,1.0,az_good.ckpt,az_good.ckpt,235,8
13,clip-epsilon-0.1-0.6,9,32,256,0.6,1.0,az_good.ckpt,az_good.ckpt,141,19
21,clip-epsilon-0.1-0.6,9,32,256,0.0333,1.0,az_good.ckpt,az_good.ckpt,239,4
11,clip-epsilon-0.1-0.6,9,32,256,0.7,1.0,az_good.ckpt,az_good.ckpt,112,9
28,clip-epsilon-0.1-0.6,9,32,256,0.9,1.0,az_good.ckpt,az_good.ckpt,19,2
12,clip-epsilon-0.1-0.6,9,32,256,0.7666,1.0,az_good.ckpt,az_good.ckpt,130,12
12,clip-epsilon-0.1-0.6,9,32,256,0.1333,1.0,az_good.ckpt,az_good.ckpt,237,3
27,clip-epsilon-0.1-0.6,9,32,256,0.9,1.0,az_good.ckpt,az_good.ckpt,61,11
7,clip-epsilon-0.1-0.6,9,32,256,0.9,1.0,az_good.ckpt,az_good.ckpt,22,6
10,clip-epsilon-0.1-0.6,9,32,256,0.0666,1.0,az_good.ckpt,az_good.ckpt,228,5
18,clip-epsilon-0.1-0.6,9,32,256,0.9333,1.0,az_good.ckpt,az_good.ckpt,6,9
9,clip-epsilon-0.1-0.6,9,32,256,1.0,1.0,az_good.ckpt,az_good.ckpt,16,12
27,clip-epsilon-0.1-0.6,9,32,256,0.4666,1.0,az_good.ckpt,az_good.ckpt,152,5
12,clip-epsilon-0.1-0.6,9,32,256,1.0,1.0,az_good.ckpt,az_good.ckpt,87,6
2,clip-epsilon-0.1-0.6,9,32,256,1.0,1.0,az_good.ckpt,az_good.ckpt,11,12
23,clip-epsilon-0.1-0.6,9,32,256,0.9666,1.0,az_good.ckpt,az_good.ckpt,3,2
25,clip-epsilon-0.1-0.6,9,32,256,0.1,1.0,az_good.ckpt,az_good.ckpt,233,2
4,clip-epsilon-0.1-0.6,9,32,256,0.3,1.0,az_good.ckpt,az_good.ckpt,211,5
28,clip-epsilon-0.1-0.6,9,32,256,0.6,1.0,az_good.ckpt,az_good.ckpt,136,7
26,clip-epsilon-0.1-0.6,9,32,256,0.9,1.0,az_good.ckpt,az_good.ckpt,19,1
8,clip-epsilon-0.1-0.6,9,32,256,0.1333,1.0,az_good.ckpt,az_good.ckpt,234,5
24,clip-epsilon-0.1-0.6,9,32,256,0.6,1.0,az_good.ckpt,az_good.ckpt,162,17
15,clip-epsilon-0.1-0.6,9,32,256,0.4666,1.0,az_good.ckpt,az_good.ckpt,205,8
9,clip-epsilon-0.1-0.6,9,32,256,0.8333,1.0,az_good.ckpt,az_good.ckpt,29,84
15,clip-epsilon-0.1-0.6,9,32,256,0.1,1.0,az_good.ckpt,az_good.ckpt,246,0
12,clip-epsilon-0.1-0.6,9,32,256,0.7333,1.0,az_good.ckpt,az_good.ckpt,179,14
7,clip-epsilon-0.1-0.6,9,32,256,0.2,1.0,az_good.ckpt,az_good.ckpt,249,6
1,clip-epsilon-0.1-0.6,9,32,256,0.3666,1.0,az_good.ckpt,az_good.ckpt,202,4
13,clip-epsilon-0.1-0.6,9,32,256,0.4666,1.0,az_good.ckpt,az_good.ckpt,115,12
27,clip-epsilon-0.1-0.6,9,32,256,0.5666,1.0,az_good.ckpt,az_good.ckpt,178,16
13,clip-epsilon-0.1-0.6,9,32,256,0.3,1.0,az_good.ckpt,az_good.ckpt,189,7
23,clip-epsilon-0.1-0.6,9,32,256,0.2666,1.0,az_good.ckpt,az_good.ckpt,241,5
9,clip-epsilon-0.1-0.6,9,32,256,0.9666,1.0,az_good.ckpt,az_good.ckpt,17,29
15,clip-epsilon-0.1-0.6,9,32,256,0.8,1.0,az_good.ckpt,az_good.ckpt,62,11
22,clip-epsilon-0.1-0.6,9,32,256,0.1333,1.0,az_good.ckpt,az_good.ckpt,237,3
5,clip-epsilon-0.1-0.6,9,32,256,0.8333,1.0,az_good.ckpt,az_good.ckpt,48,7
7,clip-epsilon-0.1-0.6,9,32,256,0.6333,1.0,az_good.ckpt,az_good.ckpt,191,14
23,clip-epsilon-0.1-0.6,9,32,256,0.0666,1.0,az_good.ckpt,az_good.ckpt,249,3
10,clip-epsilon-0.1-0.6,9,32,256,0.1333,1.0,az_good.ckpt,az_good.ckpt,239,1
11,clip-epsilon-0.1-0.6,9,32,256,0.5666,1.0,az_good.ckpt,az_good.ckpt,176,14
14,clip-epsilon-0.1-0.6,9,32,256,0.4,1.0,az_good.ckpt,az_good.ckpt,231,9
7,clip-epsilon-0.1-0.6,9,32,256,1.0,1.0,az_good.ckpt,az_good.ckpt,6,5
27,clip-epsilon-0.1-0.6,9,32,256,0.6333,1.0,az_good.ckpt,az_good.ckpt,166,14
5,clip-epsilon-0.1-0.6,9,32,256,0.3333,1.0,az_good.ckpt,az_good.ckpt,201,12
5,clip-epsilon-0.1-0.6,9,32,256,0.6333,1.0,az_good.ckpt,az_good.ckpt,138,11
9,clip-epsilon-0.1-0.6,9,32,256,0.4,1.0,az_good.ckpt,az_good.ckpt,218,11
7,clip-epsilon-0.1-0.6,9,32,256,0.7666,1.0,az_good.ckpt,az_good.ckpt,167,12
11,clip-epsilon-0.1-0.6,9,32,256,0.8,1.0,az_good.ckpt,az_good.ckpt,74,24
20,clip-epsilon-0.1-0.6,9,32,256,0.9666,1.0,az_good.ckpt,az_good.ckpt,5,4
7,clip-epsilon-0.1-0.6,9,32,256,0.7333,1.0,az_good.ckpt,az_good.ckpt,188,26
10,clip-epsilon-0.1-0.6,9,32,256,0.8666,1.0,az_good.ckpt,az_good.ckpt,29,15
27,clip-epsilon-0.1-0.6,9,32,256,0.5333,1.0,az_good.ckpt,az_good.ckpt,214,14
6,clip-epsilon-0.1-0.6,9,32,256,0.8333,1.0,az_good.ckpt,az_good.ckpt,81,9
26,clip-epsilon-0.1-0.6,9,32,256,0.0,1.0,az_good.ckpt,az_good.ckpt,244,2
22,clip-epsilon-0.1-0.6,9,32,256,0.0,1.0,az_good.ckpt,az_good.ckpt,245,1
19,clip-epsilon-0.1-0.6,9,32,256,0.8,1.0,az_good.ckpt,az_good.ckpt,33,12
13,clip-epsilon-0.1-0.6,9,32,256,0.0666,1.0,az_good.ckpt,az_good.ckpt,243,3
13,clip-epsilon-0.1-0.6,9,32,256,0.7333,1.0,az_good.ckpt,az_good.ckpt,47,9
7,clip-epsilon-0.1-0.6,9,32,256,0.9333,1.0,az_good.ckpt,az_good.ckpt,11,6
23,clip-epsilon-0.1-0.6,9,32,256,0.1333,1.0,az_good.ckpt,az_good.ckpt,210,6
14,clip-epsilon-0.1-0.6,9,32,256,0.7333,1.0,az_good.ckpt,az_good.ckpt,81,19
25,clip-epsilon-0.1-0.6,9,32,256,0.9,1.0,az_good.ckpt,az_good.ckpt,23,17
20,clip-epsilon-0.1-0.6,9,32,256,0.6666,1.0,az_good.ckpt,az_good.ckpt,110,24
10,clip-epsilon-0.1-0.6,9,32,256,0.6333,1.0,az_good.ckpt,az_good.ckpt,58,9
10,clip-epsilon-0.1-0.6,9,32,256,1.0,1.0,az_good.ckpt,az_good.ckpt,0,9
1,clip-epsilon-0.1-0.6,9,32,256,0.4666,1.0,az_good.ckpt,az_good.ckpt,200,6
29,clip-epsilon-0.1-0.6,9,32,256,0.7666,1.0,az_good.ckpt,az_good.ckpt,97,18
26,clip-epsilon-0.1-0.6,9,32,256,0.8333,1.0,az_good.ckpt,az_good.ckpt,20,3
2,clip-epsilon-0.1-0.6,9,32,256,0.8,1.0,az_good.ckpt,az_good.ckpt,93,26
8,clip-epsilon-0.1-0.6,9,32,256,0.2666,1.0,az_good.ckpt,az_good.ckpt,231,2
6,clip-epsilon-0.1-0.6,9,32,256,0.8666,1.0,az_good.ckpt,az_good.ckpt,180,15
11,clip-epsilon-0.1-0.6,9,32,256,0.2,1.0,az_good.ckpt,az_good.ckpt,221,6
17,clip-epsilon-0.1-0.6,9,32,256,0.0666,1.0,az_good.ckpt,az_good.ckpt,238,0
4,clip-epsilon-0.1-0.6,9,32,256,0.0333,1.0,az_good.ckpt,az_good.ckpt,236,6
5,clip-epsilon-0.1-0.6,9,32,256,0.9333,1.0,az_good.ckpt,az_good.ckpt,23,7
10,clip-epsilon-0.1-0.6,9,32,256,0.5333,1.0,az_good.ckpt,az_good.ckpt,213,9
23,clip-epsilon-0.1-0.6,9,32,256,0.5333,1.0,az_good.ckpt,az_good.ckpt,178,16
28,clip-epsilon-0.1-0.6,9,32,256,0.8333,1.0,az_good.ckpt,az_good.ckpt,48,12
11,clip-epsilon-0.1-0.6,9,32,256,0.1,1.0,az_good.ckpt,az_good.ckpt,247,2
29,clip-epsilon-0.1-0.6,9,32,256,0.7333,1.0,az_good.ckpt,az_good.ckpt,137,16
12,clip-epsilon-0.1-0.6,9,32,256,0.3,1.0,az_good.ckpt,az_good.ckpt,238,8
26,clip-epsilon-0.1-0.6,9,32,256,0.0666,1.0,az_good.ckpt,az_good.ckpt,233,4
4,clip-epsilon-0.1-0.6,9,32,256,0.2333,1.0,az_good.ckpt,az_good.ckpt,228,7
9,clip-epsilon-0.1-0.6,9,32,256,0.9333,1.0,az_good.ckpt,az_good.ckpt,19,54
21,clip-epsilon-0.1-0.6,9,32,256,0.9,1.0,az_good.ckpt,az_good.ckpt,57,19
13,clip-epsilon-0.1-0.6,9,32,256,0.9666,1.0,az_good.ckpt,az_good.ckpt,14,10
9,clip-epsilon-0.1-0.6,9,32,256,0.3,1.0,az_good.ckpt,az_good.ckpt,216,5
2,clip-epsilon-0.1-0.6,9,32,256,0.0666,1.0,az_good.ckpt,az_good.ckpt,228,1
30,clip-epsilon-0.1-0.6,9,32,256,0.7,1.0,az_good.ckpt,az_good.ckpt,84,11
25,clip-epsilon-0.1-0.6,9,32,256,0.8333,1.0,az_good.ckpt,az_good.ckpt,56,4
20,clip-epsilon-0.1-0.6,9,32,256,0.0666,1.0,az_good.ckpt,az_good.ckpt,239,4
14,clip-epsilon-0.1-0.6,9,32,256,0.1,1.0,az_good.ckpt,az_good.ckpt,240,2
23,clip-epsilon-0.1-0.6,9,32,256,0.3666,1.0,az_good.ckpt,az_good.ckpt,206,10
22,clip-epsilon-0.1-0.6,9,32,256,0.2666,1.0,az_good.ckpt,az_good.ckpt,220,9
1,clip-epsilon-0.1-0.6,9,32,256,0.3,1.0,az_good.ckpt,az_good.ckpt,228,7
30,clip-epsilon-0.1-0.6,9,32,256,0.9,1.0,az_good.ckpt,az_good.ckpt,10,11
19,clip-epsilon-0.1-0.6,9,32,256,0.5,1.0,az_good.ckpt,az_good.ckpt,133,11
16,clip-epsilon-0.1-0.6,9,32,256,0.3333,1.0,az_good.ckpt,az_good.ckpt,241,5
9,clip-epsilon-0.1-0.6,9,32,256,0.2,1.0,az_good.ckpt,az_good.ckpt,212,4
3,clip-epsilon-0.1-0.6,9,32,256,0.7,1.0,az_good.ckpt,az_good.ckpt,206,7
4,clip-epsilon-0.1-0.6,9,32,256,0.5333,1.0,az_good.ckpt,az_good.ckpt,194,17
26,clip-epsilon-0.1-0.6,9,32,256,0.5333,1.0,az_good.ckpt,az_good.ckpt,217,7
17,clip-epsilon-0.1-0.6,9,32,256,0.5666,1.0,az_good.ckpt,az_good.ckpt,165,14
21,clip-epsilon-0.1-0.6,9,32,256,0.3333,1.0,az_good.ckpt,az_good.ckpt,218,6
1,clip-epsilon-0.1-0.6,9,32,256,0.8,1.0,az_good.ckpt,az_good.ckpt,73,13
24,clip-epsilon-0.1-0.6,9,32,256,0.5333,1.0,az_good.ckpt,az_good.ckpt,172,13
29,clip-epsilon-0.1-0.6,9,32,256,1.0,1.0,az_good.ckpt,az_good.ckpt,2,3
22,clip-epsilon-0.1-0.6,9,32,256,0.3666,1.0,az_good.ckpt,az_good.ckpt,229,8
25,clip-epsilon-0.1-0.6,9,32,256,0.6333,1.0,az_good.ckpt,az_good.ckpt,177,17
29,clip-epsilon-0.1-0.6,9,32,256,0.1,1.0,az_good.ckpt,az_good.ckpt,241,2
4,clip-epsilon-0.1-0.6,9,32,256,0.9333,1.0,az_good.ckpt,az_good.ckpt,21,4
12,clip-epsilon-0.1-0.6,9,32,256,0.4333,1.0,az_good.ckpt,az_good.ckpt,221,8
14,clip-epsilon-0.1-0.6,9,32,256,0.3333,1.0,az_good.ckpt,az_good.ckpt,212,9
13,clip-epsilon-0.1-0.6,9,32,256,0.2,1.0,az_good.ckpt,az_good.ckpt,244,3
13,clip-epsilon-0.1-0.6,9,32,256,0.1,1.0,az_good.ckpt,az_good.ckpt,212,2
12,clip-epsilon-0.1-0.6,9,32,256,0.2333,1.0,az_good.ckpt,az_good.ckpt,223,11
8,clip-epsilon-0.1-0.6,9,32,256,0.0,1.0,az_good.ckpt,az_good.ckpt,244,0
23,clip-epsilon-0.1-0.6,9,32,256,0.1,1.0,az_good.ckpt,az_good.ckpt,199,1
20,clip-epsilon-0.1-0.6,9,32,256,0.8333,1.0,az_good.ckpt,az_good.ckpt,50,18
22,clip-epsilon-0.1-0.6,9,32,256,0.5,1.0,az_good.ckpt,az_good.ckpt,202,11
1,clip-epsilon-0.1-0.6,9,32,256,0.7333,1.0,az_good.ckpt,az_good.ckpt,27,9
19,clip-epsilon-0.1-0.6,9,32,256,0.3666,1.0,az_good.ckpt,az_good.ckpt,205,1
17,clip-epsilon-0.1-0.6,9,32,256,0.3,1.0,az_good.ckpt,az_good.ckpt,220,7
15,clip-epsilon-0.1-0.6,9,32,256,0.2,1.0,az_good.ckpt,az_good.ckpt,219,7
13,clip-epsilon-0.1-0.6,9,32,256,0.4,1.0,az_good.ckpt,az_good.ckpt,165,6
30,clip-epsilon-0.1-0.6,9,32,256,0.2666,1.0,az_good.ckpt,az_good.ckpt,231,3
24,clip-epsilon-0.1-0.6,9,32,256,0.7666,1.0,az_good.ckpt,az_good.ckpt,67,15
2,clip-epsilon-0.1-0.6,9,32,256,0.1,1.0,az_good.ckpt,az_good.ckpt,244,0
21,clip-epsilon-0.1-0.6,9,32,256,0.1333,1.0,az_good.ckpt,az_good.ckpt,234,6
30,clip-epsilon-0.1-0.6,9,32,256,0.0666,1.0,az_good.ckpt,az_good.ckpt,247,1
30,clip-epsilon-0.1-0.6,9,32,256,0.4333,1.0,az_good.ckpt,az_good.ckpt,170,13
2,clip-epsilon-0.1-0.6,9,32,256,0.3,1.0,az_good.ckpt,az_good.ckpt,215,7
15,clip-epsilon-0.1-0.6,9,32,256,0.9333,1.0,az_good.ckpt,az_good.ckpt,23,2
27,clip-epsilon-0.1-0.6,9,32,256,0.8333,1.0,az_good.ckpt,az_good.ckpt,134,20
1,clip-epsilon-0.1-0.6,9,32,256,0.6,1.0,az_good.ckpt,az_good.ckpt,165,17
28,clip-epsilon-0.1-0.6,9,32,256,0.7,1.0,az_good.ckpt,az_good.ckpt,150,19
26,clip-epsilon-0.1-0.6,9,32,256,0.6,1.0,az_good.ckpt,az_good.ckpt,139,9
17,clip-epsilon-0.1-0.6,9,32,256,0.8,1.0,az_good.ckpt,az_good.ckpt,24,8
11,clip-epsilon-0.1-0.6,9,32,256,0.9333,1.0,az_good.ckpt,az_good.ckpt,8,2
22,clip-epsilon-0.1-0.6,9,32,256,0.8666,1.0,az_good.ckpt,az_good.ckpt,47,5
20,clip-epsilon-0.1-0.6,9,32,256,0.5,1.0,az_good.ckpt,az_good.ckpt,171,12
30,clip-epsilon-0.1-0.6,9,32,256,0.8333,1.0,az_good.ckpt,az_good.ckpt,40,37
20,clip-epsilon-0.1-0.6,9,32,256,0.8666,1.0,az_good.ckpt,az_good.ckpt,43,9
28,clip-epsilon-0.1-0.6,9,32,256,0.2666,1.0,az_good.ckpt,az_good.ckpt,213,2
4,clip-epsilon-0.1-0.6,9,32,256,0.1,1.0,az_good.ckpt,az_good.ckpt,237,0
27,clip-epsilon-0.1-0.6,9,32,256,0.1666,1.0,az_good.ckpt,az_good.ckpt,225,0
10,clip-epsilon-0.1-0.6,9,32,256,0.4,1.0,az_good.ckpt,az_good.ckpt,216,8
23,clip-epsilon-0.1-0.6,9,32,256,0.6333,1.0,az_good.ckpt,az_good.ckpt,33,10
29,clip-epsilon-0.1-0.6,9,32,256,0.0666,1.0,az_good.ckpt,az_good.ckpt,236,0
18,clip-epsilon-0.1-0.6,9,32,256,0.0666,1.0,az_good.ckpt,az_good.ckpt,244,6
22,clip-epsilon-0.1-0.6,9,32,256,0.1,1.0,az_good.ckpt,az_good.ckpt,244,1
18,clip-epsilon-0.1-0.6,9,32,256,0.8,1.0,az_good.ckpt,az_good.ckpt,116,23
23,clip-epsilon-0.1-0.6,9,32,256,0.1666,1.0,az_good.ckpt,az_good.ckpt,207,4
4,clip-epsilon-0.1-0.6,9,32,256,0.5,1.0,az_good.ckpt,az_good.ckpt,173,20
12,clip-epsilon-0.1-0.6,9,32,256,0.6,1.0,az_good.ckpt,az_good.ckpt,160,15
30,clip-epsilon-0.1-0.6,9,32,256,0.4,1.0,az_good.ckpt,az_good.ckpt,157,3
23,clip-epsilon-0.1-0.6,9,32,256,0.9333,1.0,az_good.ckpt,az_good.ckpt,12,2
10,clip-epsilon-0.1-0.6,9,32,256,0.7666,1.0,az_good.ckpt,az_good.ckpt,40,2
21,clip-epsilon-0.1-0.6,9,32,256,1.0,1.0,az_good.ckpt,az_good.ckpt,6,4
24,clip-epsilon-0.1-0.6,9,32,256,0.4333,1.0,az_good.ckpt,az_good.ckpt,162,13
1,clip-epsilon-0.1-0.6,9,32,256,0.5333,1.0,az_good.ckpt,az_good.ckpt,143,26
27,clip-epsilon-0.1-0.6,9,32,256,0.8666,1.0,az_good.ckpt,az_good.ckpt,104,7
13,clip-epsilon-0.1-0.6,9,32,256,0.7,1.0,az_good.ckpt,az_good.ckpt,45,9
14,clip-epsilon-0.1-0.6,9,32,256,0.3666,1.0,az_good.ckpt,az_good.ckpt,207,4
22,clip-epsilon-0.1-0.6,9,32,256,0.4333,1.0,az_good.ckpt,az_good.ckpt,208,6
2,clip-epsilon-0.1-0.6,9,32,256,0.8333,1.0,az_good.ckpt,az_good.ckpt,83,13
26,clip-epsilon-0.1-0.6,9,32,256,0.7666,1.0,az_good.ckpt,az_good.ckpt,27,18
23,clip-epsilon-0.1-0.6,9,32,256,0.8333,1.0,az_good.ckpt,az_good.ckpt,27,14
24,clip-epsilon-0.1-0.6,9,32,256,0.2,1.0,az_good.ckpt,az_good.ckpt,218,4
4,clip-epsilon-0.1-0.6,9,32,256,0.8333,1.0,az_good.ckpt,az_good.ckpt,71,23
4,clip-epsilon-0.1-0.6,9,32,256,0.4333,1.0,az_good.ckpt,az_good.ckpt,235,12
14,clip-epsilon-0.1-0.6,9,32,256,0.7666,1.0,az_good.ckpt,az_good.ckpt,29,15
5,clip-epsilon-0.1-0.6,9,32,256,0.9666,1.0,az_good.ckpt,az_good.ckpt,31,12
28,clip-epsilon-0.1-0.6,9,32,256,0.4333,1.0,az_good.ckpt,az_good.ckpt,203,8
26,clip-epsilon-0.1-0.6,9,32,256,0.6666,1.0,az_good.ckpt,az_good.ckpt,75,7
22,clip-epsilon-0.1-0.6,9,32,256,1.0,1.0,az_good.ckpt,az_good.ckpt,8,12
26,clip-epsilon-0.1-0.6,9,32,256,0.4,1.0,az_good.ckpt,az_good.ckpt,214,7
2,clip-epsilon-0.1-0.6,9,32,256,0.7333,1.0,az_good.ckpt,az_good.ckpt,93,14
17,clip-epsilon-0.1-0.6,9,32,256,0.6,1.0,az_good.ckpt,az_good.ckpt,153,21
17,clip-epsilon-0.1-0.6,9,32,256,0.9333,1.0,az_good.ckpt,az_good.ckpt,4,6
30,clip-epsilon-0.1-0.6,9,32,256,0.4666,1.0,az_good.ckpt,az_good.ckpt,172,9
3,clip-epsilon-0.1-0.6,9,32,256,0.1333,1.0,az_good.ckpt,az_good.ckpt,245,1
15,clip-epsilon-0.1-0.6,9,32,256,0.7666,1.0,az_good.ckpt,az_good.ckpt,68,24
11,clip-epsilon-0.1-0.6,9,32,256,0.6,1.0,az_good.ckpt,az_good.ckpt,81,14
27,clip-epsilon-0.1-0.6,9,32,256,0.0,1.0,az_good.ckpt,az_good.ckpt,241,2
20,clip-epsilon-0.1-0.6,9,32,256,0.3,1.0,az_good.ckpt,az_good.ckpt,230,5
27,clip-epsilon-0.1-0.6,9,32,256,0.4,1.0,az_good.ckpt,az_good.ckpt,174,12
10,clip-epsilon-0.1-0.6,9,32,256,0.7333,1.0,az_good.ckpt,az_good.ckpt,33,24
10,clip-epsilon-0.1-0.6,9,32,256,0.1,1.0,az_good.ckpt,az_good.ckpt,222,2
5,clip-epsilon-0.1-0.6,9,32,256,0.0666,1.0,az_good.ckpt,az_good.ckpt,225,3
13,clip-epsilon-0.1-0.6,9,32,256,0.0333,1.0,az_good.ckpt,az_good.ckpt,234,2
17,clip-epsilon-0.1-0.6,9,32,256,0.2333,1.0,az_good.ckpt,az_good.ckpt,237,2
14,clip-epsilon-0.1-0.6,9,32,256,0.9333,1.0,az_good.ckpt,az_good.ckpt,3,39
15,clip-epsilon-0.1-0.6,9,32,256,0.1333,1.0,az_good.ckpt,az_good.ckpt,232,3
28,clip-epsilon-0.1-0.6,9,32,256,0.2333,1.0,az_good.ckpt,az_good.ckpt,212,1
27,clip-epsilon-0.1-0.6,9,32,256,0.3666,1.0,az_good.ckpt,az_good.ckpt,149,8
29,clip-epsilon-0.1-0.6,9,32,256,0.5666,1.0,az_good.ckpt,az_good.ckpt,180,15
14,clip-epsilon-0.1-0.6,9,32,256,0.1666,1.0,az_good.ckpt,az_good.ckpt,243,5
21,clip-epsilon-0.1-0.6,9,32,256,0.3,1.0,az_good.ckpt,az_good.ckpt,217,11
9,clip-epsilon-0.1-0.6,9,32,256,0.4666,1.0,az_good.ckpt,az_good.ckpt,184,8
30,clip-epsilon-0.1-0.6,9,32,256,0.6666,1.0,az_good.ckpt,az_good.ckpt,131,4
19,clip-epsilon-0.1-0.6,9,32,256,0.4,1.0,az_good.ckpt,az_good.ckpt,177,9
19,clip-epsilon-0.1-0.6,9,32,256,0.7666,1.0,az_good.ckpt,az_good.ckpt,65,8
12,clip-epsilon-0.1-0.6,9,32,256,0.3666,1.0,az_good.ckpt,az_good.ckpt,199,3
17,clip-epsilon-0.1-0.6,9,32,256,0.9,1.0,az_good.ckpt,az_good.ckpt,22,8
19,clip-epsilon-0.1-0.6,9,32,256,0.2333,1.0,az_good.ckpt,az_good.ckpt,221,6
16,clip-epsilon-0.1-0.6,9,32,256,0.2,1.0,az_good.ckpt,az_good.ckpt,234,2
19,clip-epsilon-0.1-0.6,9,32,256,0.6333,1.0,az_good.ckpt,az_good.ckpt,116,15
21,clip-epsilon-0.1-0.6,9,32,256,0.1,1.0,az_good.ckpt,az_good.ckpt,239,1
29,clip-epsilon-0.1-0.6,9,32,256,0.9666,1.0,az_good.ckpt,az_good.ckpt,10,3
25,clip-epsilon-0.1-0.6,9,32,256,0.2666,1.0,az_good.ckpt,az_good.ckpt,204,3
18,clip-epsilon-0.1-0.6,9,32,256,0.4333,1.0,az_good.ckpt,az_good.ckpt,187,7
6,clip-epsilon-0.1-0.6,9,32,256,0.4333,1.0,az_good.ckpt,az_good.ckpt,216,10
17,clip-epsilon-0.1-0.6,9,32,256,0.3333,1.0,az_good.ckpt,az_good.ckpt,237,12
9,clip-epsilon-0.1-0.6,9,32,256,0.0666,1.0,az_good.ckpt,az_good.ckpt,231,2
8,clip-epsilon-0.1-0.6,9,32,256,0.6,1.0,az_good.ckpt,az_good.ckpt,181,11
19,clip-epsilon-0.1-0.6,9,32,256,0.5666,1.0,az_good.ckpt,az_good.ckpt,143,14
18,clip-epsilon-0.1-0.6,9,32,256,0.0,1.0,az_good.ckpt,az_good.ckpt,245,2
15,clip-epsilon-0.1-0.6,9,32,256,0.3,1.0,az_good.ckpt,az_good.ckpt,230,6
13,clip-epsilon-0.1-0.6,9,32,256,0.5,1.0,az_good.ckpt,az_good.ckpt,123,13
18,clip-epsilon-0.1-0.6,9,32,256,0.4,1.0,az_good.ckpt,az_good.ckpt,194,5
22,clip-epsilon-0.1-0.6,9,32,256,0.9,1.0,az_good.ckpt,az_good.ckpt,21,2
23,clip-epsilon-0.1-0.6,9,32,256,0.6666,1.0,az_good.ckpt,az_good.ckpt,48,19
27,clip-epsilon-0.1-0.6,9,32,256,0.6,1.0,az_good.ckpt,az_good.ckpt,187,19
14,clip-epsilon-0.1-0.6,9,32,256,0.7,1.0,az_good.ckpt,az_good.ckpt,144,15
25,clip-epsilon-0.1-0.6,9,32,256,0.0666,1.0,az_good.ckpt,az_good.ckpt,247,2
8,clip-epsilon-0.1-0.6,9,32,256,0.1,1.0,az_good.ckpt,az_good.ckpt,236,5
14,clip-epsilon-0.1-0.6,9,32,256,0.9666,1.0,az_good.ckpt,az_good.ckpt,5,43
22,clip-epsilon-0.1-0.6,9,32,256,0.4,1.0,az_good.ckpt,az_good.ckpt,232,10
21,clip-epsilon-0.1-0.6,9,32,256,0.9666,1.0,az_good.ckpt,az_good.ckpt,8,5
9,clip-epsilon-0.1-0.6,9,32,256,0.1333,1.0,az_good.ckpt,az_good.ckpt,232,3
11,clip-epsilon-0.1-0.6,9,32,256,0.3,1.0,az_good.ckpt,az_good.ckpt,200,5
2,clip-epsilon-0.1-0.6,9,32,256,0.2,1.0,az_good.ckpt,az_good.ckpt,228,6
7,clip-epsilon-0.1-0.6,9,32,256,0.0,1.0,az_good.ckpt,az_good.ckpt,235,2
29,clip-epsilon-0.1-0.6,9,32,256,0.5,1.0,az_good.ckpt,az_good.ckpt,206,20
29,clip-epsilon-0.1-0.6,9,32,256,0.9,1.0,az_good.ckpt,az_good.ckpt,19,9
16,clip-epsilon-0.1-0.6,9,32,256,0.9333,1.0,az_good.ckpt,az_good.ckpt,20,9
15,clip-epsilon-0.1-0.6,9,32,256,0.5333,1.0,az_good.ckpt,az_good.ckpt,210,8
27,clip-epsilon-0.1-0.6,9,32,256,0.5,1.0,az_good.ckpt,az_good.ckpt,189,9
2,clip-epsilon-0.1-0.6,9,32,256,0.6,1.0,az_good.ckpt,az_good.ckpt,154,13
10,clip-epsilon-0.1-0.6,9,32,256,0.4666,1.0,az_good.ckpt,az_good.ckpt,185,14
14,clip-epsilon-0.1-0.6,9,32,256,0.2,1.0,az_good.ckpt,az_good.ckpt,214,9
7,clip-epsilon-0.1-0.6,9,32,256,0.4666,1.0,az_good.ckpt,az_good.ckpt,163,15
5,clip-epsilon-0.1-0.6,9,32,256,0.6666,1.0,az_good.ckpt,az_good.ckpt,124,8
8,clip-epsilon-0.1-0.6,9,32,256,0.0333,1.0,az_good.ckpt,az_good.ckpt,238,2
24,clip-epsilon-0.1-0.6,9,32,256,0.0666,1.0,az_good.ckpt,az_good.ckpt,223,3
6,clip-epsilon-0.1-0.6,9,32,256,1.0,1.0,az_good.ckpt,az_good.ckpt,17,12
14,clip-epsilon-0.1-0.6,9,32,256,1.0,1.0,az_good.ckpt,az_good.ckpt,5,65
29,clip-epsilon-0.1-0.6,9,32,256,0.8666,1.0,az_good.ckpt,az_good.ckpt,69,15
6,clip-epsilon-0.1-0.6,9,32,256,0.7333,1.0,az_good.ckpt,az_good.ckpt,102,12
11,clip-epsilon-0.1-0.6,9,32,256,0.8333,1.0,az_good.ckpt,az_good.ckpt,18,11
8,clip-epsilon-0.1-0.6,9,32,256,0.1666,1.0,az_good.ckpt,az_good.ckpt,238,3
4,clip-epsilon-0.1-0.6,9,32,256,1.0,1.0,az_good.ckpt,az_good.ckpt,62,7
30,clip-epsilon-0.1-0.6,9,32,256,0.0333,1.0,az_good.ckpt,az_good.ckpt,234,4
17,clip-epsilon-0.1-0.6,9,32,256,0.2,1.0,az_good.ckpt,az_good.ckpt,235,7
12,clip-epsilon-0.1-0.6,9,32,256,0.4666,1.0,az_good.ckpt,az_good.ckpt,196,7
5,clip-epsilon-0.1-0.6,9,32,256,0.2333,1.0,az_good.ckpt,az_good.ckpt,212,5
16,clip-epsilon-0.1-0.6,9,32,256,0.0,1.0,az_good.ckpt,az_good.ckpt,234,1
28,clip-epsilon-0.1-0.6,9,32,256,0.6666,1.0,az_good.ckpt,az_good.ckpt,197,32
22,clip-epsilon-0.1-0.6,9,32,256,0.5666,1.0,az_good.ckpt,az_good.ckpt,180,5
28,clip-epsilon-0.1-0.6,9,32,256,0.3666,1.0,az_good.ckpt,az_good.ckpt,155,9
8,clip-epsilon-0.1-0.6,9,32,256,0.0666,1.0,az_good.ckpt,az_good.ckpt,238,3
20,clip-epsilon-0.1-0.6,9,32,256,0.3333,1.0,az_good.ckpt,az_good.ckpt,199,3
17,clip-epsilon-0.1-0.6,9,32,256,0.0,1.0,az_good.ckpt,az_good.ckpt,248,7
22,clip-epsilon-0.1-0.6,9,32,256,0.6333,1.0,az_good.ckpt,az_good.ckpt,192,15
14,clip-epsilon-0.1-0.6,9,32,256,0.8666,1.0,az_good.ckpt,az_good.ckpt,26,39
25,clip-epsilon-0.1-0.6,9,32,256,0.0,1.0,az_good.ckpt,az_good.ckpt,238,1
15,clip-epsilon-0.1-0.6,9,32,256,0.1666,1.0,az_good.ckpt,az_good.ckpt,225,6
19,clip-epsilon-0.1-0.6,9,32,256,0.4666,1.0,az_good.ckpt,az_good.ckpt,194,7
27,clip-epsilon-0.1-0.6,9,32,256,0.7333,1.0,az_good.ckpt,az_good.ckpt,136,13
26,clip-epsilon-0.1-0.6,9,32,256,0.7,1.0,az_good.ckpt,az_good.ckpt,111,13
5,clip-epsilon-0.1-0.6,9,32,256,0.4333,1.0,az_good.ckpt,az_good.ckpt,178,5
14,clip-epsilon-0.1-0.6,9,32,256,0.0,1.0,az_good.ckpt,az_good.ckpt,248,0
16,clip-epsilon-0.1-0.6,9,32,256,0.1333,1.0,az_good.ckpt,az_good.ckpt,243,3
24,clip-epsilon-0.1-0.6,9,32,256,0.3333,1.0,az_good.ckpt,az_good.ckpt,213,10
30,clip-epsilon-0.1-0.6,9,32,256,0.2333,1.0,az_good.ckpt,az_good.ckpt,204,3
8,clip-epsilon-0.1-0.6,9,32,256,0.3333,1.0,az_good.ckpt,az_good.ckpt,220,5
17,clip-epsilon-0.1-0.6,9,32,256,0.1666,1.0,az_good.ckpt,az_good.ckpt,225,5
8,clip-epsilon-0.1-0.6,9,32,256,0.2,1.0,az_good.ckpt,az_good.ckpt,236,4
28,clip-epsilon-0.1-0.6,9,32,256,0.7666,1.0,az_good.ckpt,az_good.ckpt,86,9
28,clip-epsilon-0.1-0.6,9,32,256,0.0666,1.0,az_good.ckpt,az_good.ckpt,242,0
19,clip-epsilon-0.1-0.6,9,32,256,0.0333,1.0,az_good.ckpt,az_good.ckpt,241,2
10,clip-epsilon-0.1-0.6,9,32,256,0.9,1.0,az_good.ckpt,az_good.ckpt,12,7
27,clip-epsilon-0.1-0.6,9,32,256,0.3333,1.0,az_good.ckpt,az_good.ckpt,230,2
19,clip-epsilon-0.1-0.6,9,32,256,0.8666,1.0,az_good.ckpt,az_good.ckpt,93,14
10,clip-epsilon-0.1-0.6,9,32,256,0.4333,1.0,az_good.ckpt,az_good.ckpt,197,6
14,clip-epsilon-0.1-0.6,9,32,256,0.2666,1.0,az_good.ckpt,az_good.ckpt,188,5
2,clip-epsilon-0.1-0.6,9,32,256,0.8666,1.0,az_good.ckpt,az_good.ckpt,53,23
17,clip-epsilon-0.1-0.6,9,32,256,0.4,1.0,az_good.ckpt,az_good.ckpt,232,6
3,clip-epsilon-0.1-0.6,9,32,256,0.2666,1.0,az_good.ckpt,az_good.ckpt,238,3
27,clip-epsilon-0.1-0.6,9,32,256,0.4333,1.0,az_good.ckpt,az_good.ckpt,184,10
9,clip-epsilon-0.1-0.6,9,32,256,0.1,1.0,az_good.ckpt,az_good.ckpt,242,3
7,clip-epsilon-0.1-0.6,9,32,256,0.0666,1.0,az_good.ckpt,az_good.ckpt,230,2
18,clip-epsilon-0.1-0.6,9,32,256,0.9,1.0,az_good.ckpt,az_good.ckpt,12,15
24,clip-epsilon-0.1-0.6,9,32,256,0.2333,1.0,az_good.ckpt,az_good.ckpt,234,6
9,clip-epsilon-0.1-0.6,9,32,256,0.5666,1.0,az_good.ckpt,az_good.ckpt,141,15
4,clip-epsilon-0.1-0.6,9,32,256,0.6333,1.0,az_good.ckpt,az_good.ckpt,126,13
1,clip-epsilon-0.1-0.6,9,32,256,0.6333,1.0,az_good.ckpt,az_good.ckpt,179,14
6,clip-epsilon-0.1-0.6,9,32,256,0.6,1.0,az_good.ckpt,az_good.ckpt,147,9
23,clip-epsilon-0.1-0.6,9,32,256,0.6,1.0,az_good.ckpt,az_good.ckpt,97,12
3,clip-epsilon-0.1-0.6,9,32,256,0.8333,1.0,az_good.ckpt,az_good.ckpt,44,7
13,clip-epsilon-0.1-0.6,9,32,256,0.8333,1.0,az_good.ckpt,az_good.ckpt,48,20
30,clip-epsilon-0.1-0.6,9,32,256,0.5666,1.0,az_good.ckpt,az_good.ckpt,156,17
24,clip-epsilon-0.1-0.6,9,32,256,0.8333,1.0,az_good.ckpt,az_good.ckpt,51,16
17,clip-epsilon-0.1-0.6,9,32,256,0.6333,1.0,az_good.ckpt,az_good.ckpt,70,15
8,clip-epsilon-0.1-0.6,9,32,256,0.6666,1.0,az_good.ckpt,az_good.ckpt,94,9
5,clip-epsilon-0.1-0.6,9,32,256,0.3,1.0,az_good.ckpt,az_good.ckpt,234,4
13,clip-epsilon-0.1-0.6,9,32,256,0.6333,1.0,az_good.ckpt,az_good.ckpt,58,4
12,clip-epsilon-0.1-0.6,9,32,256,0.1,1.0,az_good.ckpt,az_good.ckpt,241,2
14,clip-epsilon-0.1-0.6,9,32,256,0.2333,1.0,az_good.ckpt,az_good.ckpt,183,4
29,clip-epsilon-0.1-0.6,9,32,256,0.3333,1.0,az_good.ckpt,az_good.ckpt,189,7
13,clip-epsilon-0.1-0.6,9,32,256,0.9,1.0,az_good.ckpt,az_good.ckpt,28,4
27,clip-epsilon-0.1-0.6,9,32,256,0.9666,1.0,az_good.ckpt,az_good.ckpt,13,7
30,clip-epsilon-0.1-0.6,9,32,256,0.1333,1.0,az_good.ckpt,az_good.ckpt,238,4
12,clip-epsilon-0.1-0.6,9,32,256,0.9666,1.0,az_good.ckpt,az_good.ckpt,14,6
10,clip-epsilon-0.1-0.6,9,32,256,0.9333,1.0,az_good.ckpt,az_good.ckpt,4,3
26,clip-epsilon-0.1-0.6,9,32,256,1.0,1.0,az_good.ckpt,az_good.ckpt,5,4
2,clip-epsilon-0.1-0.6,9,32,256,0.6666,1.0,az_good.ckpt,az_good.ckpt,66,13
13,clip-epsilon-0.1-0.6,9,32,256,0.9333,1.0,az_good.ckpt,az_good.ckpt,8,14
25,clip-epsilon-0.1-0.6,9,32,256,0.5333,1.0,az_good.ckpt,az_good.ckpt,151,4
16,clip-epsilon-0.1-0.6,9,32,256,0.1666,1.0,az_good.ckpt,az_good.ckpt,227,4
5,clip-epsilon-0.1-0.6,9,32,256,1.0,1.0,az_good.ckpt,az_good.ckpt,18,5
18,clip-epsilon-0.1-0.6,9,32,256,0.3666,1.0,az_good.ckpt,az_good.ckpt,224,5
1,clip-epsilon-0.1-0.6,9,32,256,0.0,1.0,az_good.ckpt,az_good.ckpt,243,1
21,clip-epsilon-0.1-0.6,9,32,256,0.7333,1.0,az_good.ckpt,az_good.ckpt,68,16
8,clip-epsilon-0.1-0.6,9,32,256,0.4666,1.0,az_good.ckpt,az_good.ckpt,179,7
15,clip-epsilon-0.1-0.6,9,32,256,0.5666,1.0,az_good.ckpt,az_good.ckpt,171,10
29,clip-epsilon-0.1-0.6,9,32,256,0.1666,1.0,az_good.ckpt,az_good.ckpt,241,5
5,clip-epsilon-0.1-0.6,9,32,256,0.8666,1.0,az_good.ckpt,az_good.ckpt,101,28
2,clip-epsilon-0.1-0.6,9,32,256,0.9666,1.0,az_good.ckpt,az_good.ckpt,15,7
4,clip-epsilon-0.1-0.6,9,32,256,0.2666,1.0,az_good.ckpt,az_good.ckpt,241,5
22,clip-epsilon-0.1-0.6,9,32,256,0.0666,1.0,az_good.ckpt,az_good.ckpt,238,5
18,clip-epsilon-0.1-0.6,9,32,256,0.1,1.0,az_good.ckpt,az_good.ckpt,232,2
27,clip-epsilon-0.1-0.6,9,32,256,0.9333,1.0,az_good.ckpt,az_good.ckpt,24,7
1,clip-epsilon-0.1-0.6,9,32,256,0.6666,1.0,az_good.ckpt,az_good.ckpt,105,18
7,clip-epsilon-0.1-0.6,9,32,256,0.5333,1.0,az_good.ckpt,az_good.ckpt,170,13
10,clip-epsilon-0.1-0.6,9,32,256,0.2333,1.0,az_good.ckpt,az_good.ckpt,239,2
24,clip-epsilon-0.1-0.6,9,32,256,0.9666,1.0,az_good.ckpt,az_good.ckpt,56,19
24,clip-epsilon-0.1-0.6,9,32,256,0.8666,1.0,az_good.ckpt,az_good.ckpt,41,22
1,clip-epsilon-0.1-0.6,9,32,256,0.4,1.0,az_good.ckpt,az_good.ckpt,184,16
18,clip-epsilon-0.1-0.6,9,32,256,0.7666,1.0,az_good.ckpt,az_good.ckpt,68,17
22,clip-epsilon-0.1-0.6,9,32,256,0.8,1.0,az_good.ckpt,az_good.ckpt,131,12
11,clip-epsilon-0.1-0.6,9,32,256,0.1666,1.0,az_good.ckpt,az_good.ckpt,244,3
25,clip-epsilon-0.1-0.6,9,32,256,0.6,1.0,az_good.ckpt,az_good.ckpt,157,16
19,clip-epsilon-0.1-0.6,9,32,256,0.0,1.0,az_good.ckpt,az_good.ckpt,236,0
18,clip-epsilon-0.1-0.6,9,32,256,0.4666,1.0,az_good.ckpt,az_good.ckpt,196,9
4,clip-epsilon-0.1-0.6,9,32,256,0.2,1.0,az_good.ckpt,az_good.ckpt,212,5
15,clip-epsilon-0.1-0.6,9,32,256,0.2666,1.0,az_good.ckpt,az_good.ckpt,225,6
17,clip-epsilon-0.1-0.6,9,32,256,0.5,1.0,az_good.ckpt,az_good.ckpt,144,10
13,clip-epsilon-0.1-0.6,9,32,256,0.2333,1.0,az_good.ckpt,az_good.ckpt,249,5
17,clip-epsilon-0.1-0.6,9,32,256,0.7666,1.0,az_good.ckpt,az_good.ckpt,26,11
11,clip-epsilon-0.1-0.6,9,32,256,0.4,1.0,az_good.ckpt,az_good.ckpt,213,0
17,clip-epsilon-0.1-0.6,9,32,256,0.8666,1.0,az_good.ckpt,az_good.ckpt,17,6
30,clip-epsilon-0.1-0.6,9,32,256,0.6,1.0,az_good.ckpt,az_good.ckpt,186,7
3,clip-epsilon-0.1-0.6,9,32,256,0.5333,1.0,az_good.ckpt,az_good.ckpt,231,12
20,clip-epsilon-0.1-0.6,9,32,256,0.4666,1.0,az_good.ckpt,az_good.ckpt,223,9
17,clip-epsilon-0.1-0.6,9,32,256,0.3666,1.0,az_good.ckpt,az_good.ckpt,207,8
28,clip-epsilon-0.1-0.6,9,32,256,0.4666,1.0,az_good.ckpt,az_good.ckpt,171,4
16,clip-epsilon-0.1-0.6,9,32,256,0.6666,1.0,az_good.ckpt,az_good.ckpt,146,14
21,clip-epsilon-0.1-0.6,9,32,256,0.6333,1.0,az_good.ckpt,az_good.ckpt,95,11
24,clip-epsilon-0.1-0.6,9,32,256,0.9333,1.0,az_good.ckpt,az_good.ckpt,131,14
7,clip-epsilon-0.1-0.6,9,32,256,0.1333,1.0,az_good.ckpt,az_good.ckpt,246,0
1,clip-epsilon-0.1-0.6,9,32,256,0.8333,1.0,az_good.ckpt,az_good.ckpt,31,13
30,clip-epsilon-0.1-0.6,9,32,256,0.3,1.0,az_good.ckpt,az_good.ckpt,221,7
1,clip-epsilon-0.1-0.6,9,32,256,0.7666,1.0,az_good.ckpt,az_good.ckpt,69,16
15,clip-epsilon-0.1-0.6,9,32,256,0.4,1.0,az_good.ckpt,az_good.ckpt,237,3
28,clip-epsilon-0.1-0.6,9,32,256,0.5,1.0,az_good.ckpt,az_good.ckpt,177,13
24,clip-epsilon-0.1-0.6,9,32,256,0.1333,1.0,az_good.ckpt,az_good.ckpt,230,1
1,clip-epsilon-0.1-0.6,9,32,256,0.2666,1.0,az_good.ckpt,az_good.ckpt,217,3
23,clip-epsilon-0.1-0.6,9,32,256,0.7,1.0,az_good.ckpt,az_good.ckpt,71,19
28,clip-epsilon-0.1-0.6,9,32,256,0.3333,1.0,az_good.ckpt,az_good.ckpt,185,7
28,clip-epsilon-0.1-0.6,9,32,256,0.8666,1.0,az_good.ckpt,az_good.ckpt,43,10
15,clip-epsilon-0.1-0.6,9,32,256,0.0,1.0,az_good.ckpt,az_good.ckpt,243,0
25,clip-epsilon-0.1-0.6,9,32,256,0.2,1.0,az_good.ckpt,az_good.ckpt,236,6
17,clip-epsilon-0.1-0.6,9,32,256,0.2666,1.0,az_good.ckpt,az_good.ckpt,194,4
7,clip-epsilon-0.1-0.6,9,32,256,0.3666,1.0,az_good.ckpt,az_good.ckpt,197,6
27,clip-epsilon-0.1-0.6,9,32,256,0.2666,1.0,az_good.ckpt,az_good.ckpt,223,5
19,clip-epsilon-0.1-0.6,9,32,256,0.2,1.0,az_good.ckpt,az_good.ckpt,229,3
2,clip-epsilon-0.1-0.6,9,32,256,0.9,1.0,az_good.ckpt,az_good.ckpt,61,30
1,clip-epsilon-0.1-0.6,9,32,256,0.0333,1.0,az_good.ckpt,az_good.ckpt,237,1
21,clip-epsilon-0.1-0.6,9,32,256,0.8,1.0,az_good.ckpt,az_good.ckpt,103,20
6,clip-epsilon-0.1-0.6,9,32,256,0.0666,1.0,az_good.ckpt,az_good.ckpt,242,0
11,clip-epsilon-0.1-0.6,9,32,256,0.3666,1.0,az_good.ckpt,az_good.ckpt,176,12
16,clip-epsilon-0.1-0.6,9,32,256,1.0,1.0,az_good.ckpt,az_good.ckpt,7,6
29,clip-epsilon-0.1-0.6,9,32,256,0.3666,1.0,az_good.ckpt,az_good.ckpt,236,5
3,clip-epsilon-0.1-0.6,9,32,256,0.0,1.0,az_good.ckpt,az_good.ckpt,239,3
30,clip-epsilon-0.1-0.6,9,32,256,0.7333,1.0,az_good.ckpt,az_good.ckpt,54,8
4,clip-epsilon-0.1-0.6,9,32,256,0.9666,1.0,az_good.ckpt,az_good.ckpt,20,3
5,clip-epsilon-0.1-0.6,9,32,256,0.6,1.0,az_good.ckpt,az_good.ckpt,144,11
12,clip-epsilon-0.1-0.6,9,32,256,0.5,1.0,az_good.ckpt,az_good.ckpt,213,15
12,clip-epsilon-0.1-0.6,9,32,256,0.9333,1.0,az_good.ckpt,az_good.ckpt,15,5
15,clip-epsilon-0.1-0.6,9,32,256,0.4333,1.0,az_good.ckpt,az_good.ckpt,173,16
26,clip-epsilon-0.1-0.6,9,32,256,0.3333,1.0,az_good.ckpt,az_good.ckpt,219,3
23,clip-epsilon-0.1-0.6,9,32,256,0.7666,1.0,az_good.ckpt,az_good.ckpt,28,7
23,clip-epsilon-0.1-0.6,9,32,256,0.7333,1.0,az_good.ckpt,az_good.ckpt,71,7
21,clip-epsilon-0.1-0.6,9,32,256,0.7666,1.0,az_good.ckpt,az_good.ckpt,53,14
26,clip-epsilon-0.1-0.6,9,32,256,0.8666,1.0,az_good.ckpt,az_good.ckpt,15,1
18,clip-epsilon-0.1-0.6,9,32,256,0.5333,1.0,az_good.ckpt,az_good.ckpt,163,9
26,clip-epsilon-0.1-0.6,9,32,256,0.2333,1.0,az_good.ckpt,az_good.ckpt,201,4
2,clip-epsilon-0.1-0.6,9,32,256,0.5,1.0,az_good.ckpt,az_good.ckpt,219,9
6,clip-epsilon-0.1-0.6,9,32,256,0.0,1.0,az_good.ckpt,az_good.ckpt,225,3
21,clip-epsilon-0.1-0.6,9,32,256,0.2333,1.0,az_good.ckpt,az_good.ckpt,228,5
5,clip-epsilon-0.1-0.6,9,32,256,0.4666,1.0,az_good.ckpt,az_good.ckpt,215,8
19,clip-epsilon-0.1-0.6,9,32,256,0.0666,1.0,az_good.ckpt,az_good.ckpt,236,0
11,clip-epsilon-0.1-0.6,9,32,256,0.8666,1.0,az_good.ckpt,az_good.ckpt,85,15
19,clip-epsilon-0.1-0.6,9,32,256,1.0,1.0,az_good.ckpt,az_good.ckpt,0,0
25,clip-epsilon-0.1-0.6,9,32,256,0.7666,1.0,az_good.ckpt,az_good.ckpt,132,8
21,clip-epsilon-0.1-0.6,9,32,256,0.7,1.0,az_good.ckpt,az_good.ckpt,81,12
1,clip-epsilon-0.1-0.6,9,32,256,0.1666,1.0,az_good.ckpt,az_good.ckpt,233,8
24,clip-epsilon-0.1-0.6,9,32,256,0.5,1.0,az_good.ckpt,az_good.ckpt,168,8
18,clip-epsilon-0.1-0.6,9,32,256,0.2666,1.0,az_good.ckpt,az_good.ckpt,239,3
29,clip-epsilon-0.1-0.6,9,32,256,0.3,1.0,az_good.ckpt,az_good.ckpt,232,5
20,clip-epsilon-0.1-0.6,9,32,256,0.9,1.0,az_good.ckpt,az_good.ckpt,27,9
7,clip-epsilon-0.1-0.6,9,32,256,0.4,1.0,az_good.ckpt,az_good.ckpt,197,13
1,clip-epsilon-0.1-0.6,9,32,256,0.5,1.0,az_good.ckpt,az_good.ckpt,230,15
28,clip-epsilon-0.1-0.6,9,32,256,0.1666,1.0,az_good.ckpt,az_good.ckpt,233,6
17,clip-epsilon-0.1-0.6,9,32,256,0.8333,1.0,az_good.ckpt,az_good.ckpt,17,6
1,clip-epsilon-0.1-0.6,9,32,256,0.8666,1.0,az_good.ckpt,az_good.ckpt,20,12
14,clip-epsilon-0.1-0.6,9,32,256,0.9,1.0,az_good.ckpt,az_good.ckpt,18,35
9,clip-epsilon-0.1-0.6,9,32,256,0.0,1.0,az_good.ckpt,az_good.ckpt,227,1
8,clip-epsilon-0.1-0.6,9,32,256,0.8666,1.0,az_good.ckpt,az_good.ckpt,33,0
8,clip-epsilon-0.1-0.6,9,32,256,0.2333,1.0,az_good.ckpt,az_good.ckpt,247,12
10,clip-epsilon-0.1-0.6,9,32,256,0.5666,1.0,az_good.ckpt,az_good.ckpt,184,6
1,clip-epsilon-0.1-0.6,9,32,256,0.1333,1.0,az_good.ckpt,az_good.ckpt,231,6
11,clip-epsilon-0.1-0.6,9,32,256,0.4333,1.0,az_good.ckpt,az_good.ckpt,212,8
12,clip-epsilon-0.1-0.6,9,32,256,0.6333,1.0,az_good.ckpt,az_good.ckpt,143,15
22,clip-epsilon-0.1-0.6,9,32,256,0.6,1.0,az_good.ckpt,az_good.ckpt,188,13
13,clip-epsilon-0.1-0.6,9,32,256,0.5333,1.0,az_good.ckpt,az_good.ckpt,116,7
3,clip-epsilon-0.1-0.6,9,32,256,0.9666,1.0,az_good.ckpt,az_good.ckpt,52,4
18,clip-epsilon-0.1-0.6,9,32,256,0.9666,1.0,az_good.ckpt,az_good.ckpt,36,12
4,clip-epsilon-0.1-0.6,9,32,256,0.7,1.0,az_good.ckpt,az_good.ckpt,132,7
15,clip-epsilon-0.1-0.6,9,32,256,0.0666,1.0,az_good.ckpt,az_good.ckpt,244,2
3,clip-epsilon-0.1-0.6,9,32,256,0.6,1.0,az_good.ckpt,az_good.ckpt,193,10
28,clip-epsilon-0.1-0.6,9,32,256,0.0,1.0,az_good.ckpt,az_good.ckpt,227,2
21,clip-epsilon-0.1-0.6,9,32,256,0.4666,1.0,az_good.ckpt,az_good.ckpt,189,6
6,clip-epsilon-0.1-0.6,9,32,256,0.3,1.0,az_good.ckpt,az_good.ckpt,161,13
3,clip-epsilon-0.1-0.6,9,32,256,0.0333,1.0,az_good.ckpt,az_good.ckpt,239,2
9,clip-epsilon-0.1-0.6,9,32,256,0.7333,1.0,az_good.ckpt,az_good.ckpt,106,25
3,clip-epsilon-0.1-0.6,9,32,256,0.4,1.0,az_good.ckpt,az_good.ckpt,229,5
27,clip-epsilon-0.1-0.6,9,32,256,0.0333,1.0,az_good.ckpt,az_good.ckpt,237,3
11,clip-epsilon-0.1-0.6,9,32,256,1.0,1.0,az_good.ckpt,az_good.ckpt,4,2
9,clip-epsilon-0.1-0.6,9,32,256,0.2333,1.0,az_good.ckpt,az_good.ckpt,228,10
21,clip-epsilon-0.1-0.6,9,32,256,0.4,1.0,az_good.ckpt,az_good.ckpt,201,14
24,clip-epsilon-0.1-0.6,9,32,256,0.4,1.0,az_good.ckpt,az_good.ckpt,203,10
19,clip-epsilon-0.1-0.6,9,32,256,0.2666,1.0,az_good.ckpt,az_good.ckpt,242,5
8,clip-epsilon-0.1-0.6,9,32,256,0.8333,1.0,az_good.ckpt,az_good.ckpt,66,18
7,clip-epsilon-0.1-0.6,9,32,256,0.1,1.0,az_good.ckpt,az_good.ckpt,238,5
12,clip-epsilon-0.1-0.6,9,32,256,0.8,1.0,az_good.ckpt,az_good.ckpt,155,10
27,clip-epsilon-0.1-0.6,9,32,256,0.3,1.0,az_good.ckpt,az_good.ckpt,215,9
6,clip-epsilon-0.1-0.6,9,32,256,0.7666,1.0,az_good.ckpt,az_good.ckpt,59,6
2,clip-epsilon-0.1-0.6,9,32,256,0.2333,1.0,az_good.ckpt,az_good.ckpt,225,4
4,clip-epsilon-0.1-0.6,9,32,256,0.7666,1.0,az_good.ckpt,az_good.ckpt,67,28
9,clip-epsilon-0.1-0.6,9,32,256,0.8666,1.0,az_good.ckpt,az_good.ckpt,29,15
18,clip-epsilon-0.1-0.6,9,32,256,0.7333,1.0,az_good.ckpt,az_good.ckpt,187,7
16,clip-epsilon-0.1-0.6,9,32,256,0.7666,1.0,az_good.ckpt,az_good.ckpt,85,54
15,clip-epsilon-0.1-0.6,9,32,256,0.6333,1.0,az_good.ckpt,az_good.ckpt,88,8
12,clip-epsilon-0.1-0.6,9,32,256,0.2666,1.0,az_good.ckpt,az_good.ckpt,241,8
3,clip-epsilon-0.1-0.6,9,32,256,0.9333,1.0,az_good.ckpt,az_good.ckpt,78,6
30,clip-epsilon-0.1-0.6,9,32,256,0.3666,1.0,az_good.ckpt,az_good.ckpt,221,18
4,clip-epsilon-0.1-0.6,9,32,256,0.0666,1.0,az_good.ckpt,az_good.ckpt,218,5
8,clip-epsilon-0.1-0.6,9,32,256,0.3,1.0,az_good.ckpt,az_good.ckpt,172,5
27,clip-epsilon-0.1-0.6,9,32,256,0.2333,1.0,az_good.ckpt,az_good.ckpt,222,1
18,clip-epsilon-0.1-0.6,9,32,256,1.0,1.0,az_good.ckpt,az_good.ckpt,6,13
22,clip-epsilon-0.1-0.6,9,32,256,0.7333,1.0,az_good.ckpt,az_good.ckpt,167,12
6,clip-epsilon-0.1-0.6,9,32,256,0.3333,1.0,az_good.ckpt,az_good.ckpt,234,8
8,clip-epsilon-0.1-0.6,9,32,256,1.0,1.0,az_good.ckpt,az_good.ckpt,8,2
25,clip-epsilon-0.1-0.6,9,32,256,0.3666,1.0,az_good.ckpt,az_good.ckpt,228,9
20,clip-epsilon-0.1-0.6,9,32,256,0.1,1.0,az_good.ckpt,az_good.ckpt,246,5
24,clip-epsilon-0.1-0.6,9,32,256,0.7,1.0,az_good.ckpt,az_good.ckpt,134,13
24,clip-epsilon-0.1-0.6,9,32,256,0.2666,1.0,az_good.ckpt,az_good.ckpt,239,7
4,clip-epsilon-0.1-0.6,9,32,256,0.1333,1.0,az_good.ckpt,az_good.ckpt,224,2
9,clip-epsilon-0.1-0.6,9,32,256,0.6,1.0,az_good.ckpt,az_good.ckpt,172,10
23,clip-epsilon-0.1-0.6,9,32,256,0.5,1.0,az_good.ckpt,az_good.ckpt,179,21
7,clip-epsilon-0.1-0.6,9,32,256,0.2333,1.0,az_good.ckpt,az_good.ckpt,248,3
9,clip-epsilon-0.1-0.6,9,32,256,0.9,1.0,az_good.ckpt,az_good.ckpt,28,11
9,clip-epsilon-0.1-0.6,9,32,256,0.6333,1.0,az_good.ckpt,az_good.ckpt,98,27
3,clip-epsilon-0.1-0.6,9,32,256,0.0666,1.0,az_good.ckpt,az_good.ckpt,242,0
3,clip-epsilon-0.1-0.6,9,32,256,0.3,1.0,az_good.ckpt,az_good.ckpt,215,8
6,clip-epsilon-0.1-0.6,9,32,256,0.2333,1.0,az_good.ckpt,az_good.ckpt,216,5
13,clip-epsilon-0.1-0.6,9,32,256,0.7666,1.0,az_good.ckpt,az_good.ckpt,75,15
13,clip-epsilon-0.1-0.6,9,32,256,0.8,1.0,az_good.ckpt,az_good.ckpt,41,27
23,clip-epsilon-0.1-0.6,9,32,256,0.4333,1.0,az_good.ckpt,az_good.ckpt,199,14
12,clip-epsilon-0.1-0.6,9,32,256,0.5666,1.0,az_good.ckpt,az_good.ckpt,154,4
22,clip-epsilon-0.1-0.6,9,32,256,0.0333,1.0,az_good.ckpt,az_good.ckpt,237,3
14,clip-epsilon-0.1-0.6,9,32,256,0.5,1.0,az_good.ckpt,az_good.ckpt,192,8
3,clip-epsilon-0.1-0.6,9,32,256,0.2333,1.0,az_good.ckpt,az_good.ckpt,245,4
2,clip-epsilon-0.1-0.6,9,32,256,0.2666,1.0,az_good.ckpt,az_good.ckpt,240,2
11,clip-epsilon-0.1-0.6,9,32,256,0.3333,1.0,az_good.ckpt,az_good.ckpt,208,6
10,clip-epsilon-0.1-0.6,9,32,256,0.2666,1.0,az_good.ckpt,az_good.ckpt,235,7
20,clip-epsilon-0.1-0.6,9,32,256,0.4333,1.0,az_good.ckpt,az_good.ckpt,128,11
21,clip-epsilon-0.1-0.6,9,32,256,0.5333,1.0,az_good.ckpt,az_good.ckpt,191,14
17,clip-epsilon-0.1-0.6,9,32,256,0.5333,1.0,az_good.ckpt,az_good.ckpt,153,27
7,clip-epsilon-0.1-0.6,9,32,256,0.4333,1.0,az_good.ckpt,az_good.ckpt,176,15
16,clip-epsilon-0.1-0.6,9,32,256,0.7,1.0,az_good.ckpt,az_good.ckpt,190,11
7,clip-epsilon-0.1-0.6,9,32,256,0.1666,1.0,az_good.ckpt,az_good.ckpt,240,5
30,clip-epsilon-0.1-0.6,9,32,256,0.2,1.0,az_good.ckpt,az_good.ckpt,221,5
16,clip-epsilon-0.1-0.6,9,32,256,0.8666,1.0,az_good.ckpt,az_good.ckpt,126,24
23,clip-epsilon-0.1-0.6,9,32,256,1.0,1.0,az_good.ckpt,az_good.ckpt,1,4
2,clip-epsilon-0.1-0.6,9,32,256,0.1666,1.0,az_good.ckpt,az_good.ckpt,243,2
1,clip-epsilon-0.1-0.6,9,32,256,0.5666,1.0,az_good.ckpt,az_good.ckpt,151,17
10,clip-epsilon-0.1-0.6,9,32,256,0.6,1.0,az_good.ckpt,az_good.ckpt,148,11
12,clip-epsilon-0.1-0.6,9,32,256,0.1666,1.0,az_good.ckpt,az_good.ckpt,238,5
22,clip-epsilon-0.1-0.6,9,32,256,0.2333,1.0,az_good.ckpt,az_good.ckpt,237,9
6,clip-epsilon-0.1-0.6,9,32,256,0.1666,1.0,az_good.ckpt,az_good.ckpt,199,3
14,clip-epsilon-0.1-0.6,9,32,256,0.3,1.0,az_good.ckpt,az_good.ckpt,235,5
7,clip-epsilon-0.1-0.6,9,32,256,0.5,1.0,az_good.ckpt,az_good.ckpt,219,9
23,clip-epsilon-0.1-0.6,9,32,256,0.5666,1.0,az_good.ckpt,az_good.ckpt,209,14
11,clip-epsilon-0.1-0.6,9,32,256,0.7333,1.0,az_good.ckpt,az_good.ckpt,77,11
9,clip-epsilon-0.1-0.6,9,32,256,0.2666,1.0,az_good.ckpt,az_good.ckpt,230,5
16,clip-epsilon-0.1-0.6,9,32,256,0.0666,1.0,az_good.ckpt,az_good.ckpt,245,6
18,clip-epsilon-0.1-0.6,9,32,256,0.2,1.0,az_good.ckpt,az_good.ckpt,231,4
2,clip-epsilon-0.1-0.6,9,32,256,0.6333,1.0,az_good.ckpt,az_good.ckpt,141,11
15,clip-epsilon-0.1-0.6,9,32,256,0.6,1.0,az_good.ckpt,az_good.ckpt,158,9
10,clip-epsilon-0.1-0.6,9,32,256,0.7,1.0,az_good.ckpt,az_good.ckpt,47,3
29,clip-epsilon-0.1-0.6,9,32,256,0.2,1.0,az_good.ckpt,az_good.ckpt,236,6
2,clip-epsilon-0.1-0.6,9,32,256,0.3666,1.0,az_good.ckpt,az_good.ckpt,172,7
23,clip-epsilon-0.1-0.6,9,32,256,0.9,1.0,az_good.ckpt,az_good.ckpt,9,4
3,clip-epsilon-0.1-0.6,9,32,256,0.3666,1.0,az_good.ckpt,az_good.ckpt,221,5
30,clip-epsilon-0.1-0.6,9,32,256,1.0,1.0,az_good.ckpt,az_good.ckpt,1,2
7,clip-epsilon-0.1-0.6,9,32,256,0.9666,1.0,az_good.ckpt,az_good.ckpt,8,8
29,clip-epsilon-0.1-0.6,9,32,256,0.8333,1.0,az_good.ckpt,az_good.ckpt,82,35
8,clip-epsilon-0.1-0.6,9,32,256,0.3666,1.0,az_good.ckpt,az_good.ckpt,219,8
16,clip-epsilon-0.1-0.6,9,32,256,0.9,1.0,az_good.ckpt,az_good.ckpt,42,13
24,clip-epsilon-0.1-0.6,9,32,256,0.0,1.0,az_good.ckpt,az_good.ckpt,240,4
2,clip-epsilon-0.1-0.6,9,32,256,0.7666,1.0,az_good.ckpt,az_good.ckpt,38,12
6,clip-epsilon-0.1-0.6,9,32,256,0.7,1.0,az_good.ckpt,az_good.ckpt,177,14
17,clip-epsilon-0.1-0.6,9,32,256,0.4333,1.0,az_good.ckpt,az_good.ckpt,217,8
6,clip-epsilon-0.1-0.6,9,32,256,0.4,1.0,az_good.ckpt,az_good.ckpt,243,5
19,clip-epsilon-0.1-0.6,9,32,256,0.1666,1.0,az_good.ckpt,az_good.ckpt,239,4
5,clip-epsilon-0.1-0.6,9,32,256,0.7,1.0,az_good.ckpt,az_good.ckpt,131,7
27,clip-epsilon-0.1-0.6,9,32,256,0.1,1.0,az_good.ckpt,az_good.ckpt,227,4
20,clip-epsilon-0.1-0.6,9,32,256,0.2666,1.0,az_good.ckpt,az_good.ckpt,224,3
3,clip-epsilon-0.1-0.6,9,32,256,0.2,1.0,az_good.ckpt,az_good.ckpt,242,1
8,clip-epsilon-0.1-0.6,9,32,256,0.7666,1.0,az_good.ckpt,az_good.ckpt,70,13
17,clip-epsilon-0.1-0.6,9,32,256,0.0333,1.0,az_good.ckpt,az_good.ckpt,234,2
21,clip-epsilon-0.1-0.6,9,32,256,0.8666,1.0,az_good.ckpt,az_good.ckpt,38,3
3,clip-epsilon-0.1-0.6,9,32,256,0.6333,1.0,az_good.ckpt,az_good.ckpt,185,10
28,clip-epsilon-0.1-0.6,9,32,256,0.6333,1.0,az_good.ckpt,az_good.ckpt,180,17
5,clip-epsilon-0.1-0.6,9,32,256,0.3666,1.0,az_good.ckpt,az_good.ckpt,175,6
26,clip-epsilon-0.1-0.6,9,32,256,0.3666,1.0,az_good.ckpt,az_good.ckpt,226,7
5,clip-epsilon-0.1-0.6,9,32,256,0.1,1.0,az_good.ckpt,az_good.ckpt,235,0
22,clip-epsilon-0.1-0.6,9,32,256,0.8333,1.0,az_good.ckpt,az_good.ckpt,38,5
24,clip-epsilon-0.1-0.6,9,32,256,1.0,1.0,az_good.ckpt,az_good.ckpt,162,18
16,clip-epsilon-0.1-0.6,9,32,256,0.3,1.0,az_good.ckpt,az_good.ckpt,192,5
19,clip-epsilon-0.1-0.6,9,32,256,0.1333,1.0,az_good.ckpt,az_good.ckpt,246,4
29,clip-epsilon-0.1-0.6,9,32,256,0.2666,1.0,az_good.ckpt,az_good.ckpt,246,14
3,clip-epsilon-0.1-0.6,9,32,256,0.4333,1.0,az_good.ckpt,az_good.ckpt,188,3
23,clip-epsilon-0.1-0.6,9,32,256,0.8666,1.0,az_good.ckpt,az_good.ckpt,36,24
5,clip-epsilon-0.1-0.6,9,32,256,0.1333,1.0,az_good.ckpt,az_good.ckpt,235,3
1,clip-epsilon-0.1-0.6,9,32,256,0.2333,1.0,az_good.ckpt,az_good.ckpt,230,7
25,clip-epsilon-0.1-0.6,9,32,256,1.0,1.0,az_good.ckpt,az_good.ckpt,7,6
2,clip-epsilon-0.1-0.6,9,32,256,0.4666,1.0,az_good.ckpt,az_good.ckpt,233,11
28,clip-epsilon-0.1-0.6,9,32,256,0.9333,1.0,az_good.ckpt,az_good.ckpt,12,3
18,clip-epsilon-0.1-0.6,9,32,256,0.8333,1.0,az_good.ckpt,az_good.ckpt,146,13
12,clip-epsilon-0.1-0.6,9,32,256,0.8333,1.0,az_good.ckpt,az_good.ckpt,25,5
3,clip-epsilon-0.1-0.6,9,32,256,0.1,1.0,az_good.ckpt,az_good.ckpt,225,3
10,clip-epsilon-0.1-0.6,9,32,256,0.3666,1.0,az_good.ckpt,az_good.ckpt,236,19
25,clip-epsilon-0.1-0.6,9,32,256,0.7333,1.0,az_good.ckpt,az_good.ckpt,92,8
19,clip-epsilon-0.1-0.6,9,32,256,0.3,1.0,az_good.ckpt,az_good.ckpt,224,2
12,clip-epsilon-0.1-0.6,9,32,256,0.0666,1.0,az_good.ckpt,az_good.ckpt,245,0
2,clip-epsilon-0.1-0.6,9,32,256,0.4333,1.0,az_good.ckpt,az_good.ckpt,177,25
16,clip-epsilon-0.1-0.6,9,32,256,0.5333,1.0,az_good.ckpt,az_good.ckpt,226,7
30,clip-epsilon-0.1-0.6,9,32,256,0.9333,1.0,az_good.ckpt,az_good.ckpt,8,8
4,clip-epsilon-0.1-0.6,9,32,256,0.6,1.0,az_good.ckpt,az_good.ckpt,221,12
5,clip-epsilon-0.1-0.6,9,32,256,0.2666,1.0,az_good.ckpt,az_good.ckpt,183,6
7,clip-epsilon-0.1-0.6,9,32,256,0.6666,1.0,az_good.ckpt,az_good.ckpt,179,3
23,clip-epsilon-0.1-0.6,9,32,256,0.2,1.0,az_good.ckpt,az_good.ckpt,229,1
5,clip-epsilon-0.1-0.6,9,32,256,0.7333,1.0,az_good.ckpt,az_good.ckpt,106,15
29,clip-epsilon-0.1-0.6,9,32,256,0.0333,1.0,az_good.ckpt,az_good.ckpt,241,1
14,clip-epsilon-0.1-0.6,9,32,256,0.5333,1.0,az_good.ckpt,az_good.ckpt,164,12
28,clip-epsilon-0.1-0.6,9,32,256,0.1,1.0,az_good.ckpt,az_good.ckpt,238,3
24,clip-epsilon-0.1-0.6,9,32,256,0.3666,1.0,az_good.ckpt,az_good.ckpt,227,14
15,clip-epsilon-0.1-0.6,9,32,256,0.5,1.0,az_good.ckpt,az_good.ckpt,196,15
4,clip-epsilon-0.1-0.6,9,32,256,0.4,1.0,az_good.ckpt,az_good.ckpt,186,9
19,clip-epsilon-0.1-0.6,9,32,256,0.1,1.0,az_good.ckpt,az_good.ckpt,240,5
6,clip-epsilon-0.1-0.6,9,32,256,0.1333,1.0,az_good.ckpt,az_good.ckpt,236,3
24,clip-epsilon-0.1-0.6,9,32,256,0.6333,1.0,az_good.ckpt,az_good.ckpt,132,11
30,clip-epsilon-0.1-0.6,9,32,256,0.9666,1.0,az_good.ckpt,az_good.ckpt,7,6
29,clip-epsilon-0.1-0.6,9,32,256,0.5333,1.0,az_good.ckpt,az_good.ckpt,207,20
11,clip-epsilon-0.1-0.6,9,32,256,0.5,1.0,az_good.ckpt,az_good.ckpt,187,14
15,clip-epsilon-0.1-0.6,9,32,256,0.6666,1.0,az_good.ckpt,az_good.ckpt,86,11
13,clip-epsilon-0.1-0.6,9,32,256,0.0,1.0,az_good.ckpt,az_good.ckpt,238,1
7,clip-epsilon-0.1-0.6,9,32,256,0.8666,1.0,az_good.ckpt,az_good.ckpt,94,5
21,clip-epsilon-0.1-0.6,9,32,256,0.5666,1.0,az_good.ckpt,az_good.ckpt,85,9
5,clip-epsilon-0.1-0.6,9,32,256,0.1666,1.0,az_good.ckpt,az_good.ckpt,189,7
27,clip-epsilon-0.1-0.6,9,32,256,0.7,1.0,az_good.ckpt,az_good.ckpt,126,14
28,clip-epsilon-0.1-0.6,9,32,256,0.5666,1.0,az_good.ckpt,az_good.ckpt,212,11
10,clip-epsilon-0.1-0.6,9,32,256,0.0333,1.0,az_good.ckpt,az_good.ckpt,242,2
15,clip-epsilon-0.1-0.6,9,32,256,0.0333,1.0,az_good.ckpt,az_good.ckpt,229,1
13,clip-epsilon-0.1-0.6,9,32,256,0.3333,1.0,az_good.ckpt,az_good.ckpt,218,13
20,clip-epsilon-0.1-0.6,9,32,256,0.2333,1.0,az_good.ckpt,az_good.ckpt,226,4
3,clip-epsilon-0.1-0.6,9,32,256,0.9,1.0,az_good.ckpt,az_good.ckpt,34,18
19,clip-epsilon-0.1-0.6,9,32,256,0.8333,1.0,az_good.ckpt,az_good.ckpt,65,7
6,clip-epsilon-0.1-0.6,9,32,256,0.3666,1.0,az_good.ckpt,az_good.ckpt,246,3
22,clip-epsilon-0.1-0.6,9,32,256,0.7666,1.0,az_good.ckpt,az_good.ckpt,73,3
16,clip-epsilon-0.1-0.6,9,32,256,0.5,1.0,az_good.ckpt,az_good.ckpt,175,11
10,clip-epsilon-0.1-0.6,9,32,256,0.5,1.0,az_good.ckpt,az_good.ckpt,211,10
16,clip-epsilon-0.1-0.6,9,32,256,0.7333,1.0,az_good.ckpt,az_good.ckpt,149,6
20,clip-epsilon-0.1-0.6,9,32,256,0.2,1.0,az_good.ckpt,az_good.ckpt,218,3
4,clip-epsilon-0.1-0.6,9,32,256,0.7333,1.0,az_good.ckpt,az_good.ckpt,96,16
12,clip-epsilon-0.1-0.6,9,32,256,0.3333,1.0,az_good.ckpt,az_good.ckpt,216,7
13,clip-epsilon-0.1-0.6,9,32,256,0.5666,1.0,az_good.ckpt,az_good.ckpt,70,9
28,clip-epsilon-0.1-0.6,9,32,256,0.1333,1.0,az_good.ckpt,az_good.ckpt,224,1
2,clip-epsilon-0.1-0.6,9,32,256,0.1333,1.0,az_good.ckpt,az_good.ckpt,249,0
4,clip-epsilon-0.1-0.6,9,32,256,0.8666,1.0,az_good.ckpt,az_good.ckpt,56,5
9,clip-epsilon-0.1-0.6,9,32,256,0.0333,1.0,az_good.ckpt,az_good.ckpt,230,1
30,clip-epsilon-0.1-0.6,9,32,256,0.5,1.0,az_good.ckpt,az_good.ckpt,134,8
26,clip-epsilon-0.1-0.6,9,32,256,0.2666,1.0,az_good.ckpt,az_good.ckpt,229,6
26,clip-epsilon-0.1-0.6,9,32,256,0.8,1.0,az_good.ckpt,az_good.ckpt,32,7
24,clip-epsilon-0.1-0.6,9,32,256,0.5666,1.0,az_good.ckpt,az_good.ckpt,149,18
26,clip-epsilon-0.1-0.6,9,32,256,0.4666,1.0,az_good.ckpt,az_good.ckpt,175,8
23,clip-epsilon-0.1-0.6,9,32,256,0.3333,1.0,az_good.ckpt,az_good.ckpt,171,8
22,clip-epsilon-0.1-0.6,9,32,256,0.6666,1.0,az_good.ckpt,az_good.ckpt,130,16
27,clip-epsilon-0.1-0.6,9,32,256,1.0,1.0,az_good.ckpt,az_good.ckpt,6,7
25,clip-epsilon-0.1-0.6,9,32,256,0.1666,1.0,az_good.ckpt,az_good.ckpt,208,7
19,clip-epsilon-0.1-0.6,9,32,256,0.9666,1.0,az_good.ckpt,az_good.ckpt,5,2
30,clip-epsilon-0.1-0.6,9,32,256,0.1,1.0,az_good.ckpt,az_good.ckpt,235,3
11,clip-epsilon-0.1-0.6,9,32,256,0.2333,1.0,az_good.ckpt,az_good.ckpt,203,8
18,clip-epsilon-0.1-0.6,9,32,256,0.6,1.0,az_good.ckpt,az_good.ckpt,207,15
23,clip-epsilon-0.1-0.6,9,32,256,0.0333,1.0,az_good.ckpt,az_good.ckpt,237,0
29,clip-epsilon-0.1-0.6,9,32,256,0.2333,1.0,az_good.ckpt,az_good.ckpt,237,8
18,clip-epsilon-0.1-0.6,9,32,256,0.8666,1.0,az_good.ckpt,az_good.ckpt,19,7
28,clip-epsilon-0.1-0.6,9,32,256,1.0,1.0,az_good.ckpt,az_good.ckpt,4,2
20,clip-epsilon-0.1-0.6,9,32,256,0.5333,1.0,az_good.ckpt,az_good.ckpt,177,14
25,clip-epsilon-0.1-0.6,9,32,256,0.8666,1.0,az_good.ckpt,az_good.ckpt,26,11
11,clip-epsilon-0.1-0.6,9,32,256,0.9666,1.0,az_good.ckpt,az_good.ckpt,7,5
21,clip-epsilon-0.1-0.6,9,32,256,0.6,1.0,az_good.ckpt,az_good.ckpt,178,15
18,clip-epsilon-0.1-0.6,9,32,256,0.6333,1.0,az_good.ckpt,az_good.ckpt,218,17
19,clip-epsilon-0.1-0.6,9,32,256,0.9,1.0,az_good.ckpt,az_good.ckpt,21,9
18,clip-epsilon-0.1-0.6,9,32,256,0.6666,1.0,az_good.ckpt,az_good.ckpt,120,17
15,clip-epsilon-0.1-0.6,9,32,256,0.7333,1.0,az_good.ckpt,az_good.ckpt,122,32
20,clip-epsilon-0.1-0.6,9,32,256,0.0333,1.0,az_good.ckpt,az_good.ckpt,238,1
22,clip-epsilon-0.1-0.6,9,32,256,0.7,1.0,az_good.ckpt,az_good.ckpt,122,12
1,clip-epsilon-0.1-0.6,9,32,256,0.1,1.0,az_good.ckpt,az_good.ckpt,192,8
11,clip-epsilon-0.1-0.6,9,32,256,0.4666,1.0,az_good.ckpt,az_good.ckpt,197,12
3,clip-epsilon-0.1-0.6,9,32,256,0.7666,1.0,az_good.ckpt,az_good.ckpt,197,16
11,clip-epsilon-0.1-0.6,9,32,256,0.2666,1.0,az_good.ckpt,az_good.ckpt,223,8
17,clip-epsilon-0.1-0.6,9,32,256,0.1,1.0,az_good.ckpt,az_good.ckpt,223,7
3,clip-epsilon-0.1-0.6,9,32,256,0.8666,1.0,az_good.ckpt,az_good.ckpt,59,12
15,clip-epsilon-0.1-0.6,9,32,256,0.8666,1.0,az_good.ckpt,az_good.ckpt,31,7
24,clip-epsilon-0.1-0.6,9,32,256,0.9,1.0,az_good.ckpt,az_good.ckpt,110,22
1,clip-epsilon-0.1-0.6,9,32,256,0.4333,1.0,az_good.ckpt,az_good.ckpt,234,6
2,clip-epsilon-0.1-0.6,9,32,256,0.0,1.0,az_good.ckpt,az_good.ckpt,243,1
12,clip-epsilon-0.1-0.6,9,32,256,0.2,1.0,az_good.ckpt,az_good.ckpt,238,2
22,clip-epsilon-0.1-0.6,9,32,256,0.9333,1.0,az_good.ckpt,az_good.ckpt,14,2
8,clip-epsilon-0.1-0.6,9,32,256,0.9666,1.0,az_good.ckpt,az_good.ckpt,21,6
25,clip-epsilon-0.1-0.6,9,32,256,0.9333,1.0,az_good.ckpt,az_good.ckpt,64,39
23,clip-epsilon-0.1-0.6,9,32,256,0.8,1.0,az_good.ckpt,az_good.ckpt,25,5
7,clip-epsilon-0.1-0.6,9,32,256,0.5666,1.0,az_good.ckpt,az_good.ckpt,154,12
3,clip-epsilon-0.1-0.6,9,32,256,0.7333,1.0,az_good.ckpt,az_good.ckpt,162,9
1,clip-epsilon-0.1-0.6,9,32,256,0.9,1.0,az_good.ckpt,az_good.ckpt,159,14
14,clip-epsilon-0.1-0.6,9,32,256,0.4666,1.0,az_good.ckpt,az_good.ckpt,197,15
23,clip-epsilon-0.1-0.6,9,32,256,0.2333,1.0,az_good.ckpt,az_good.ckpt,183,7
8,clip-epsilon-0.1-0.6,9,32,256,0.5333,1.0,az_good.ckpt,az_good.ckpt,200,13
21,clip-epsilon-0.1-0.6,9,32,256,0.4333,1.0,az_good.ckpt,az_good.ckpt,163,5
14,clip-epsilon-0.1-0.6,9,32,256,0.6666,1.0,az_good.ckpt,az_good.ckpt,176,18
22,clip-epsilon-0.1-0.6,9,32,256,0.1666,1.0,az_good.ckpt,az_good.ckpt,217,11
5,clip-epsilon-0.1-0.6,9,32,256,0.5333,1.0,az_good.ckpt,az_good.ckpt,127,9
25,clip-epsilon-0.1-0.6,9,32,256,0.4,1.0,az_good.ckpt,az_good.ckpt,209,14
16,clip-epsilon-0.1-0.6,9,32,256,0.8,1.0,az_good.ckpt,az_good.ckpt,80,17
3,clip-epsilon-0.1-0.6,9,32,256,0.8,1.0,az_good.ckpt,az_good.ckpt,183,11
1,clip-epsilon-0.1-0.6,9,32,256,0.9666,1.0,az_good.ckpt,az_good.ckpt,33,9
4,clip-epsilon-0.1-0.6,9,32,256,0.5666,1.0,az_good.ckpt,az_good.ckpt,170,14
28,clip-epsilon-0.1-0.6,9,32,256,0.7333,1.0,az_good.ckpt,az_good.ckpt,126,14
11,clip-epsilon-0.1-0.6,9,32,256,0.6333,1.0,az_good.ckpt,az_good.ckpt,148,4
22,clip-epsilon-0.1-0.6,9,32,256,0.5333,1.0,az_good.ckpt,az_good.ckpt,189,2
15,clip-epsilon-0.1-0.6,9,32,256,0.3666,1.0,az_good.ckpt,az_good.ckpt,239,8
12,clip-epsilon-0.1-0.6,9,32,256,0.4,1.0,az_good.ckpt,az_good.ckpt,232,11
3,clip-epsilon-0.1-0.6,9,32,256,0.4666,1.0,az_good.ckpt,az_good.ckpt,195,3
17,clip-epsilon-0.1-0.6,9,32,256,0.7333,1.0,az_good.ckpt,az_good.ckpt,30,9
9,clip-epsilon-0.1-0.6,9,32,256,0.5333,1.0,az_good.ckpt,az_good.ckpt,185,13
5,clip-epsilon-0.1-0.6,9,32,256,0.5,1.0,az_good.ckpt,az_good.ckpt,201,9
20,clip-epsilon-0.1-0.6,9,32,256,0.7,1.0,az_good.ckpt,az_good.ckpt,190,22
24,clip-epsilon-0.1-0.6,9,32,256,0.4666,1.0,az_good.ckpt,az_good.ckpt,198,8
4,clip-epsilon-0.1-0.6,9,32,256,0.3666,1.0,az_good.ckpt,az_good.ckpt,235,5
26,clip-epsilon-0.1-0.6,9,32,256,0.0333,1.0,az_good.ckpt,az_good.ckpt,243,1
13,clip-epsilon-0.1-0.6,9,32,256,0.3666,1.0,az_good.ckpt,az_good.ckpt,164,4
3,clip-epsilon-0.1-0.6,9,32,256,0.6666,1.0,az_good.ckpt,az_good.ckpt,189,11
29,clip-epsilon-0.1-0.6,9,32,256,0.4,1.0,az_good.ckpt,az_good.ckpt,212,9
20,clip-epsilon-0.1-0.6,9,32,256,0.6,1.0,az_good.ckpt,az_good.ckpt,127,23
9,clip-epsilon-0.1-0.6,9,32,256,0.4333,1.0,az_good.ckpt,az_good.ckpt,208,9
16,clip-epsilon-0.1-0.6,9,32,256,0.2666,1.0,az_good.ckpt,az_good.ckpt,242,3
26,clip-epsilon-0.1-0.6,9,32,256,0.3,1.0,az_good.ckpt,az_good.ckpt,219,6
14,clip-epsilon-0.1-0.6,9,32,256,0.0333,1.0,az_good.ckpt,az_good.ckpt,251,3
8,clip-epsilon-0.1-0.6,9,32,256,0.7333,1.0,az_good.ckpt,az_good.ckpt,174,18
4,clip-epsilon-0.1-0.6,9,32,256,0.9,1.0,az_good.ckpt,az_good.ckpt,44,14
29,clip-epsilon-0.1-0.6,9,32,256,0.8,1.0,az_good.ckpt,az_good.ckpt,48,21
1,clip-epsilon-0.1-0.6,9,32,256,1.0,1.0,az_good.ckpt,az_good.ckpt,31,9
14,epsilon-v2,9,32,256,0.8666,1.0,az_good.ckpt,az_good.ckpt,96,18
30,epsilon-v2,9,32,256,0.4666,1.0,az_good.ckpt,az_good.ckpt,208,17
7,epsilon-v2,9,32,256,0.9333,1.0,az_good.ckpt,az_good.ckpt,33,22
13,epsilon-v2,9,32,256,0.3666,1.0,az_good.ckpt,az_good.ckpt,201,13
25,epsilon-v2,9,32,256,0.4,1.0,az_good.ckpt,az_good.ckpt,175,6
21,epsilon-v2,9,32,256,0.9,1.0,az_good.ckpt,az_good.ckpt,94,4
8,epsilon-v2,9,32,256,0.5333,1.0,az_good.ckpt,az_good.ckpt,183,11
7,epsilon-v2,9,32,256,0.8333,1.0,az_good.ckpt,az_good.ckpt,72,4
22,epsilon-v2,9,32,256,0.7333,1.0,az_good.ckpt,az_good.ckpt,188,24
21,epsilon-v2,9,32,256,0.8666,1.0,az_good.ckpt,az_good.ckpt,95,13
18,epsilon-v2,9,32,256,0.1,1.0,az_good.ckpt,az_good.ckpt,240,1
4,epsilon-v2,9,32,256,0.3666,1.0,az_good.ckpt,az_good.ckpt,221,9
12,epsilon-v2,9,32,256,0.7333,1.0,az_good.ckpt,az_good.ckpt,144,14
30,epsilon-v2,9,32,256,0.8333,1.0,az_good.ckpt,az_good.ckpt,108,7
14,epsilon-v2,9,32,256,0.9,1.0,az_good.ckpt,az_good.ckpt,48,21
11,epsilon-v2,9,32,256,0.9333,1.0,az_good.ckpt,az_good.ckpt,28,11
13,epsilon-v2,9,32,256,0.7333,1.0,az_good.ckpt,az_good.ckpt,125,12
14,epsilon-v2,9,32,256,0.5,1.0,az_good.ckpt,az_good.ckpt,200,7
18,epsilon-v2,9,32,256,0.0666,1.0,az_good.ckpt,az_good.ckpt,238,1
17,epsilon-v2,9,32,256,0.4,1.0,az_good.ckpt,az_good.ckpt,220,8
29,epsilon-v2,9,32,256,0.7666,1.0,az_good.ckpt,az_good.ckpt,166,12
27,epsilon-v2,9,32,256,0.2666,1.0,az_good.ckpt,az_good.ckpt,222,7
25,epsilon-v2,9,32,256,0.7333,1.0,az_good.ckpt,az_good.ckpt,205,9
26,epsilon-v2,9,32,256,0.0333,1.0,az_good.ckpt,az_good.ckpt,238,2
22,epsilon-v2,9,32,256,0.1666,1.0,az_good.ckpt,az_good.ckpt,210,6
5,epsilon-v2,9,32,256,0.4666,1.0,az_good.ckpt,az_good.ckpt,206,6
2,epsilon-v2,9,32,256,1.0,1.0,az_good.ckpt,az_good.ckpt,19,1
26,epsilon-v2,9,32,256,0.6666,1.0,az_good.ckpt,az_good.ckpt,176,13
28,epsilon-v2,9,32,256,0.9666,1.0,az_good.ckpt,az_good.ckpt,111,20
3,epsilon-v2,9,32,256,0.1333,1.0,az_good.ckpt,az_good.ckpt,233,7
1,epsilon-v2,9,32,256,0.7333,1.0,az_good.ckpt,az_good.ckpt,174,8
9,epsilon-v2,9,32,256,0.3333,1.0,az_good.ckpt,az_good.ckpt,221,11
6,epsilon-v2,9,32,256,0.2333,1.0,az_good.ckpt,az_good.ckpt,230,4
10,epsilon-v2,9,32,256,0.6,1.0,az_good.ckpt,az_good.ckpt,182,16
16,epsilon-v2,9,32,256,0.5,1.0,az_good.ckpt,az_good.ckpt,201,11
8,epsilon-v2,9,32,256,0.1,1.0,az_good.ckpt,az_good.ckpt,231,3
8,epsilon-v2,9,32,256,0.0333,1.0,az_good.ckpt,az_good.ckpt,247,1
13,epsilon-v2,9,32,256,0.2,1.0,az_good.ckpt,az_good.ckpt,228,7
17,epsilon-v2,9,32,256,0.2333,1.0,az_good.ckpt,az_good.ckpt,217,5
23,epsilon-v2,9,32,256,0.7,1.0,az_good.ckpt,az_good.ckpt,155,21
3,epsilon-v2,9,32,256,0.4333,1.0,az_good.ckpt,az_good.ckpt,226,5
4,epsilon-v2,9,32,256,0.4666,1.0,az_good.ckpt,az_good.ckpt,222,5
22,epsilon-v2,9,32,256,0.4666,1.0,az_good.ckpt,az_good.ckpt,186,12
13,epsilon-v2,9,32,256,0.0666,1.0,az_good.ckpt,az_good.ckpt,231,1
23,epsilon-v2,9,32,256,1.0,1.0,az_good.ckpt,az_good.ckpt,50,6
30,epsilon-v2,9,32,256,0.1666,1.0,az_good.ckpt,az_good.ckpt,240,4
18,epsilon-v2,9,32,256,0.5666,1.0,az_good.ckpt,az_good.ckpt,216,11
25,epsilon-v2,9,32,256,0.2333,1.0,az_good.ckpt,az_good.ckpt,240,6
26,epsilon-v2,9,32,256,0.8666,1.0,az_good.ckpt,az_good.ckpt,144,20
17,epsilon-v2,9,32,256,0.9666,1.0,az_good.ckpt,az_good.ckpt,38,2
2,epsilon-v2,9,32,256,0.3666,1.0,az_good.ckpt,az_good.ckpt,202,12
28,epsilon-v2,9,32,256,0.4,1.0,az_good.ckpt,az_good.ckpt,205,6
29,epsilon-v2,9,32,256,0.6,1.0,az_good.ckpt,az_good.ckpt,153,10
21,epsilon-v2,9,32,256,0.7666,1.0,az_good.ckpt,az_good.ckpt,65,13
19,epsilon-v2,9,32,256,1.0,1.0,az_good.ckpt,az_good.ckpt,19,1
17,epsilon-v2,9,32,256,0.5666,1.0,az_good.ckpt,az_good.ckpt,204,7
15,epsilon-v2,9,32,256,0.8666,1.0,az_good.ckpt,az_good.ckpt,26,3
1,epsilon-v2,9,32,256,0.2,1.0,az_good.ckpt,az_good.ckpt,228,5
24,epsilon-v2,9,32,256,0.4,1.0,az_good.ckpt,az_good.ckpt,211,9
18,epsilon-v2,9,32,256,0.3666,1.0,az_good.ckpt,az_good.ckpt,220,5
6,epsilon-v2,9,32,256,0.7,1.0,az_good.ckpt,az_good.ckpt,134,7
29,epsilon-v2,9,32,256,0.1666,1.0,az_good.ckpt,az_good.ckpt,230,1
16,epsilon-v2,9,32,256,0.9333,1.0,az_good.ckpt,az_good.ckpt,130,20
26,epsilon-v2,9,32,256,0.2,1.0,az_good.ckpt,az_good.ckpt,228,3
24,epsilon-v2,9,32,256,0.0,1.0,az_good.ckpt,az_good.ckpt,240,1
2,epsilon-v2,9,32,256,0.5666,1.0,az_good.ckpt,az_good.ckpt,212,3
27,epsilon-v2,9,32,256,0.8333,1.0,az_good.ckpt,az_good.ckpt,108,15
7,epsilon-v2,9,32,256,0.4,1.0,az_good.ckpt,az_good.ckpt,198,13
17,epsilon-v2,9,32,256,0.6666,1.0,az_good.ckpt,az_good.ckpt,120,10
3,epsilon-v2,9,32,256,0.2666,1.0,az_good.ckpt,az_good.ckpt,212,3
8,epsilon-v2,9,32,256,0.4,1.0,az_good.ckpt,az_good.ckpt,178,7
10,epsilon-v2,9,32,256,0.9333,1.0,az_good.ckpt,az_good.ckpt,47,9
5,epsilon-v2,9,32,256,0.8,1.0,az_good.ckpt,az_good.ckpt,97,9
25,epsilon-v2,9,32,256,0.3333,1.0,az_good.ckpt,az_good.ckpt,215,5
28,epsilon-v2,9,32,256,0.3666,1.0,az_good.ckpt,az_good.ckpt,243,9
20,epsilon-v2,9,32,256,0.8666,1.0,az_good.ckpt,az_good.ckpt,84,8
9,epsilon-v2,9,32,256,0.4333,1.0,az_good.ckpt,az_good.ckpt,188,5
22,epsilon-v2,9,32,256,0.0,1.0,az_good.ckpt,az_good.ckpt,244,1
10,epsilon-v2,9,32,256,0.2,1.0,az_good.ckpt,az_good.ckpt,215,2
9,epsilon-v2,9,32,256,0.0333,1.0,az_good.ckpt,az_good.ckpt,243,0
12,epsilon-v2,9,32,256,0.8666,1.0,az_good.ckpt,az_good.ckpt,81,6
23,epsilon-v2,9,32,256,0.0333,1.0,az_good.ckpt,az_good.ckpt,225,0
22,epsilon-v2,9,32,256,0.0333,1.0,az_good.ckpt,az_good.ckpt,247,4
28,epsilon-v2,9,32,256,0.0333,1.0,az_good.ckpt,az_good.ckpt,232,2
25,epsilon-v2,9,32,256,0.7666,1.0,az_good.ckpt,az_good.ckpt,164,15
25,epsilon-v2,9,32,256,0.9333,1.0,az_good.ckpt,az_good.ckpt,13,1
25,epsilon-v2,9,32,256,0.5,1.0,az_good.ckpt,az_good.ckpt,168,13
12,epsilon-v2,9,32,256,0.4333,1.0,az_good.ckpt,az_good.ckpt,243,6
25,epsilon-v2,9,32,256,0.0,1.0,az_good.ckpt,az_good.ckpt,248,4
29,epsilon-v2,9,32,256,0.2,1.0,az_good.ckpt,az_good.ckpt,223,5
2,epsilon-v2,9,32,256,0.1666,1.0,az_good.ckpt,az_good.ckpt,245,2
5,epsilon-v2,9,32,256,0.0,1.0,az_good.ckpt,az_good.ckpt,245,2
29,epsilon-v2,9,32,256,1.0,1.0,az_good.ckpt,az_good.ckpt,50,6
8,epsilon-v2,9,32,256,0.6666,1.0,az_good.ckpt,az_good.ckpt,163,7
17,epsilon-v2,9,32,256,0.7666,1.0,az_good.ckpt,az_good.ckpt,62,5
9,epsilon-v2,9,32,256,0.6666,1.0,az_good.ckpt,az_good.ckpt,130,12
2,epsilon-v2,9,32,256,0.2,1.0,az_good.ckpt,az_good.ckpt,228,5
29,epsilon-v2,9,32,256,0.0,1.0,az_good.ckpt,az_good.ckpt,234,0
9,epsilon-v2,9,32,256,0.5,1.0,az_good.ckpt,az_good.ckpt,159,10
8,epsilon-v2,9,32,256,0.1666,1.0,az_good.ckpt,az_good.ckpt,208,3
2,epsilon-v2,9,32,256,0.6666,1.0,az_good.ckpt,az_good.ckpt,156,26
21,epsilon-v2,9,32,256,0.0333,1.0,az_good.ckpt,az_good.ckpt,238,1
9,epsilon-v2,9,32,256,0.2,1.0,az_good.ckpt,az_good.ckpt,214,3
21,epsilon-v2,9,32,256,0.4,1.0,az_good.ckpt,az_good.ckpt,196,9
8,epsilon-v2,9,32,256,0.8666,1.0,az_good.ckpt,az_good.ckpt,105,8
18,epsilon-v2,9,32,256,0.2,1.0,az_good.ckpt,az_good.ckpt,217,6
7,epsilon-v2,9,32,256,0.1333,1.0,az_good.ckpt,az_good.ckpt,245,3
1,epsilon-v2,9,32,256,0.0,1.0,az_good.ckpt,az_good.ckpt,246,3
1,epsilon-v2,9,32,256,0.2333,1.0,az_good.ckpt,az_good.ckpt,227,7
20,epsilon-v2,9,32,256,0.6666,1.0,az_good.ckpt,az_good.ckpt,138,4
18,epsilon-v2,9,32,256,0.7666,1.0,az_good.ckpt,az_good.ckpt,38,3
5,epsilon-v2,9,32,256,0.3333,1.0,az_good.ckpt,az_good.ckpt,210,2
14,epsilon-v2,9,32,256,0.7333,1.0,az_good.ckpt,az_good.ckpt,114,6
16,epsilon-v2,9,32,256,0.1333,1.0,az_good.ckpt,az_good.ckpt,238,4
12,epsilon-v2,9,32,256,0.8,1.0,az_good.ckpt,az_good.ckpt,151,13
17,epsilon-v2,9,32,256,0.4666,1.0,az_good.ckpt,az_good.ckpt,151,7
3,epsilon-v2,9,32,256,0.8333,1.0,az_good.ckpt,az_good.ckpt,86,5
20,epsilon-v2,9,32,256,0.5333,1.0,az_good.ckpt,az_good.ckpt,144,9
17,epsilon-v2,9,32,256,0.7333,1.0,az_good.ckpt,az_good.ckpt,103,15
29,epsilon-v2,9,32,256,0.8,1.0,az_good.ckpt,az_good.ckpt,135,19
14,epsilon-v2,9,32,256,0.4666,1.0,az_good.ckpt,az_good.ckpt,168,9
16,epsilon-v2,9,32,256,0.7,1.0,az_good.ckpt,az_good.ckpt,140,9
19,epsilon-v2,9,32,256,0.9,1.0,az_good.ckpt,az_good.ckpt,98,8
12,epsilon-v2,9,32,256,0.7666,1.0,az_good.ckpt,az_good.ckpt,153,14
25,epsilon-v2,9,32,256,0.2,1.0,az_good.ckpt,az_good.ckpt,215,5
1,epsilon-v2,9,32,256,0.3,1.0,az_good.ckpt,az_good.ckpt,219,5
29,epsilon-v2,9,32,256,0.5333,1.0,az_good.ckpt,az_good.ckpt,183,10
2,epsilon-v2,9,32,256,0.7,1.0,az_good.ckpt,az_good.ckpt,206,13
6,epsilon-v2,9,32,256,0.1333,1.0,az_good.ckpt,az_good.ckpt,239,3
27,epsilon-v2,9,32,256,0.4666,1.0,az_good.ckpt,az_good.ckpt,206,13
4,epsilon-v2,9,32,256,0.9,1.0,az_good.ckpt,az_good.ckpt,123,18
26,epsilon-v2,9,32,256,0.3333,1.0,az_good.ckpt,az_good.ckpt,207,7
30,epsilon-v2,9,32,256,0.3333,1.0,az_good.ckpt,az_good.ckpt,237,5
4,epsilon-v2,9,32,256,0.8333,1.0,az_good.ckpt,az_good.ckpt,125,9
3,epsilon-v2,9,32,256,0.6333,1.0,az_good.ckpt,az_good.ckpt,174,6
16,epsilon-v2,9,32,256,0.8333,1.0,az_good.ckpt,az_good.ckpt,131,14
28,epsilon-v2,9,32,256,0.6333,1.0,az_good.ckpt,az_good.ckpt,129,10
15,epsilon-v2,9,32,256,0.4,1.0,az_good.ckpt,az_good.ckpt,191,9
27,epsilon-v2,9,32,256,0.9,1.0,az_good.ckpt,az_good.ckpt,110,15
7,epsilon-v2,9,32,256,0.3666,1.0,az_good.ckpt,az_good.ckpt,180,8
3,epsilon-v2,9,32,256,0.7333,1.0,az_good.ckpt,az_good.ckpt,160,1
24,epsilon-v2,9,32,256,0.2666,1.0,az_good.ckpt,az_good.ckpt,212,7
1,epsilon-v2,9,32,256,0.0666,1.0,az_good.ckpt,az_good.ckpt,234,0
4,epsilon-v2,9,32,256,0.4333,1.0,az_good.ckpt,az_good.ckpt,208,2
9,epsilon-v2,9,32,256,0.1666,1.0,az_good.ckpt,az_good.ckpt,210,5
9,epsilon-v2,9,32,256,0.6,1.0,az_good.ckpt,az_good.ckpt,113,10
30,epsilon-v2,9,32,256,0.4,1.0,az_good.ckpt,az_good.ckpt,209,3
3,epsilon-v2,9,32,256,0.5333,1.0,az_good.ckpt,az_good.ckpt,172,17
30,epsilon-v2,9,32,256,0.3666,1.0,az_good.ckpt,az_good.ckpt,211,7
25,epsilon-v2,9,32,256,0.0666,1.0,az_good.ckpt,az_good.ckpt,244,2
18,epsilon-v2,9,32,256,0.5333,1.0,az_good.ckpt,az_good.ckpt,198,7
20,epsilon-v2,9,32,256,0.6333,1.0,az_good.ckpt,az_good.ckpt,109,20
21,epsilon-v2,9,32,256,0.4666,1.0,az_good.ckpt,az_good.ckpt,191,22
11,epsilon-v2,9,32,256,0.7,1.0,az_good.ckpt,az_good.ckpt,138,9
23,epsilon-v2,9,32,256,0.1,1.0,az_good.ckpt,az_good.ckpt,242,3
27,epsilon-v2,9,32,256,0.3333,1.0,az_good.ckpt,az_good.ckpt,230,3
12,epsilon-v2,9,32,256,0.9666,1.0,az_good.ckpt,az_good.ckpt,122,12
29,epsilon-v2,9,32,256,0.4666,1.0,az_good.ckpt,az_good.ckpt,166,10
6,epsilon-v2,9,32,256,0.3333,1.0,az_good.ckpt,az_good.ckpt,208,2
12,epsilon-v2,9,32,256,0.1,1.0,az_good.ckpt,az_good.ckpt,240,2
20,epsilon-v2,9,32,256,0.8,1.0,az_good.ckpt,az_good.ckpt,99,11
6,epsilon-v2,9,32,256,0.8,1.0,az_good.ckpt,az_good.ckpt,70,19
9,epsilon-v2,9,32,256,0.9666,1.0,az_good.ckpt,az_good.ckpt,45,3
2,epsilon-v2,9,32,256,0.9666,1.0,az_good.ckpt,az_good.ckpt,23,7
15,epsilon-v2,9,32,256,0.0666,1.0,az_good.ckpt,az_good.ckpt,249,1
14,epsilon-v2,9,32,256,0.1666,1.0,az_good.ckpt,az_good.ckpt,183,6
22,epsilon-v2,9,32,256,0.9666,1.0,az_good.ckpt,az_good.ckpt,42,4
29,epsilon-v2,9,32,256,0.4,1.0,az_good.ckpt,az_good.ckpt,213,6
16,epsilon-v2,9,32,256,0.8666,1.0,az_good.ckpt,az_good.ckpt,35,6
28,epsilon-v2,9,32,256,0.5,1.0,az_good.ckpt,az_good.ckpt,165,6
23,epsilon-v2,9,32,256,0.0666,1.0,az_good.ckpt,az_good.ckpt,204,3
10,epsilon-v2,9,32,256,0.1333,1.0,az_good.ckpt,az_good.ckpt,232,3
7,epsilon-v2,9,32,256,0.8,1.0,az_good.ckpt,az_good.ckpt,114,18
27,epsilon-v2,9,32,256,0.7666,1.0,az_good.ckpt,az_good.ckpt,95,7
19,epsilon-v2,9,32,256,0.5666,1.0,az_good.ckpt,az_good.ckpt,158,17
10,epsilon-v2,9,32,256,0.1666,1.0,az_good.ckpt,az_good.ckpt,243,0
8,epsilon-v2,9,32,256,1.0,1.0,az_good.ckpt,az_good.ckpt,50,6
17,epsilon-v2,9,32,256,0.5,1.0,az_good.ckpt,az_good.ckpt,159,6
19,epsilon-v2,9,32,256,0.3666,1.0,az_good.ckpt,az_good.ckpt,219,8
12,epsilon-v2,9,32,256,0.4,1.0,az_good.ckpt,az_good.ckpt,191,6
25,epsilon-v2,9,32,256,0.9666,1.0,az_good.ckpt,az_good.ckpt,19,32
21,epsilon-v2,9,32,256,0.6666,1.0,az_good.ckpt,az_good.ckpt,106,6
18,epsilon-v2,9,32,256,0.9333,1.0,az_good.ckpt,az_good.ckpt,51,2
27,epsilon-v2,9,32,256,1.0,1.0,az_good.ckpt,az_good.ckpt,50,6
1,epsilon-v2,9,32,256,0.9666,1.0,az_good.ckpt,az_good.ckpt,44,1
19,epsilon-v2,9,32,256,0.3,1.0,az_good.ckpt,az_good.ckpt,211,6
27,epsilon-v2,9,32,256,0.7,1.0,az_good.ckpt,az_good.ckpt,118,2
9,epsilon-v2,9,32,256,0.5666,1.0,az_good.ckpt,az_good.ckpt,191,15
6,epsilon-v2,9,32,256,0.6333,1.0,az_good.ckpt,az_good.ckpt,199,16
1,epsilon-v2,9,32,256,0.7666,1.0,az_good.ckpt,az_good.ckpt,150,15
9,epsilon-v2,9,32,256,0.7666,1.0,az_good.ckpt,az_good.ckpt,168,29
22,epsilon-v2,9,32,256,0.3,1.0,az_good.ckpt,az_good.ckpt,203,6
10,epsilon-v2,9,32,256,0.6666,1.0,az_good.ckpt,az_good.ckpt,160,15
5,epsilon-v2,9,32,256,0.0666,1.0,az_good.ckpt,az_good.ckpt,238,4
13,epsilon-v2,9,32,256,0.4666,1.0,az_good.ckpt,az_good.ckpt,191,13
24,epsilon-v2,9,32,256,0.4333,1.0,az_good.ckpt,az_good.ckpt,222,16
4,epsilon-v2,9,32,256,0.0666,1.0,az_good.ckpt,az_good.ckpt,239,2
17,epsilon-v2,9,32,256,0.5333,1.0,az_good.ckpt,az_good.ckpt,170,12
19,epsilon-v2,9,32,256,0.9666,1.0,az_good.ckpt,az_good.ckpt,14,5
13,epsilon-v2,9,32,256,0.5333,1.0,az_good.ckpt,az_good.ckpt,173,20
23,epsilon-v2,9,32,256,0.5333,1.0,az_good.ckpt,az_good.ckpt,147,16
4,epsilon-v2,9,32,256,0.5,1.0,az_good.ckpt,az_good.ckpt,194,8
19,epsilon-v2,9,32,256,0.5333,1.0,az_good.ckpt,az_good.ckpt,174,17
30,epsilon-v2,9,32,256,0.1,1.0,az_good.ckpt,az_good.ckpt,235,5
20,epsilon-v2,9,32,256,0.1333,1.0,az_good.ckpt,az_good.ckpt,233,2
7,epsilon-v2,9,32,256,0.1,1.0,az_good.ckpt,az_good.ckpt,247,2
2,epsilon-v2,9,32,256,0.8,1.0,az_good.ckpt,az_good.ckpt,163,25
5,epsilon-v2,9,32,256,0.9666,1.0,az_good.ckpt,az_good.ckpt,44,9
29,epsilon-v2,9,32,256,0.2333,1.0,az_good.ckpt,az_good.ckpt,238,8
11,epsilon-v2,9,32,256,0.4666,1.0,az_good.ckpt,az_good.ckpt,165,11
23,epsilon-v2,9,32,256,0.6666,1.0,az_good.ckpt,az_good.ckpt,132,14
29,epsilon-v2,9,32,256,0.3333,1.0,az_good.ckpt,az_good.ckpt,217,3
25,epsilon-v2,9,32,256,0.6333,1.0,az_good.ckpt,az_good.ckpt,175,16
3,epsilon-v2,9,32,256,0.3,1.0,az_good.ckpt,az_good.ckpt,248,4
1,epsilon-v2,9,32,256,0.8,1.0,az_good.ckpt,az_good.ckpt,120,31
18,epsilon-v2,9,32,256,0.0333,1.0,az_good.ckpt,az_good.ckpt,247,2
5,epsilon-v2,9,32,256,0.8666,1.0,az_good.ckpt,az_good.ckpt,111,4
25,epsilon-v2,9,32,256,0.6666,1.0,az_good.ckpt,az_good.ckpt,185,26
19,epsilon-v2,9,32,256,0.4,1.0,az_good.ckpt,az_good.ckpt,178,8
13,epsilon-v2,9,32,256,0.6666,1.0,az_good.ckpt,az_good.ckpt,165,18
23,epsilon-v2,9,32,256,0.6333,1.0,az_good.ckpt,az_good.ckpt,181,26
2,epsilon-v2,9,32,256,0.6,1.0,az_good.ckpt,az_good.ckpt,205,7
11,epsilon-v2,9,32,256,0.8666,1.0,az_good.ckpt,az_good.ckpt,68,7
11,epsilon-v2,9,32,256,0.7333,1.0,az_good.ckpt,az_good.ckpt,163,9
24,epsilon-v2,9,32,256,0.9666,1.0,az_good.ckpt,az_good.ckpt,10,15
17,epsilon-v2,9,32,256,0.3333,1.0,az_good.ckpt,az_good.ckpt,216,7
13,epsilon-v2,9,32,256,0.9666,1.0,az_good.ckpt,az_good.ckpt,121,6
29,epsilon-v2,9,32,256,0.6666,1.0,az_good.ckpt,az_good.ckpt,151,12
14,epsilon-v2,9,32,256,0.6,1.0,az_good.ckpt,az_good.ckpt,141,16
14,epsilon-v2,9,32,256,0.8333,1.0,az_good.ckpt,az_good.ckpt,108,15
18,epsilon-v2,9,32,256,0.6666,1.0,az_good.ckpt,az_good.ckpt,168,9
22,epsilon-v2,9,32,256,0.5666,1.0,az_good.ckpt,az_good.ckpt,161,12
1,epsilon-v2,9,32,256,0.4666,1.0,az_good.ckpt,az_good.ckpt,219,9
25,epsilon-v2,9,32,256,0.1666,1.0,az_good.ckpt,az_good.ckpt,250,2
5,epsilon-v2,9,32,256,0.7666,1.0,az_good.ckpt,az_good.ckpt,154,32
7,epsilon-v2,9,32,256,0.6,1.0,az_good.ckpt,az_good.ckpt,177,10
9,epsilon-v2,9,32,256,0.5333,1.0,az_good.ckpt,az_good.ckpt,185,17
19,epsilon-v2,9,32,256,0.7666,1.0,az_good.ckpt,az_good.ckpt,112,10
22,epsilon-v2,9,32,256,0.9333,1.0,az_good.ckpt,az_good.ckpt,157,37
18,epsilon-v2,9,32,256,0.0,1.0,az_good.ckpt,az_good.ckpt,244,2
16,epsilon-v2,9,32,256,0.5333,1.0,az_good.ckpt,az_good.ckpt,189,10
27,epsilon-v2,9,32,256,0.0333,1.0,az_good.ckpt,az_good.ckpt,235,2
22,epsilon-v2,9,32,256,0.1333,1.0,az_good.ckpt,az_good.ckpt,214,2
24,epsilon-v2,9,32,256,0.3,1.0,az_good.ckpt,az_good.ckpt,229,11
8,epsilon-v2,9,32,256,0.9666,1.0,az_good.ckpt,az_good.ckpt,65,5
20,epsilon-v2,9,32,256,0.7666,1.0,az_good.ckpt,az_good.ckpt,143,21
26,epsilon-v2,9,32,256,0.0666,1.0,az_good.ckpt,az_good.ckpt,243,1
19,epsilon-v2,9,32,256,0.1,1.0,az_good.ckpt,az_good.ckpt,246,0
8,epsilon-v2,9,32,256,0.5666,1.0,az_good.ckpt,az_good.ckpt,198,15
15,epsilon-v2,9,32,256,0.2666,1.0,az_good.ckpt,az_good.ckpt,225,5
3,epsilon-v2,9,32,256,0.7,1.0,az_good.ckpt,az_good.ckpt,219,18
26,epsilon-v2,9,32,256,0.1333,1.0,az_good.ckpt,az_good.ckpt,242,1
8,epsilon-v2,9,32,256,0.9333,1.0,az_good.ckpt,az_good.ckpt,93,7
23,epsilon-v2,9,32,256,0.9333,1.0,az_good.ckpt,az_good.ckpt,28,18
5,epsilon-v2,9,32,256,0.4333,1.0,az_good.ckpt,az_good.ckpt,224,8
21,epsilon-v2,9,32,256,0.0666,1.0,az_good.ckpt,az_good.ckpt,228,2
25,epsilon-v2,9,32,256,0.8666,1.0,az_good.ckpt,az_good.ckpt,144,18
3,epsilon-v2,9,32,256,0.0,1.0,az_good.ckpt,az_good.ckpt,249,0
12,epsilon-v2,9,32,256,0.3333,1.0,az_good.ckpt,az_good.ckpt,218,3
24,epsilon-v2,9,32,256,0.8333,1.0,az_good.ckpt,az_good.ckpt,49,14
29,epsilon-v2,9,32,256,0.1,1.0,az_good.ckpt,az_good.ckpt,238,1
27,epsilon-v2,9,32,256,0.8,1.0,az_good.ckpt,az_good.ckpt,66,18
10,epsilon-v2,9,32,256,0.7333,1.0,az_good.ckpt,az_good.ckpt,138,13
24,epsilon-v2,9,32,256,0.2333,1.0,az_good.ckpt,az_good.ckpt,247,5
15,epsilon-v2,9,32,256,0.0333,1.0,az_good.ckpt,az_good.ckpt,250,0
28,epsilon-v2,9,32,256,0.7666,1.0,az_good.ckpt,az_good.ckpt,158,17
8,epsilon-v2,9,32,256,0.7333,1.0,az_good.ckpt,az_good.ckpt,162,15
12,epsilon-v2,9,32,256,0.5,1.0,az_good.ckpt,az_good.ckpt,203,6
12,epsilon-v2,9,32,256,0.9333,1.0,az_good.ckpt,az_good.ckpt,59,3
26,epsilon-v2,9,32,256,0.3,1.0,az_good.ckpt,az_good.ckpt,232,10
24,epsilon-v2,9,32,256,0.7333,1.0,az_good.ckpt,az_good.ckpt,41,8
13,epsilon-v2,9,32,256,0.2666,1.0,az_good.ckpt,az_good.ckpt,219,8
30,epsilon-v2,9,32,256,0.5333,1.0,az_good.ckpt,az_good.ckpt,188,11
3,epsilon-v2,9,32,256,0.8,1.0,az_good.ckpt,az_good.ckpt,163,10
11,epsilon-v2,9,32,256,0.4,1.0,az_good.ckpt,az_good.ckpt,186,6
22,epsilon-v2,9,32,256,0.3666,1.0,az_good.ckpt,az_good.ckpt,195,9
7,epsilon-v2,9,32,256,0.1666,1.0,az_good.ckpt,az_good.ckpt,248,1
7,epsilon-v2,9,32,256,1.0,1.0,az_good.ckpt,az_good.ckpt,19,1
14,epsilon-v2,9,32,256,0.5333,1.0,az_good.ckpt,az_good.ckpt,194,22
21,epsilon-v2,9,32,256,0.6333,1.0,az_good.ckpt,az_good.ckpt,143,9
23,epsilon-v2,9,32,256,0.0,1.0,az_good.ckpt,az_good.ckpt,250,2
23,epsilon-v2,9,32,256,0.3666,1.0,az_good.ckpt,az_good.ckpt,189,5
14,epsilon-v2,9,32,256,0.3,1.0,az_good.ckpt,az_good.ckpt,206,12
6,epsilon-v2,9,32,256,0.9333,1.0,az_good.ckpt,az_good.ckpt,76,4
14,epsilon-v2,9,32,256,0.6666,1.0,az_good.ckpt,az_good.ckpt,171,18
14,epsilon-v2,9,32,256,0.3666,1.0,az_good.ckpt,az_good.ckpt,210,10
23,epsilon-v2,9,32,256,0.4666,1.0,az_good.ckpt,az_good.ckpt,195,17
28,epsilon-v2,9,32,256,0.2333,1.0,az_good.ckpt,az_good.ckpt,246,3
20,epsilon-v2,9,32,256,0.3666,1.0,az_good.ckpt,az_good.ckpt,221,7
23,epsilon-v2,9,32,256,0.2333,1.0,az_good.ckpt,az_good.ckpt,215,10
23,epsilon-v2,9,32,256,0.3,1.0,az_good.ckpt,az_good.ckpt,211,9
15,epsilon-v2,9,32,256,0.7666,1.0,az_good.ckpt,az_good.ckpt,119,16
15,epsilon-v2,9,32,256,0.5,1.0,az_good.ckpt,az_good.ckpt,211,10
30,epsilon-v2,9,32,256,1.0,1.0,az_good.ckpt,az_good.ckpt,50,6
19,epsilon-v2,9,32,256,0.4333,1.0,az_good.ckpt,az_good.ckpt,169,6
10,epsilon-v2,9,32,256,0.3333,1.0,az_good.ckpt,az_good.ckpt,242,6
14,epsilon-v2,9,32,256,0.7666,1.0,az_good.ckpt,az_good.ckpt,153,16
23,epsilon-v2,9,32,256,0.6,1.0,az_good.ckpt,az_good.ckpt,142,9
28,epsilon-v2,9,32,256,0.4333,1.0,az_good.ckpt,az_good.ckpt,196,12
14,epsilon-v2,9,32,256,0.9666,1.0,az_good.ckpt,az_good.ckpt,103,27
27,epsilon-v2,9,32,256,0.5666,1.0,az_good.ckpt,az_good.ckpt,187,16
3,epsilon-v2,9,32,256,0.8666,1.0,az_good.ckpt,az_good.ckpt,56,9
11,epsilon-v2,9,32,256,0.9666,1.0,az_good.ckpt,az_good.ckpt,109,15
21,epsilon-v2,9,32,256,1.0,1.0,az_good.ckpt,az_good.ckpt,50,6
22,epsilon-v2,9,32,256,0.8333,1.0,az_good.ckpt,az_good.ckpt,128,15
9,epsilon-v2,9,32,256,0.1,1.0,az_good.ckpt,az_good.ckpt,234,2
25,epsilon-v2,9,32,256,0.2666,1.0,az_good.ckpt,az_good.ckpt,204,5
23,epsilon-v2,9,32,256,0.4333,1.0,az_good.ckpt,az_good.ckpt,208,22
16,epsilon-v2,9,32,256,1.0,1.0,az_good.ckpt,az_good.ckpt,19,1
12,epsilon-v2,9,32,256,0.3666,1.0,az_good.ckpt,az_good.ckpt,228,5
17,epsilon-v2,9,32,256,0.0333,1.0,az_good.ckpt,az_good.ckpt,219,0
21,epsilon-v2,9,32,256,0.4333,1.0,az_good.ckpt,az_good.ckpt,191,19
19,epsilon-v2,9,32,256,0.6333,1.0,az_good.ckpt,az_good.ckpt,162,11
18,epsilon-v2,9,32,256,0.1333,1.0,az_good.ckpt,az_good.ckpt,239,5
6,epsilon-v2,9,32,256,0.7666,1.0,az_good.ckpt,az_good.ckpt,133,12
5,epsilon-v2,9,32,256,0.9,1.0,az_good.ckpt,az_good.ckpt,35,13
2,epsilon-v2,9,32,256,0.9,1.0,az_good.ckpt,az_good.ckpt,74,19
22,epsilon-v2,9,32,256,0.4333,1.0,az_good.ckpt,az_good.ckpt,226,3
1,epsilon-v2,9,32,256,1.0,1.0,az_good.ckpt,az_good.ckpt,50,6
15,epsilon-v2,9,32,256,0.4666,1.0,az_good.ckpt,az_good.ckpt,208,10
13,epsilon-v2,9,32,256,0.6333,1.0,az_good.ckpt,az_good.ckpt,222,8
8,epsilon-v2,9,32,256,0.2333,1.0,az_good.ckpt,az_good.ckpt,228,5
1,epsilon-v2,9,32,256,0.4333,1.0,az_good.ckpt,az_good.ckpt,177,15
11,epsilon-v2,9,32,256,0.3,1.0,az_good.ckpt,az_good.ckpt,227,3
16,epsilon-v2,9,32,256,0.2333,1.0,az_good.ckpt,az_good.ckpt,213,6
17,epsilon-v2,9,32,256,0.8333,1.0,az_good.ckpt,az_good.ckpt,72,33
9,epsilon-v2,9,32,256,0.8,1.0,az_good.ckpt,az_good.ckpt,103,10
30,epsilon-v2,9,32,256,0.5666,1.0,az_good.ckpt,az_good.ckpt,169,14
30,epsilon-v2,9,32,256,0.3,1.0,az_good.ckpt,az_good.ckpt,247,3
16,epsilon-v2,9,32,256,0.0,1.0,az_good.ckpt,az_good.ckpt,243,3
24,epsilon-v2,9,32,256,0.1,1.0,az_good.ckpt,az_good.ckpt,236,3
9,epsilon-v2,9,32,256,0.0666,1.0,az_good.ckpt,az_good.ckpt,244,3
15,epsilon-v2,9,32,256,0.1666,1.0,az_good.ckpt,az_good.ckpt,200,4
13,epsilon-v2,9,32,256,0.3,1.0,az_good.ckpt,az_good.ckpt,207,9
2,epsilon-v2,9,32,256,0.8666,1.0,az_good.ckpt,az_good.ckpt,131,15
4,epsilon-v2,9,32,256,0.0,1.0,az_good.ckpt,az_good.ckpt,245,1
10,epsilon-v2,9,32,256,0.9666,1.0,az_good.ckpt,az_good.ckpt,101,14
8,epsilon-v2,9,32,256,0.9,1.0,az_good.ckpt,az_good.ckpt,86,6
13,epsilon-v2,9,32,256,0.2333,1.0,az_good.ckpt,az_good.ckpt,244,7
30,epsilon-v2,9,32,256,0.9666,1.0,az_good.ckpt,az_good.ckpt,32,2
5,epsilon-v2,9,32,256,0.1,1.0,az_good.ckpt,az_good.ckpt,234,1
20,epsilon-v2,9,32,256,0.5,1.0,az_good.ckpt,az_good.ckpt,189,10
15,epsilon-v2,9,32,256,0.5333,1.0,az_good.ckpt,az_good.ckpt,189,11
29,epsilon-v2,9,32,256,0.2666,1.0,az_good.ckpt,az_good.ckpt,225,7
2,epsilon-v2,9,32,256,0.1333,1.0,az_good.ckpt,az_good.ckpt,242,4
11,epsilon-v2,9,32,256,0.8,1.0,az_good.ckpt,az_good.ckpt,132,8
12,epsilon-v2,9,32,256,0.3,1.0,az_good.ckpt,az_good.ckpt,210,9
13,epsilon-v2,9,32,256,0.4,1.0,az_good.ckpt,az_good.ckpt,208,9
17,epsilon-v2,9,32,256,0.6333,1.0,az_good.ckpt,az_good.ckpt,123,14
26,epsilon-v2,9,32,256,0.7666,1.0,az_good.ckpt,az_good.ckpt,69,5
4,epsilon-v2,9,32,256,0.9333,1.0,az_good.ckpt,az_good.ckpt,62,6
20,epsilon-v2,9,32,256,0.9333,1.0,az_good.ckpt,az_good.ckpt,66,7
30,epsilon-v2,9,32,256,0.9333,1.0,az_good.ckpt,az_good.ckpt,83,4
5,epsilon-v2,9,32,256,0.5,1.0,az_good.ckpt,az_good.ckpt,161,12
11,epsilon-v2,9,32,256,0.9,1.0,az_good.ckpt,az_good.ckpt,89,15
13,epsilon-v2,9,32,256,0.1333,1.0,az_good.ckpt,az_good.ckpt,212,4
10,epsilon-v2,9,32,256,0.5,1.0,az_good.ckpt,az_good.ckpt,195,15
20,epsilon-v2,9,32,256,0.4666,1.0,az_good.ckpt,az_good.ckpt,213,6
1,epsilon-v2,9,32,256,0.1333,1.0,az_good.ckpt,az_good.ckpt,240,7
14,epsilon-v2,9,32,256,0.8,1.0,az_good.ckpt,az_good.ckpt,111,11
6,epsilon-v2,9,32,256,1.0,1.0,az_good.ckpt,az_good.ckpt,50,6
26,epsilon-v2,9,32,256,0.7333,1.0,az_good.ckpt,az_good.ckpt,90,10
10,epsilon-v2,9,32,256,0.0666,1.0,az_good.ckpt,az_good.ckpt,250,3
3,epsilon-v2,9,32,256,0.3666,1.0,az_good.ckpt,az_good.ckpt,170,9
7,epsilon-v2,9,32,256,0.2666,1.0,az_good.ckpt,az_good.ckpt,212,1
26,epsilon-v2,9,32,256,0.8,1.0,az_good.ckpt,az_good.ckpt,73,8
28,epsilon-v2,9,32,256,0.9333,1.0,az_good.ckpt,az_good.ckpt,81,6
11,epsilon-v2,9,32,256,0.3333,1.0,az_good.ckpt,az_good.ckpt,210,5
9,epsilon-v2,9,32,256,0.6333,1.0,az_good.ckpt,az_good.ckpt,207,14
7,epsilon-v2,9,32,256,0.7,1.0,az_good.ckpt,az_good.ckpt,142,13
5,epsilon-v2,9,32,256,0.2,1.0,az_good.ckpt,az_good.ckpt,225,6
22,epsilon-v2,9,32,256,0.2333,1.0,az_good.ckpt,az_good.ckpt,226,0
6,epsilon-v2,9,32,256,0.0666,1.0,az_good.ckpt,az_good.ckpt,239,0
17,epsilon-v2,9,32,256,0.6,1.0,az_good.ckpt,az_good.ckpt,191,13
25,epsilon-v2,9,32,256,0.1333,1.0,az_good.ckpt,az_good.ckpt,230,2
18,epsilon-v2,9,32,256,0.4666,1.0,az_good.ckpt,az_good.ckpt,193,6
9,epsilon-v2,9,32,256,0.2333,1.0,az_good.ckpt,az_good.ckpt,221,7
4,epsilon-v2,9,32,256,0.1333,1.0,az_good.ckpt,az_good.ckpt,244,6
22,epsilon-v2,9,32,256,0.6,1.0,az_good.ckpt,az_good.ckpt,156,7
12,epsilon-v2,9,32,256,0.0666,1.0,az_good.ckpt,az_good.ckpt,237,2
3,epsilon-v2,9,32,256,0.9,1.0,az_good.ckpt,az_good.ckpt,124,12
26,epsilon-v2,9,32,256,0.8333,1.0,az_good.ckpt,az_good.ckpt,121,10
19,epsilon-v2,9,32,256,0.8666,1.0,az_good.ckpt,az_good.ckpt,149,14
1,epsilon-v2,9,32,256,0.2666,1.0,az_good.ckpt,az_good.ckpt,212,7
12,epsilon-v2,9,32,256,0.6666,1.0,az_good.ckpt,az_good.ckpt,157,7
5,epsilon-v2,9,32,256,0.9333,1.0,az_good.ckpt,az_good.ckpt,55,9
29,epsilon-v2,9,32,256,0.8666,1.0,az_good.ckpt,az_good.ckpt,108,8
2,epsilon-v2,9,32,256,0.4,1.0,az_good.ckpt,az_good.ckpt,212,18
11,epsilon-v2,9,32,256,0.5666,1.0,az_good.ckpt,az_good.ckpt,153,9
22,epsilon-v2,9,32,256,0.2666,1.0,az_good.ckpt,az_good.ckpt,205,2
4,epsilon-v2,9,32,256,0.7333,1.0,az_good.ckpt,az_good.ckpt,159,26
18,epsilon-v2,9,32,256,0.8,1.0,az_good.ckpt,az_good.ckpt,69,2
24,epsilon-v2,9,32,256,0.1666,1.0,az_good.ckpt,az_good.ckpt,221,1
23,epsilon-v2,9,32,256,0.4,1.0,az_good.ckpt,az_good.ckpt,162,13
17,epsilon-v2,9,32,256,0.0,1.0,az_good.ckpt,az_good.ckpt,242,1
17,epsilon-v2,9,32,256,0.9333,1.0,az_good.ckpt,az_good.ckpt,9,15
29,epsilon-v2,9,32,256,0.9666,1.0,az_good.ckpt,az_good.ckpt,74,3
4,epsilon-v2,9,32,256,0.8666,1.0,az_good.ckpt,az_good.ckpt,68,4
21,epsilon-v2,9,32,256,0.1,1.0,az_good.ckpt,az_good.ckpt,248,3
17,epsilon-v2,9,32,256,0.1666,1.0,az_good.ckpt,az_good.ckpt,234,4
30,epsilon-v2,9,32,256,0.0333,1.0,az_good.ckpt,az_good.ckpt,217,3
7,epsilon-v2,9,32,256,0.2,1.0,az_good.ckpt,az_good.ckpt,188,3
12,epsilon-v2,9,32,256,0.8333,1.0,az_good.ckpt,az_good.ckpt,117,12
7,epsilon-v2,9,32,256,0.9666,1.0,az_good.ckpt,az_good.ckpt,28,22
4,epsilon-v2,9,32,256,1.0,1.0,az_good.ckpt,az_good.ckpt,50,6
16,epsilon-v2,9,32,256,0.4666,1.0,az_good.ckpt,az_good.ckpt,213,13
20,epsilon-v2,9,32,256,1.0,1.0,az_good.ckpt,az_good.ckpt,50,6
16,epsilon-v2,9,32,256,0.0666,1.0,az_good.ckpt,az_good.ckpt,237,2
2,epsilon-v2,9,32,256,0.0333,1.0,az_good.ckpt,az_good.ckpt,246,1
10,epsilon-v2,9,32,256,0.3,1.0,az_good.ckpt,az_good.ckpt,214,1
4,epsilon-v2,9,32,256,0.3333,1.0,az_good.ckpt,az_good.ckpt,234,10
19,epsilon-v2,9,32,256,0.1333,1.0,az_good.ckpt,az_good.ckpt,235,3
27,epsilon-v2,9,32,256,0.2333,1.0,az_good.ckpt,az_good.ckpt,232,2
30,epsilon-v2,9,32,256,0.4333,1.0,az_good.ckpt,az_good.ckpt,169,6
15,epsilon-v2,9,32,256,0.9666,1.0,az_good.ckpt,az_good.ckpt,54,12
23,epsilon-v2,9,32,256,0.9,1.0,az_good.ckpt,az_good.ckpt,25,22
30,epsilon-v2,9,32,256,0.6333,1.0,az_good.ckpt,az_good.ckpt,127,11
24,epsilon-v2,9,32,256,0.0666,1.0,az_good.ckpt,az_good.ckpt,233,1
30,epsilon-v2,9,32,256,0.8666,1.0,az_good.ckpt,az_good.ckpt,139,31
11,epsilon-v2,9,32,256,0.1666,1.0,az_good.ckpt,az_good.ckpt,211,7
27,epsilon-v2,9,32,256,0.2,1.0,az_good.ckpt,az_good.ckpt,244,1
6,epsilon-v2,9,32,256,0.7333,1.0,az_good.ckpt,az_good.ckpt,167,12
18,epsilon-v2,9,32,256,1.0,1.0,az_good.ckpt,az_good.ckpt,50,6
9,epsilon-v2,9,32,256,1.0,1.0,az_good.ckpt,az_good.ckpt,50,6
11,epsilon-v2,9,32,256,0.2333,1.0,az_good.ckpt,az_good.ckpt,198,9
21,epsilon-v2,9,32,256,0.3333,1.0,az_good.ckpt,az_good.ckpt,162,11
21,epsilon-v2,9,32,256,0.9333,1.0,az_good.ckpt,az_good.ckpt,16,1
4,epsilon-v2,9,32,256,0.5666,1.0,az_good.ckpt,az_good.ckpt,151,8
26,epsilon-v2,9,32,256,0.4,1.0,az_good.ckpt,az_good.ckpt,189,6
23,epsilon-v2,9,32,256,0.7666,1.0,az_good.ckpt,az_good.ckpt,29,18
6,epsilon-v2,9,32,256,0.8333,1.0,az_good.ckpt,az_good.ckpt,143,14
19,epsilon-v2,9,32,256,0.7333,1.0,az_good.ckpt,az_good.ckpt,116,8
21,epsilon-v2,9,32,256,0.3666,1.0,az_good.ckpt,az_good.ckpt,227,11
19,epsilon-v2,9,32,256,0.5,1.0,az_good.ckpt,az_good.ckpt,219,8
9,epsilon-v2,9,32,256,0.3666,1.0,az_good.ckpt,az_good.ckpt,190,5
22,epsilon-v2,9,32,256,0.8666,1.0,az_good.ckpt,az_good.ckpt,77,4
28,epsilon-v2,9,32,256,0.4666,1.0,az_good.ckpt,az_good.ckpt,205,9
12,epsilon-v2,9,32,256,0.0,1.0,az_good.ckpt,az_good.ckpt,231,1
20,epsilon-v2,9,32,256,0.3333,1.0,az_good.ckpt,az_good.ckpt,221,2
20,epsilon-v2,9,32,256,0.0,1.0,az_good.ckpt,az_good.ckpt,242,0
13,epsilon-v2,9,32,256,0.8666,1.0,az_good.ckpt,az_good.ckpt,132,4
10,epsilon-v2,9,32,256,0.7,1.0,az_good.ckpt,az_good.ckpt,137,13
22,epsilon-v2,9,32,256,0.1,1.0,az_good.ckpt,az_good.ckpt,230,9
5,epsilon-v2,9,32,256,0.6,1.0,az_good.ckpt,az_good.ckpt,170,15
30,epsilon-v2,9,32,256,0.0666,1.0,az_good.ckpt,az_good.ckpt,240,0
14,epsilon-v2,9,32,256,0.1333,1.0,az_good.ckpt,az_good.ckpt,244,1
19,epsilon-v2,9,32,256,0.2,1.0,az_good.ckpt,az_good.ckpt,240,5
4,epsilon-v2,9,32,256,0.1666,1.0,az_good.ckpt,az_good.ckpt,246,2
21,epsilon-v2,9,32,256,0.9666,1.0,az_good.ckpt,az_good.ckpt,64,1
16,epsilon-v2,9,32,256,0.7666,1.0,az_good.ckpt,az_good.ckpt,176,9
26,epsilon-v2,9,32,256,0.4666,1.0,az_good.ckpt,az_good.ckpt,190,5
12,epsilon-v2,9,32,256,0.4666,1.0,az_good.ckpt,az_good.ckpt,202,5
15,epsilon-v2,9,32,256,0.9,1.0,az_good.ckpt,az_good.ckpt,72,2
28,epsilon-v2,9,32,256,0.7333,1.0,az_good.ckpt,az_good.ckpt,139,11
26,epsilon-v2,9,32,256,0.5333,1.0,az_good.ckpt,az_good.ckpt,186,10
8,epsilon-v2,9,32,256,0.6,1.0,az_good.ckpt,az_good.ckpt,189,18
26,epsilon-v2,9,32,256,0.0,1.0,az_good.ckpt,az_good.ckpt,232,2
5,epsilon-v2,9,32,256,0.4,1.0,az_good.ckpt,az_good.ckpt,194,3
6,epsilon-v2,9,32,256,0.3666,1.0,az_good.ckpt,az_good.ckpt,237,8
3,epsilon-v2,9,32,256,0.5,1.0,az_good.ckpt,az_good.ckpt,159,4
3,epsilon-v2,9,32,256,0.0666,1.0,az_good.ckpt,az_good.ckpt,241,0
3,epsilon-v2,9,32,256,0.4,1.0,az_good.ckpt,az_good.ckpt,193,13
28,epsilon-v2,9,32,256,0.5666,1.0,az_good.ckpt,az_good.ckpt,168,5
8,epsilon-v2,9,32,256,0.0,1.0,az_good.ckpt,az_good.ckpt,249,0
24,epsilon-v2,9,32,256,0.3333,1.0,az_good.ckpt,az_good.ckpt,221,10
29,epsilon-v2,9,32,256,0.9,1.0,az_good.ckpt,az_good.ckpt,147,18
14,epsilon-v2,9,32,256,0.6333,1.0,az_good.ckpt,az_good.ckpt,132,8
26,epsilon-v2,9,32,256,0.6,1.0,az_good.ckpt,az_good.ckpt,137,14
9,epsilon-v2,9,32,256,0.2666,1.0,az_good.ckpt,az_good.ckpt,210,12
29,epsilon-v2,9,32,256,0.0666,1.0,az_good.ckpt,az_good.ckpt,240,0
11,epsilon-v2,9,32,256,0.6,1.0,az_good.ckpt,az_good.ckpt,155,12
11,epsilon-v2,9,32,256,0.2,1.0,az_good.ckpt,az_good.ckpt,232,9
13,epsilon-v2,9,32,256,0.1,1.0,az_good.ckpt,az_good.ckpt,234,2
21,epsilon-v2,9,32,256,0.0,1.0,az_good.ckpt,az_good.ckpt,234,3
24,epsilon-v2,9,32,256,0.5,1.0,az_good.ckpt,az_good.ckpt,219,18
26,epsilon-v2,9,32,256,0.6333,1.0,az_good.ckpt,az_good.ckpt,195,12
23,epsilon-v2,9,32,256,0.1666,1.0,az_good.ckpt,az_good.ckpt,204,7
2,epsilon-v2,9,32,256,0.7333,1.0,az_good.ckpt,az_good.ckpt,140,7
2,epsilon-v2,9,32,256,0.2666,1.0,az_good.ckpt,az_good.ckpt,226,3
22,epsilon-v2,9,32,256,0.6333,1.0,az_good.ckpt,az_good.ckpt,205,15
5,epsilon-v2,9,32,256,0.5666,1.0,az_good.ckpt,az_good.ckpt,146,17
13,epsilon-v2,9,32,256,0.1666,1.0,az_good.ckpt,az_good.ckpt,230,3
6,epsilon-v2,9,32,256,0.9666,1.0,az_good.ckpt,az_good.ckpt,42,11
25,epsilon-v2,9,32,256,0.5333,1.0,az_good.ckpt,az_good.ckpt,205,16
7,epsilon-v2,9,32,256,0.0666,1.0,az_good.ckpt,az_good.ckpt,233,4
6,epsilon-v2,9,32,256,0.1666,1.0,az_good.ckpt,az_good.ckpt,232,3
7,epsilon-v2,9,32,256,0.3333,1.0,az_good.ckpt,az_good.ckpt,254,5
3,epsilon-v2,9,32,256,0.7666,1.0,az_good.ckpt,az_good.ckpt,153,1
4,epsilon-v2,9,32,256,0.5333,1.0,az_good.ckpt,az_good.ckpt,223,10
22,epsilon-v2,9,32,256,0.0666,1.0,az_good.ckpt,az_good.ckpt,209,9
20,epsilon-v2,9,32,256,0.2,1.0,az_good.ckpt,az_good.ckpt,208,3
3,epsilon-v2,9,32,256,0.6,1.0,az_good.ckpt,az_good.ckpt,157,9
5,epsilon-v2,9,32,256,0.3666,1.0,az_good.ckpt,az_good.ckpt,217,1
13,epsilon-v2,9,32,256,0.8,1.0,az_good.ckpt,az_good.ckpt,132,13
25,epsilon-v2,9,32,256,0.4666,1.0,az_good.ckpt,az_good.ckpt,165,12
14,epsilon-v2,9,32,256,0.4333,1.0,az_good.ckpt,az_good.ckpt,197,6
8,epsilon-v2,9,32,256,0.2,1.0,az_good.ckpt,az_good.ckpt,214,1
29,epsilon-v2,9,32,256,0.7,1.0,az_good.ckpt,az_good.ckpt,160,12
18,epsilon-v2,9,32,256,0.3333,1.0,az_good.ckpt,az_good.ckpt,206,6
22,epsilon-v2,9,32,256,0.7666,1.0,az_good.ckpt,az_good.ckpt,118,22
30,epsilon-v2,9,32,256,0.7,1.0,az_good.ckpt,az_good.ckpt,182,18
1,epsilon-v2,9,32,256,0.3333,1.0,az_good.ckpt,az_good.ckpt,222,11
3,epsilon-v2,9,32,256,0.4666,1.0,az_good.ckpt,az_good.ckpt,184,5
6,epsilon-v2,9,32,256,0.2,1.0,az_good.ckpt,az_good.ckpt,226,2
23,epsilon-v2,9,32,256,0.8666,1.0,az_good.ckpt,az_good.ckpt,116,13
11,epsilon-v2,9,32,256,0.1,1.0,az_good.ckpt,az_good.ckpt,233,3
6,epsilon-v2,9,32,256,0.8666,1.0,az_good.ckpt,az_good.ckpt,115,16
24,epsilon-v2,9,32,256,0.7666,1.0,az_good.ckpt,az_good.ckpt,112,14
24,epsilon-v2,9,32,256,0.2,1.0,az_good.ckpt,az_good.ckpt,213,5
26,epsilon-v2,9,32,256,0.4333,1.0,az_good.ckpt,az_good.ckpt,184,14
2,epsilon-v2,9,32,256,0.6333,1.0,az_good.ckpt,az_good.ckpt,202,19
21,epsilon-v2,9,32,256,0.6,1.0,az_good.ckpt,az_good.ckpt,194,23
5,epsilon-v2,9,32,256,0.7333,1.0,az_good.ckpt,az_good.ckpt,106,8
16,epsilon-v2,9,32,256,0.8,1.0,az_good.ckpt,az_good.ckpt,130,14
26,epsilon-v2,9,32,256,0.5666,1.0,az_good.ckpt,az_good.ckpt,202,15
5,epsilon-v2,9,32,256,0.3,1.0,az_good.ckpt,az_good.ckpt,196,8
20,epsilon-v2,9,32,256,0.7333,1.0,az_good.ckpt,az_good.ckpt,116,18
23,epsilon-v2,9,32,256,0.1333,1.0,az_good.ckpt,az_good.ckpt,231,8
26,epsilon-v2,9,32,256,0.2666,1.0,az_good.ckpt,az_good.ckpt,241,6
27,epsilon-v2,9,32,256,0.3,1.0,az_good.ckpt,az_good.ckpt,203,6
20,epsilon-v2,9,32,256,0.0333,1.0,az_good.ckpt,az_good.ckpt,234,2
14,epsilon-v2,9,32,256,0.0,1.0,az_good.ckpt,az_good.ckpt,246,0
6,epsilon-v2,9,32,256,0.4,1.0,az_good.ckpt,az_good.ckpt,232,10
8,epsilon-v2,9,32,256,0.3666,1.0,az_good.ckpt,az_good.ckpt,134,8
3,epsilon-v2,9,32,256,0.0333,1.0,az_good.ckpt,az_good.ckpt,243,2
27,epsilon-v2,9,32,256,0.5,1.0,az_good.ckpt,az_good.ckpt,185,16
27,epsilon-v2,9,32,256,0.6666,1.0,az_good.ckpt,az_good.ckpt,167,21
25,epsilon-v2,9,32,256,0.6,1.0,az_good.ckpt,az_good.ckpt,127,5
13,epsilon-v2,9,32,256,0.0333,1.0,az_good.ckpt,az_good.ckpt,246,1
9,epsilon-v2,9,32,256,0.7,1.0,az_good.ckpt,az_good.ckpt,158,9
22,epsilon-v2,9,32,256,0.5,1.0,az_good.ckpt,az_good.ckpt,206,15
17,epsilon-v2,9,32,256,1.0,1.0,az_good.ckpt,az_good.ckpt,50,6
2,epsilon-v2,9,32,256,0.0,1.0,az_good.ckpt,az_good.ckpt,241,0
29,epsilon-v2,9,32,256,0.7333,1.0,az_good.ckpt,az_good.ckpt,125,15
30,epsilon-v2,9,32,256,0.0,1.0,az_good.ckpt,az_good.ckpt,241,2
20,epsilon-v2,9,32,256,0.9666,1.0,az_good.ckpt,az_good.ckpt,53,10
15,epsilon-v2,9,32,256,1.0,1.0,az_good.ckpt,az_good.ckpt,50,6
18,epsilon-v2,9,32,256,0.8666,1.0,az_good.ckpt,az_good.ckpt,119,3
22,epsilon-v2,9,32,256,0.9,1.0,az_good.ckpt,az_good.ckpt,77,13
7,epsilon-v2,9,32,256,0.8666,1.0,az_good.ckpt,az_good.ckpt,114,26
12,epsilon-v2,9,32,256,0.6333,1.0,az_good.ckpt,az_good.ckpt,184,8
30,epsilon-v2,9,32,256,0.6666,1.0,az_good.ckpt,az_good.ckpt,175,14
9,epsilon-v2,9,32,256,0.1333,1.0,az_good.ckpt,az_good.ckpt,241,6
21,epsilon-v2,9,32,256,0.1666,1.0,az_good.ckpt,az_good.ckpt,183,5
19,epsilon-v2,9,32,256,0.3333,1.0,az_good.ckpt,az_good.ckpt,193,8
2,epsilon-v2,9,32,256,0.2333,1.0,az_good.ckpt,az_good.ckpt,206,6
21,epsilon-v2,9,32,256,0.8,1.0,az_good.ckpt,az_good.ckpt,157,9
6,epsilon-v2,9,32,256,0.9,1.0,az_good.ckpt,az_good.ckpt,68,10
3,epsilon-v2,9,32,256,0.1666,1.0,az_good.ckpt,az_good.ckpt,225,4
16,epsilon-v2,9,32,256,0.6,1.0,az_good.ckpt,az_good.ckpt,147,11
24,epsilon-v2,9,32,256,0.6,1.0,az_good.ckpt,az_good.ckpt,153,19
1,epsilon-v2,9,32,256,0.4,1.0,az_good.ckpt,az_good.ckpt,193,15
3,epsilon-v2,9,32,256,0.2,1.0,az_good.ckpt,az_good.ckpt,240,4
12,epsilon-v2,9,32,256,0.1333,1.0,az_good.ckpt,az_good.ckpt,244,4
14,epsilon-v2,9,32,256,0.4,1.0,az_good.ckpt,az_good.ckpt,200,7
7,epsilon-v2,9,32,256,0.6666,1.0,az_good.ckpt,az_good.ckpt,163,14
3,epsilon-v2,9,32,256,0.9333,1.0,az_good.ckpt,az_good.ckpt,102,10
26,epsilon-v2,9,32,256,0.5,1.0,az_good.ckpt,az_good.ckpt,142,5
16,epsilon-v2,9,32,256,0.1,1.0,az_good.ckpt,az_good.ckpt,231,3
22,epsilon-v2,9,32,256,0.8,1.0,az_good.ckpt,az_good.ckpt,114,9
28,epsilon-v2,9,32,256,0.5333,1.0,az_good.ckpt,az_good.ckpt,132,5
12,epsilon-v2,9,32,256,0.2666,1.0,az_good.ckpt,az_good.ckpt,227,4
2,epsilon-v2,9,32,256,0.3,1.0,az_good.ckpt,az_good.ckpt,222,6
1,epsilon-v2,9,32,256,0.6333,1.0,az_good.ckpt,az_good.ckpt,196,10
28,epsilon-v2,9,32,256,0.3333,1.0,az_good.ckpt,az_good.ckpt,237,2
3,epsilon-v2,9,32,256,0.1,1.0,az_good.ckpt,az_good.ckpt,249,2
4,epsilon-v2,9,32,256,0.7666,1.0,az_good.ckpt,az_good.ckpt,80,7
27,epsilon-v2,9,32,256,0.1666,1.0,az_good.ckpt,az_good.ckpt,247,3
4,epsilon-v2,9,32,256,0.8,1.0,az_good.ckpt,az_good.ckpt,109,20
19,epsilon-v2,9,32,256,0.6,1.0,az_good.ckpt,az_good.ckpt,167,21
13,epsilon-v2,9,32,256,0.5666,1.0,az_good.ckpt,az_good.ckpt,193,12
29,epsilon-v2,9,32,256,0.3,1.0,az_good.ckpt,az_good.ckpt,210,1
27,epsilon-v2,9,32,256,0.1333,1.0,az_good.ckpt,az_good.ckpt,236,0
13,epsilon-v2,9,32,256,0.5,1.0,az_good.ckpt,az_good.ckpt,192,17
10,epsilon-v2,9,32,256,0.2333,1.0,az_good.ckpt,az_good.ckpt,215,2
27,epsilon-v2,9,32,256,0.8666,1.0,az_good.ckpt,az_good.ckpt,103,19
23,epsilon-v2,9,32,256,0.5666,1.0,az_good.ckpt,az_good.ckpt,173,19
1,epsilon-v2,9,32,256,0.5666,1.0,az_good.ckpt,az_good.ckpt,156,7
24,epsilon-v2,9,32,256,0.6333,1.0,az_good.ckpt,az_good.ckpt,104,20
10,epsilon-v2,9,32,256,0.1,1.0,az_good.ckpt,az_good.ckpt,240,3
5,epsilon-v2,9,32,256,0.6666,1.0,az_good.ckpt,az_good.ckpt,178,14
6,epsilon-v2,9,32,256,0.1,1.0,az_good.ckpt,az_good.ckpt,236,3
14,epsilon-v2,9,32,256,0.2333,1.0,az_good.ckpt,az_good.ckpt,213,6
8,epsilon-v2,9,32,256,0.3,1.0,az_good.ckpt,az_good.ckpt,179,10
5,epsilon-v2,9,32,256,0.2666,1.0,az_good.ckpt,az_good.ckpt,231,7
23,epsilon-v2,9,32,256,0.5,1.0,az_good.ckpt,az_good.ckpt,185,10
26,epsilon-v2,9,32,256,0.2333,1.0,az_good.ckpt,az_good.ckpt,235,2
3,epsilon-v2,9,32,256,0.3333,1.0,az_good.ckpt,az_good.ckpt,208,8
18,epsilon-v2,9,32,256,0.6,1.0,az_good.ckpt,az_good.ckpt,224,19
20,epsilon-v2,9,32,256,0.3,1.0,az_good.ckpt,az_good.ckpt,221,3
23,epsilon-v2,9,32,256,0.3333,1.0,az_good.ckpt,az_good.ckpt,194,9
14,epsilon-v2,9,32,256,0.2,1.0,az_good.ckpt,az_good.ckpt,214,6
15,epsilon-v2,9,32,256,0.6,1.0,az_good.ckpt,az_good.ckpt,170,14
11,epsilon-v2,9,32,256,0.2666,1.0,az_good.ckpt,az_good.ckpt,241,6
14,epsilon-v2,9,32,256,0.5666,1.0,az_good.ckpt,az_good.ckpt,162,11
18,epsilon-v2,9,32,256,0.1666,1.0,az_good.ckpt,az_good.ckpt,237,1
1,epsilon-v2,9,32,256,0.8333,1.0,az_good.ckpt,az_good.ckpt,131,15
1,epsilon-v2,9,32,256,0.5,1.0,az_good.ckpt,az_good.ckpt,228,13
5,epsilon-v2,9,32,256,0.1666,1.0,az_good.ckpt,az_good.ckpt,221,5
21,epsilon-v2,9,32,256,0.2,1.0,az_good.ckpt,az_good.ckpt,245,6
9,epsilon-v2,9,32,256,0.8333,1.0,az_good.ckpt,az_good.ckpt,155,13
20,epsilon-v2,9,32,256,0.9,1.0,az_good.ckpt,az_good.ckpt,98,14
25,epsilon-v2,9,32,256,0.4333,1.0,az_good.ckpt,az_good.ckpt,229,8
7,epsilon-v2,9,32,256,0.7666,1.0,az_good.ckpt,az_good.ckpt,124,18
15,epsilon-v2,9,32,256,0.1,1.0,az_good.ckpt,az_good.ckpt,231,3
30,epsilon-v2,9,32,256,0.2,1.0,az_good.ckpt,az_good.ckpt,238,6
28,epsilon-v2,9,32,256,1.0,1.0,az_good.ckpt,az_good.ckpt,19,1
17,epsilon-v2,9,32,256,0.2666,1.0,az_good.ckpt,az_good.ckpt,181,8
15,epsilon-v2,9,32,256,0.1333,1.0,az_good.ckpt,az_good.ckpt,244,1
11,epsilon-v2,9,32,256,0.7666,1.0,az_good.ckpt,az_good.ckpt,124,10
16,epsilon-v2,9,32,256,0.4333,1.0,az_good.ckpt,az_good.ckpt,191,13
11,epsilon-v2,9,32,256,0.5,1.0,az_good.ckpt,az_good.ckpt,144,10
28,epsilon-v2,9,32,256,0.7,1.0,az_good.ckpt,az_good.ckpt,141,11
15,epsilon-v2,9,32,256,0.8,1.0,az_good.ckpt,az_good.ckpt,87,11
12,epsilon-v2,9,32,256,0.2333,1.0,az_good.ckpt,az_good.ckpt,226,6
28,epsilon-v2,9,32,256,0.6666,1.0,az_good.ckpt,az_good.ckpt,114,9
4,epsilon-v2,9,32,256,0.7,1.0,az_good.ckpt,az_good.ckpt,220,11
30,epsilon-v2,9,32,256,0.5,1.0,az_good.ckpt,az_good.ckpt,214,7
26,epsilon-v2,9,32,256,0.9,1.0,az_good.ckpt,az_good.ckpt,45,5
4,epsilon-v2,9,32,256,0.6333,1.0,az_good.ckpt,az_good.ckpt,179,15
17,epsilon-v2,9,32,256,0.2,1.0,az_good.ckpt,az_good.ckpt,225,4
18,epsilon-v2,9,32,256,0.4333,1.0,az_good.ckpt,az_good.ckpt,225,6
27,epsilon-v2,9,32,256,0.4333,1.0,az_good.ckpt,az_good.ckpt,193,4
10,epsilon-v2,9,32,256,0.2666,1.0,az_good.ckpt,az_good.ckpt,244,3
25,epsilon-v2,9,32,256,0.0333,1.0,az_good.ckpt,az_good.ckpt,230,4
5,epsilon-v2,9,32,256,0.8333,1.0,az_good.ckpt,az_good.ckpt,75,5
27,epsilon-v2,9,32,256,0.0666,1.0,az_good.ckpt,az_good.ckpt,245,2
29,epsilon-v2,9,32,256,0.9333,1.0,az_good.ckpt,az_good.ckpt,123,5
17,epsilon-v2,9,32,256,0.3,1.0,az_good.ckpt,az_good.ckpt,216,5
21,epsilon-v2,9,32,256,0.3,1.0,az_good.ckpt,az_good.ckpt,228,7
16,epsilon-v2,9,32,256,0.9666,1.0,az_good.ckpt,az_good.ckpt,8,0
7,epsilon-v2,9,32,256,0.4666,1.0,az_good.ckpt,az_good.ckpt,225,11
18,epsilon-v2,9,32,256,0.9,1.0,az_good.ckpt,az_good.ckpt,94,7
24,epsilon-v2,9,32,256,0.5333,1.0,az_good.ckpt,az_good.ckpt,220,16
15,epsilon-v2,9,32,256,0.2,1.0,az_good.ckpt,az_good.ckpt,239,7
2,epsilon-v2,9,32,256,0.0666,1.0,az_good.ckpt,az_good.ckpt,246,2
24,epsilon-v2,9,32,256,0.8,1.0,az_good.ckpt,az_good.ckpt,68,17
6,epsilon-v2,9,32,256,0.6,1.0,az_good.ckpt,az_good.ckpt,185,12
27,epsilon-v2,9,32,256,0.6333,1.0,az_good.ckpt,az_good.ckpt,174,10
20,epsilon-v2,9,32,256,0.4,1.0,az_good.ckpt,az_good.ckpt,211,4
14,epsilon-v2,9,32,256,0.2666,1.0,az_good.ckpt,az_good.ckpt,216,5
16,epsilon-v2,9,32,256,0.5666,1.0,az_good.ckpt,az_good.ckpt,193,7
3,epsilon-v2,9,32,256,0.6666,1.0,az_good.ckpt,az_good.ckpt,145,9
9,epsilon-v2,9,32,256,0.4666,1.0,az_good.ckpt,az_good.ckpt,182,10
16,epsilon-v2,9,32,256,0.9,1.0,az_good.ckpt,az_good.ckpt,152,15
29,epsilon-v2,9,32,256,0.4333,1.0,az_good.ckpt,az_good.ckpt,190,9
16,epsilon-v2,9,32,256,0.3,1.0,az_good.ckpt,az_good.ckpt,208,6
15,epsilon-v2,9,32,256,0.4333,1.0,az_good.ckpt,az_good.ckpt,227,13
23,epsilon-v2,9,32,256,0.2666,1.0,az_good.ckpt,az_good.ckpt,219,3
17,epsilon-v2,9,32,256,0.7,1.0,az_good.ckpt,az_good.ckpt,136,11
21,epsilon-v2,9,32,256,0.7333,1.0,az_good.ckpt,az_good.ckpt,114,9
26,epsilon-v2,9,32,256,0.7,1.0,az_good.ckpt,az_good.ckpt,214,18
19,epsilon-v2,9,32,256,0.0,1.0,az_good.ckpt,az_good.ckpt,240,3
24,epsilon-v2,9,32,256,0.4666,1.0,az_good.ckpt,az_good.ckpt,106,15
27,epsilon-v2,9,32,256,0.9666,1.0,az_good.ckpt,az_good.ckpt,100,27
29,epsilon-v2,9,32,256,0.3666,1.0,az_good.ckpt,az_good.ckpt,204,7
19,epsilon-v2,9,32,256,0.2333,1.0,az_good.ckpt,az_good.ckpt,233,8
30,epsilon-v2,9,32,256,0.2333,1.0,az_good.ckpt,az_good.ckpt,238,4
30,epsilon-v2,9,32,256,0.7333,1.0,az_good.ckpt,az_good.ckpt,157,8
6,epsilon-v2,9,32,256,0.0,1.0,az_good.ckpt,az_good.ckpt,239,0
22,epsilon-v2,9,32,256,0.3333,1.0,az_good.ckpt,az_good.ckpt,200,10
27,epsilon-v2,9,32,256,0.6,1.0,az_good.ckpt,az_good.ckpt,191,10
17,epsilon-v2,9,32,256,0.8,1.0,az_good.ckpt,az_good.ckpt,110,22
16,epsilon-v2,9,32,256,0.6666,1.0,az_good.ckpt,az_good.ckpt,172,11
27,epsilon-v2,9,32,256,0.5333,1.0,az_good.ckpt,az_good.ckpt,209,15
22,epsilon-v2,9,32,256,0.5333,1.0,az_good.ckpt,az_good.ckpt,169,9
1,epsilon-v2,9,32,256,0.9333,1.0,az_good.ckpt,az_good.ckpt,58,13
20,epsilon-v2,9,32,256,0.5666,1.0,az_good.ckpt,az_good.ckpt,180,12
11,epsilon-v2,9,32,256,0.6333,1.0,az_good.ckpt,az_good.ckpt,133,14
20,epsilon-v2,9,32,256,0.0666,1.0,az_good.ckpt,az_good.ckpt,233,2
25,epsilon-v2,9,32,256,0.9,1.0,az_good.ckpt,az_good.ckpt,174,25
13,epsilon-v2,9,32,256,0.7666,1.0,az_good.ckpt,az_good.ckpt,178,23
11,epsilon-v2,9,32,256,0.6666,1.0,az_good.ckpt,az_good.ckpt,164,7
21,epsilon-v2,9,32,256,0.7,1.0,az_good.ckpt,az_good.ckpt,96,15
13,epsilon-v2,9,32,256,0.9333,1.0,az_good.ckpt,az_good.ckpt,29,14
10,epsilon-v2,9,32,256,0.5666,1.0,az_good.ckpt,az_good.ckpt,180,14
18,epsilon-v2,9,32,256,0.3,1.0,az_good.ckpt,az_good.ckpt,213,5
6,epsilon-v2,9,32,256,0.3,1.0,az_good.ckpt,az_good.ckpt,231,10
1,epsilon-v2,9,32,256,0.0333,1.0,az_good.ckpt,az_good.ckpt,228,1
28,epsilon-v2,9,32,256,0.1,1.0,az_good.ckpt,az_good.ckpt,248,4
6,epsilon-v2,9,32,256,0.5333,1.0,az_good.ckpt,az_good.ckpt,198,11
18,epsilon-v2,9,32,256,0.2333,1.0,az_good.ckpt,az_good.ckpt,240,4
25,epsilon-v2,9,32,256,0.3666,1.0,az_good.ckpt,az_good.ckpt,225,5
2,epsilon-v2,9,32,256,0.5333,1.0,az_good.ckpt,az_good.ckpt,230,10
19,epsilon-v2,9,32,256,0.6666,1.0,az_good.ckpt,az_good.ckpt,144,7
17,epsilon-v2,9,32,256,0.1333,1.0,az_good.ckpt,az_good.ckpt,238,4
21,epsilon-v2,9,32,256,0.8333,1.0,az_good.ckpt,az_good.ckpt,128,7
7,epsilon-v2,9,32,256,0.3,1.0,az_good.ckpt,az_good.ckpt,210,8
24,epsilon-v2,9,32,256,0.9333,1.0,az_good.ckpt,az_good.ckpt,28,15
24,epsilon-v2,9,32,256,0.7,1.0,az_good.ckpt,az_good.ckpt,167,18
16,epsilon-v2,9,32,256,0.2,1.0,az_good.ckpt,az_good.ckpt,241,3
4,epsilon-v2,9,32,256,0.3,1.0,az_good.ckpt,az_good.ckpt,201,8
18,epsilon-v2,9,32,256,0.7,1.0,az_good.ckpt,az_good.ckpt,164,16
10,epsilon-v2,9,32,256,0.0333,1.0,az_good.ckpt,az_good.ckpt,240,2
30,epsilon-v2,9,32,256,0.6,1.0,az_good.ckpt,az_good.ckpt,167,7
26,epsilon-v2,9,32,256,0.3666,1.0,az_good.ckpt,az_good.ckpt,221,9
24,epsilon-v2,9,32,256,0.5666,1.0,az_good.ckpt,az_good.ckpt,167,17
26,epsilon-v2,9,32,256,0.9666,1.0,az_good.ckpt,az_good.ckpt,13,7
11,epsilon-v2,9,32,256,1.0,1.0,az_good.ckpt,az_good.ckpt,50,6
1,epsilon-v2,9,32,256,0.6666,1.0,az_good.ckpt,az_good.ckpt,159,18
15,epsilon-v2,9,32,256,0.3333,1.0,az_good.ckpt,az_good.ckpt,225,3
7,epsilon-v2,9,32,256,0.7333,1.0,az_good.ckpt,az_good.ckpt,102,6
11,epsilon-v2,9,32,256,0.4333,1.0,az_good.ckpt,az_good.ckpt,206,8
23,epsilon-v2,9,32,256,0.8333,1.0,az_good.ckpt,az_good.ckpt,112,9
28,epsilon-v2,9,32,256,0.0666,1.0,az_good.ckpt,az_good.ckpt,229,3
27,epsilon-v2,9,32,256,0.7333,1.0,az_good.ckpt,az_good.ckpt,137,5
10,epsilon-v2,9,32,256,0.4,1.0,az_good.ckpt,az_good.ckpt,198,12
28,epsilon-v2,9,32,256,0.6,1.0,az_good.ckpt,az_good.ckpt,170,5
28,epsilon-v2,9,32,256,0.2,1.0,az_good.ckpt,az_good.ckpt,229,2
19,epsilon-v2,9,32,256,0.2666,1.0,az_good.ckpt,az_good.ckpt,222,7
8,epsilon-v2,9,32,256,0.4666,1.0,az_good.ckpt,az_good.ckpt,189,13
7,epsilon-v2,9,32,256,0.9,1.0,az_good.ckpt,az_good.ckpt,42,6
6,epsilon-v2,9,32,256,0.5666,1.0,az_good.ckpt,az_good.ckpt,227,10
22,epsilon-v2,9,32,256,1.0,1.0,az_good.ckpt,az_good.ckpt,50,6
5,epsilon-v2,9,32,256,0.1333,1.0,az_good.ckpt,az_good.ckpt,242,6
14,epsilon-v2,9,32,256,0.0333,1.0,az_good.ckpt,az_good.ckpt,246,1
4,epsilon-v2,9,32,256,0.9666,1.0,az_good.ckpt,az_good.ckpt,59,9
21,epsilon-v2,9,32,256,0.2333,1.0,az_good.ckpt,az_good.ckpt,248,4
12,epsilon-v2,9,32,256,0.6,1.0,az_good.ckpt,az_good.ckpt,177,10
11,epsilon-v2,9,32,256,0.8333,1.0,az_good.ckpt,az_good.ckpt,120,28
18,epsilon-v2,9,32,256,0.7333,1.0,az_good.ckpt,az_good.ckpt,103,15
19,epsilon-v2,9,32,256,0.9333,1.0,az_good.ckpt,az_good.ckpt,19,6
12,epsilon-v2,9,32,256,0.7,1.0,az_good.ckpt,az_good.ckpt,142,7
3,epsilon-v2,9,32,256,0.9666,1.0,az_good.ckpt,az_good.ckpt,32,15
29,epsilon-v2,9,32,256,0.6333,1.0,az_good.ckpt,az_good.ckpt,133,11
25,epsilon-v2,9,32,256,0.8,1.0,az_good.ckpt,az_good.ckpt,92,8
26,epsilon-v2,9,32,256,1.0,1.0,az_good.ckpt,az_good.ckpt,19,1
20,epsilon-v2,9,32,256,0.2333,1.0,az_good.ckpt,az_good.ckpt,214,3
14,epsilon-v2,9,32,256,0.9333,1.0,az_good.ckpt,az_good.ckpt,18,2
15,epsilon-v2,9,32,256,0.7,1.0,az_good.ckpt,az_good.ckpt,104,14
30,epsilon-v2,9,32,256,0.7666,1.0,az_good.ckpt,az_good.ckpt,129,11
13,epsilon-v2,9,32,256,0.3333,1.0,az_good.ckpt,az_good.ckpt,223,8
30,epsilon-v2,9,32,256,0.9,1.0,az_good.ckpt,az_good.ckpt,43,3
15,epsilon-v2,9,32,256,0.7333,1.0,az_good.ckpt,az_good.ckpt,153,13
8,epsilon-v2,9,32,256,0.4333,1.0,az_good.ckpt,az_good.ckpt,162,12
12,epsilon-v2,9,32,256,0.0333,1.0,az_good.ckpt,az_good.ckpt,237,3
15,epsilon-v2,9,32,256,0.6333,1.0,az_good.ckpt,az_good.ckpt,141,13
2,epsilon-v2,9,32,256,0.1,1.0,az_good.ckpt,az_good.ckpt,237,1
6,epsilon-v2,9,32,256,0.6666,1.0,az_good.ckpt,az_good.ckpt,186,18
11,epsilon-v2,9,32,256,0.0,1.0,az_good.ckpt,az_good.ckpt,239,0
27,epsilon-v2,9,32,256,0.4,1.0,az_good.ckpt,az_good.ckpt,208,9
12,epsilon-v2,9,32,256,0.9,1.0,az_good.ckpt,az_good.ckpt,79,10
30,epsilon-v2,9,32,256,0.8,1.0,az_good.ckpt,az_good.ckpt,98,22
1,epsilon-v2,9,32,256,0.7,1.0,az_good.ckpt,az_good.ckpt,99,20
20,epsilon-v2,9,32,256,0.4333,1.0,az_good.ckpt,az_good.ckpt,217,17
7,epsilon-v2,9,32,256,0.5333,1.0,az_good.ckpt,az_good.ckpt,211,13
2,epsilon-v2,9,32,256,0.7666,1.0,az_good.ckpt,az_good.ckpt,108,8
16,epsilon-v2,9,32,256,0.3666,1.0,az_good.ckpt,az_good.ckpt,215,16
29,epsilon-v2,9,32,256,0.5,1.0,az_good.ckpt,az_good.ckpt,199,13
18,epsilon-v2,9,32,256,0.5,1.0,az_good.ckpt,az_good.ckpt,170,4
20,epsilon-v2,9,32,256,0.8333,1.0,az_good.ckpt,az_good.ckpt,82,11
9,epsilon-v2,9,32,256,0.3,1.0,az_good.ckpt,az_good.ckpt,242,6
2,epsilon-v2,9,32,256,0.4666,1.0,az_good.ckpt,az_good.ckpt,189,7
15,epsilon-v2,9,32,256,0.9333,1.0,az_good.ckpt,az_good.ckpt,146,22
20,epsilon-v2,9,32,256,0.7,1.0,az_good.ckpt,az_good.ckpt,162,7
17,epsilon-v2,9,32,256,0.8666,1.0,az_good.ckpt,az_good.ckpt,57,20
1,epsilon-v2,9,32,256,0.6,1.0,az_good.ckpt,az_good.ckpt,153,11
10,epsilon-v2,9,32,256,0.5333,1.0,az_good.ckpt,az_good.ckpt,156,14
11,epsilon-v2,9,32,256,0.3666,1.0,az_good.ckpt,az_good.ckpt,209,8
8,epsilon-v2,9,32,256,0.8,1.0,az_good.ckpt,az_good.ckpt,55,9
19,epsilon-v2,9,32,256,0.1666,1.0,az_good.ckpt,az_good.ckpt,233,5
4,epsilon-v2,9,32,256,0.2666,1.0,az_good.ckpt,az_good.ckpt,233,7
1,epsilon-v2,9,32,256,0.3666,1.0,az_good.ckpt,az_good.ckpt,219,3
8,epsilon-v2,9,32,256,0.0666,1.0,az_good.ckpt,az_good.ckpt,236,3
16,epsilon-v2,9,32,256,0.7333,1.0,az_good.ckpt,az_good.ckpt,194,16
7,epsilon-v2,9,32,256,0.5,1.0,az_good.ckpt,az_good.ckpt,229,11
6,epsilon-v2,9,32,256,0.0333,1.0,az_good.ckpt,az_good.ckpt,248,0
13,epsilon-v2,9,32,256,0.6,1.0,az_good.ckpt,az_good.ckpt,163,16
24,epsilon-v2,9,32,256,0.3666,1.0,az_good.ckpt,az_good.ckpt,182,16
28,epsilon-v2,9,32,256,0.0,1.0,az_good.ckpt,az_good.ckpt,230,0
4,epsilon-v2,9,32,256,0.2,1.0,az_good.ckpt,az_good.ckpt,235,2
15,epsilon-v2,9,32,256,0.3666,1.0,az_good.ckpt,az_good.ckpt,224,6
15,epsilon-v2,9,32,256,0.8333,1.0,az_good.ckpt,az_good.ckpt,45,3
30,epsilon-v2,9,32,256,0.2666,1.0,az_good.ckpt,az_good.ckpt,220,7
7,epsilon-v2,9,32,256,0.0,1.0,az_good.ckpt,az_good.ckpt,226,2
20,epsilon-v2,9,32,256,0.6,1.0,az_good.ckpt,az_good.ckpt,172,8
23,epsilon-v2,9,32,256,0.2,1.0,az_good.ckpt,az_good.ckpt,209,5
25,epsilon-v2,9,32,256,0.3,1.0,az_good.ckpt,az_good.ckpt,209,5
2,epsilon-v2,9,32,256,0.5,1.0,az_good.ckpt,az_good.ckpt,203,7
19,epsilon-v2,9,32,256,0.4666,1.0,az_good.ckpt,az_good.ckpt,139,3
17,epsilon-v2,9,32,256,0.9,1.0,az_good.ckpt,az_good.ckpt,24,30
8,epsilon-v2,9,32,256,0.2666,1.0,az_good.ckpt,az_good.ckpt,170,2
7,epsilon-v2,9,32,256,0.5666,1.0,az_good.ckpt,az_good.ckpt,161,10
13,epsilon-v2,9,32,256,0.0,1.0,az_good.ckpt,az_good.ckpt,246,1
19,epsilon-v2,9,32,256,0.0333,1.0,az_good.ckpt,az_good.ckpt,238,4
12,epsilon-v2,9,32,256,0.5333,1.0,az_good.ckpt,az_good.ckpt,168,12
6,epsilon-v2,9,32,256,0.4333,1.0,az_good.ckpt,az_good.ckpt,228,4
25,epsilon-v2,9,32,256,0.1,1.0,az_good.ckpt,az_good.ckpt,218,4
14,epsilon-v2,9,32,256,0.1,1.0,az_good.ckpt,az_good.ckpt,173,5
24,epsilon-v2,9,32,256,1.0,1.0,az_good.ckpt,az_good.ckpt,50,6
21,epsilon-v2,9,32,256,0.5333,1.0,az_good.ckpt,az_good.ckpt,146,10
17,epsilon-v2,9,32,256,0.1,1.0,az_good.ckpt,az_good.ckpt,204,4
23,epsilon-v2,9,32,256,0.9666,1.0,az_good.ckpt,az_good.ckpt,10,13
5,epsilon-v2,9,32,256,1.0,1.0,az_good.ckpt,az_good.ckpt,50,6
6,epsilon-v2,9,32,256,0.5,1.0,az_good.ckpt,az_good.ckpt,244,5
26,epsilon-v2,9,32,256,0.1,1.0,az_good.ckpt,az_good.ckpt,231,2
1,epsilon-v2,9,32,256,0.9,1.0,az_good.ckpt,az_good.ckpt,18,11
7,epsilon-v2,9,32,256,0.0333,1.0,az_good.ckpt,az_good.ckpt,247,0
25,epsilon-v2,9,32,256,0.5666,1.0,az_good.ckpt,az_good.ckpt,224,20
7,epsilon-v2,9,32,256,0.2333,1.0,az_good.ckpt,az_good.ckpt,194,3
15,epsilon-v2,9,32,256,0.0,1.0,az_good.ckpt,az_good.ckpt,247,3
27,epsilon-v2,9,32,256,0.9333,1.0,az_good.ckpt,az_good.ckpt,101,12
9,epsilon-v2,9,32,256,0.0,1.0,az_good.ckpt,az_good.ckpt,245,1
5,epsilon-v2,9,32,256,0.7,1.0,az_good.ckpt,az_good.ckpt,127,28
3,epsilon-v2,9,32,256,1.0,1.0,az_good.ckpt,az_good.ckpt,50,6
2,epsilon-v2,9,32,256,0.3333,1.0,az_good.ckpt,az_good.ckpt,244,8
26,epsilon-v2,9,32,256,0.9333,1.0,az_good.ckpt,az_good.ckpt,15,7
24,epsilon-v2,9,32,256,0.0333,1.0,az_good.ckpt,az_good.ckpt,239,2
25,epsilon-v2,9,32,256,1.0,1.0,az_good.ckpt,az_good.ckpt,50,6
30,epsilon-v2,9,32,256,0.1333,1.0,az_good.ckpt,az_good.ckpt,211,4
16,epsilon-v2,9,32,256,0.2666,1.0,az_good.ckpt,az_good.ckpt,243,6
22,epsilon-v2,9,32,256,0.7,1.0,az_good.ckpt,az_good.ckpt,123,7
8,epsilon-v2,9,32,256,0.1333,1.0,az_good.ckpt,az_good.ckpt,214,3
9,epsilon-v2,9,32,256,0.7333,1.0,az_good.ckpt,az_good.ckpt,100,10
20,epsilon-v2,9,32,256,0.1,1.0,az_good.ckpt,az_good.ckpt,223,4
29,epsilon-v2,9,32,256,0.5666,1.0,az_good.ckpt,az_good.ckpt,215,18
18,epsilon-v2,9,32,256,0.6333,1.0,az_good.ckpt,az_good.ckpt,147,6
13,epsilon-v2,9,32,256,0.8333,1.0,az_good.ckpt,az_good.ckpt,175,10
10,epsilon-v2,9,32,256,0.3666,1.0,az_good.ckpt,az_good.ckpt,240,10
9,epsilon-v2,9,32,256,0.4,1.0,az_good.ckpt,az_good.ckpt,211,13
24,epsilon-v2,9,32,256,0.9,1.0,az_good.ckpt,az_good.ckpt,135,23
26,epsilon-v2,9,32,256,0.1666,1.0,az_good.ckpt,az_good.ckpt,232,5
18,epsilon-v2,9,32,256,0.2666,1.0,az_good.ckpt,az_good.ckpt,220,4
27,epsilon-v2,9,32,256,0.1,1.0,az_good.ckpt,az_good.ckpt,229,1
28,epsilon-v2,9,32,256,0.2666,1.0,az_good.ckpt,az_good.ckpt,208,3
25,epsilon-v2,9,32,256,0.7,1.0,az_good.ckpt,az_good.ckpt,146,6
10,epsilon-v2,9,32,256,0.4666,1.0,az_good.ckpt,az_good.ckpt,184,5
27,epsilon-v2,9,32,256,0.3666,1.0,az_good.ckpt,az_good.ckpt,221,11
11,epsilon-v2,9,32,256,0.0666,1.0,az_good.ckpt,az_good.ckpt,206,1
4,epsilon-v2,9,32,256,0.4,1.0,az_good.ckpt,az_good.ckpt,206,12
8,epsilon-v2,9,32,256,0.7666,1.0,az_good.ckpt,az_good.ckpt,182,10
4,epsilon-v2,9,32,256,0.6,1.0,az_good.ckpt,az_good.ckpt,147,7
19,epsilon-v2,9,32,256,0.8333,1.0,az_good.ckpt,az_good.ckpt,104,5
18,epsilon-v2,9,32,256,0.8333,1.0,az_good.ckpt,az_good.ckpt,74,7
10,epsilon-v2,9,32,256,0.8333,1.0,az_good.ckpt,az_good.ckpt,113,14
18,epsilon-v2,9,32,256,0.4,1.0,az_good.ckpt,az_good.ckpt,240,7
28,epsilon-v2,9,32,256,0.3,1.0,az_good.ckpt,az_good.ckpt,194,3
8,epsilon-v2,9,32,256,0.8333,1.0,az_good.ckpt,az_good.ckpt,36,11
21,epsilon-v2,9,32,256,0.2666,1.0,az_good.ckpt,az_good.ckpt,224,4
16,epsilon-v2,9,32,256,0.0333,1.0,az_good.ckpt,az_good.ckpt,237,0
12,epsilon-v2,9,32,256,0.1666,1.0,az_good.ckpt,az_good.ckpt,237,0
15,epsilon-v2,9,32,256,0.3,1.0,az_good.ckpt,az_good.ckpt,227,9
18,epsilon-v2,9,32,256,0.9666,1.0,az_good.ckpt,az_good.ckpt,36,3
5,epsilon-v2,9,32,256,0.6333,1.0,az_good.ckpt,az_good.ckpt,148,15
10,epsilon-v2,9,32,256,0.0,1.0,az_good.ckpt,az_good.ckpt,240,2
11,epsilon-v2,9,32,256,0.1333,1.0,az_good.ckpt,az_good.ckpt,248,3
29,epsilon-v2,9,32,256,0.8333,1.0,az_good.ckpt,az_good.ckpt,155,23
17,epsilon-v2,9,32,256,0.0666,1.0,az_good.ckpt,az_good.ckpt,244,0
14,epsilon-v2,9,32,256,0.0666,1.0,az_good.ckpt,az_good.ckpt,222,6
15,epsilon-v2,9,32,256,0.5666,1.0,az_good.ckpt,az_good.ckpt,206,23
25,epsilon-v2,9,32,256,0.8333,1.0,az_good.ckpt,az_good.ckpt,102,16
8,epsilon-v2,9,32,256,0.7,1.0,az_good.ckpt,az_good.ckpt,97,15
28,epsilon-v2,9,32,256,0.1666,1.0,az_good.ckpt,az_good.ckpt,197,7
6,epsilon-v2,9,32,256,0.2666,1.0,az_good.ckpt,az_good.ckpt,233,5
3,epsilon-v2,9,32,256,0.5666,1.0,az_good.ckpt,az_good.ckpt,191,7
6,epsilon-v2,9,32,256,0.4666,1.0,az_good.ckpt,az_good.ckpt,198,12
21,epsilon-v2,9,32,256,0.1333,1.0,az_good.ckpt,az_good.ckpt,252,2
23,epsilon-v2,9,32,256,0.8,1.0,az_good.ckpt,az_good.ckpt,153,13
19,epsilon-v2,9,32,256,0.0666,1.0,az_good.ckpt,az_good.ckpt,244,1
4,epsilon-v2,9,32,256,0.2333,1.0,az_good.ckpt,az_good.ckpt,239,5
17,epsilon-v2,9,32,256,0.3666,1.0,az_good.ckpt,az_good.ckpt,235,4
23,epsilon-v2,9,32,256,0.7333,1.0,az_good.ckpt,az_good.ckpt,126,4
4,epsilon-v2,9,32,256,0.6666,1.0,az_good.ckpt,az_good.ckpt,167,13
4,epsilon-v2,9,32,256,0.0333,1.0,az_good.ckpt,az_good.ckpt,228,0
16,epsilon-v2,9,32,256,0.6333,1.0,az_good.ckpt,az_good.ckpt,184,22
8,epsilon-v2,9,32,256,0.3333,1.0,az_good.ckpt,az_good.ckpt,205,5
15,epsilon-v2,9,32,256,0.6666,1.0,az_good.ckpt,az_good.ckpt,101,11
9,epsilon-v2,9,32,256,0.9,1.0,az_good.ckpt,az_good.ckpt,107,19
28,epsilon-v2,9,32,256,0.1333,1.0,az_good.ckpt,az_good.ckpt,241,4
28,epsilon-v2,9,32,256,0.9,1.0,az_good.ckpt,az_good.ckpt,38,9
22,epsilon-v2,9,32,256,0.2,1.0,az_good.ckpt,az_good.ckpt,226,1
9,epsilon-v2,9,32,256,0.8666,1.0,az_good.ckpt,az_good.ckpt,93,23
24,epsilon-v2,9,32,256,0.8666,1.0,az_good.ckpt,az_good.ckpt,83,10
16,epsilon-v2,9,32,256,0.3333,1.0,az_good.ckpt,az_good.ckpt,210,4
2,epsilon-v2,9,32,256,0.8333,1.0,az_good.ckpt,az_good.ckpt,142,12
28,epsilon-v2,9,32,256,0.8333,1.0,az_good.ckpt,az_good.ckpt,129,16
5,epsilon-v2,9,32,256,0.0333,1.0,az_good.ckpt,az_good.ckpt,240,1
10,epsilon-v2,9,32,256,0.8,1.0,az_good.ckpt,az_good.ckpt,56,6
2,epsilon-v2,9,32,256,0.4333,1.0,az_good.ckpt,az_good.ckpt,181,10
22,epsilon-v2,9,32,256,0.4,1.0,az_good.ckpt,az_good.ckpt,202,14
1,epsilon-v2,9,32,256,0.8666,1.0,az_good.ckpt,az_good.ckpt,158,14
4,epsilon-v2,9,32,256,0.1,1.0,az_good.ckpt,az_good.ckpt,233,5
19,epsilon-v2,9,32,256,0.8,1.0,az_good.ckpt,az_good.ckpt,140,12
2,epsilon-v2,9,32,256,0.9333,1.0,az_good.ckpt,az_good.ckpt,113,13
14,epsilon-v2,9,32,256,0.7,1.0,az_good.ckpt,az_good.ckpt,142,13
1,epsilon-v2,9,32,256,0.5333,1.0,az_good.ckpt,az_good.ckpt,147,8
12,epsilon-v2,9,32,256,0.5666,1.0,az_good.ckpt,az_good.ckpt,205,11
28,epsilon-v2,9,32,256,0.8,1.0,az_good.ckpt,az_good.ckpt,83,21
24,epsilon-v2,9,32,256,0.6666,1.0,az_good.ckpt,az_good.ckpt,141,7
10,epsilon-v2,9,32,256,0.9,1.0,az_good.ckpt,az_good.ckpt,64,1
10,epsilon-v2,9,32,256,0.6333,1.0,az_good.ckpt,az_good.ckpt,126,25
3,epsilon-v2,9,32,256,0.2333,1.0,az_good.ckpt,az_good.ckpt,232,5
28,epsilon-v2,9,32,256,0.8666,1.0,az_good.ckpt,az_good.ckpt,93,10
14,epsilon-v2,9,32,256,1.0,1.0,az_good.ckpt,az_good.ckpt,50,6
22,epsilon-v2,9,32,256,0.6666,1.0,az_good.ckpt,az_good.ckpt,167,17
20,epsilon-v2,9,32,256,0.1666,1.0,az_good.ckpt,az_good.ckpt,238,2
27,epsilon-v2,9,32,256,0.0,1.0,az_good.ckpt,az_good.ckpt,235,1
17,epsilon-v2,9,32,256,0.4333,1.0,az_good.ckpt,az_good.ckpt,209,19
12,epsilon-v2,9,32,256,1.0,1.0,az_good.ckpt,az_good.ckpt,50,6
16,epsilon-v2,9,32,256,0.1666,1.0,az_good.ckpt,az_good.ckpt,223,1
13,epsilon-v2,9,32,256,0.7,1.0,az_good.ckpt,az_good.ckpt,118,5
12,epsilon-v2,9,32,256,0.2,1.0,az_good.ckpt,az_good.ckpt,170,5
13,epsilon-v2,9,32,256,0.9,1.0,az_good.ckpt,az_good.ckpt,158,17
10,epsilon-v2,9,32,256,0.7666,1.0,az_good.ckpt,az_good.ckpt,109,13
21,epsilon-v2,9,32,256,0.5666,1.0,az_good.ckpt,az_good.ckpt,142,14
13,epsilon-v2,9,32,256,1.0,1.0,az_good.ckpt,az_good.ckpt,50,6
8,epsilon-v2,9,32,256,0.6333,1.0,az_good.ckpt,az_good.ckpt,152,18
16,epsilon-v2,9,32,256,0.4,1.0,az_good.ckpt,az_good.ckpt,215,10
10,epsilon-v2,9,32,256,0.8666,1.0,az_good.ckpt,az_good.ckpt,91,14
20,epsilon-v2,9,32,256,0.2666,1.0,az_good.ckpt,az_good.ckpt,224,6
19,epsilon-v2,9,32,256,0.7,1.0,az_good.ckpt,az_good.ckpt,168,18
10,epsilon-v2,9,32,256,1.0,1.0,az_good.ckpt,az_good.ckpt,50,6
11,epsilon-v2,9,32,256,0.5333,1.0,az_good.ckpt,az_good.ckpt,221,10
21,epsilon-v2,9,32,256,0.5,1.0,az_good.ckpt,az_good.ckpt,174,8
1,epsilon-v2,9,32,256,0.1666,1.0,az_good.ckpt,az_good.ckpt,215,6
5,epsilon-v2,9,32,256,0.2333,1.0,az_good.ckpt,az_good.ckpt,231,8
13,epsilon-v2,9,32,256,0.4333,1.0,az_good.ckpt,az_good.ckpt,170,17
24,epsilon-v2,9,32,256,0.1333,1.0,az_good.ckpt,az_good.ckpt,226,6
9,epsilon-v2,9,32,256,0.9333,1.0,az_good.ckpt,az_good.ckpt,101,23
11,epsilon-v2,9,32,256,0.0333,1.0,az_good.ckpt,az_good.ckpt,225,4
8,epsilon-v2,9,32,256,0.5,1.0,az_good.ckpt,az_good.ckpt,181,12
5,epsilon-v2,9,32,256,0.5333,1.0,az_good.ckpt,az_good.ckpt,132,11
29,epsilon-v2,9,32,256,0.1333,1.0,az_good.ckpt,az_good.ckpt,241,0
7,epsilon-v2,9,32,256,0.6333,1.0,az_good.ckpt,az_good.ckpt,131,15
1,epsilon-v2,9,32,256,0.1,1.0,az_good.ckpt,az_good.ckpt,227,1
10,epsilon-v2,9,32,256,0.4333,1.0,az_good.ckpt,az_good.ckpt,196,2
29,epsilon-v2,9,32,256,0.0333,1.0,az_good.ckpt,az_good.ckpt,246,1
14,epsilon-v2,9,32,256,0.3333,1.0,az_good.ckpt,az_good.ckpt,172,5
7,epsilon-v2,9,32,256,0.4333,1.0,az_good.ckpt,az_good.ckpt,183,8
15,epsilon-v2,9,32,256,0.2333,1.0,az_good.ckpt,az_good.ckpt,251,1
